{
  "type": "FeatureCollection",
  "features": [
    {
      "type": "Feature",
      "geometry": {
        "type": "Point",
        "crs": {
          "type": "name",
          "properties": {
            "name": "EPSG:4326"
          }
        },
        "coordinates": [
          -63.7940694444444,
          11.0040027777778
        ]
      },
      "properties": {
        "id": "electrecidad_0"
      }
    },
    {
      "type": "Feature",
      "geometry": {
        "type": "Point",
        "crs": {
          "type": "name",
          "properties": {
            "name": "EPSG:4326"
          }
        },
        "coordinates": [
          -63.95004,
          11.09207
        ]
      },
      "properties": {
        "id": "electrecidad_1"
      }
    },
    {
      "type": "Feature",
      "geometry": {
        "type": "Point",
        "crs": {
          "type": "name",
          "properties": {
            "name": "EPSG:4326"
          }
        },
        "coordinates": [
          -64.05066,
          10.93691
        ]
      },
      "properties": {
        "id": "electrecidad_2"
      }
    },
    {
      "type": "Feature",
      "geometry": {
        "type": "Point",
        "crs": {
          "type": "name",
          "properties": {
            "name": "EPSG:4326"
          }
        },
        "coordinates": [
          -64.03266,
          10.95751
        ]
      },
      "properties": {
        "id": "electrecidad_3"
      }
    },
    {
      "type": "Feature",
      "geometry": {
        "type": "Point",
        "crs": {
          "type": "name",
          "properties": {
            "name": "EPSG:4326"
          }
        },
        "coordinates": [
          -63.96652,
          11.07765
        ]
      },
      "properties": {
        "id": "electrecidad_4"
      }
    },
    {
      "type": "Feature",
      "geometry": {
        "type": "Point",
        "crs": {
          "type": "name",
          "properties": {
            "name": "EPSG:4326"
          }
        },
        "coordinates": [
          -63.94935,
          11.02066
        ]
      },
      "properties": {
        "id": "electrecidad_5"
      }
    },
    {
      "type": "Feature",
      "geometry": {
        "type": "Point",
        "crs": {
          "type": "name",
          "properties": {
            "name": "EPSG:4326"
          }
        },
        "coordinates": [
          -63.90541,
          11.05225
        ]
      },
      "properties": {
        "id": "electrecidad_6"
      }
    },
    {
      "type": "Feature",
      "geometry": {
        "type": "Point",
        "crs": {
          "type": "name",
          "properties": {
            "name": "EPSG:4326"
          }
        },
        "coordinates": [
          -64.06334,
          10.89432
        ]
      },
      "properties": {
        "id": "electrecidad_7"
      }
    },
    {
      "type": "Feature",
      "geometry": {
        "type": "Point",
        "crs": {
          "type": "name",
          "properties": {
            "name": "EPSG:4326"
          }
        },
        "coordinates": [
          -64.08531,
          10.90256
        ]
      },
      "properties": {
        "id": "electrecidad_8"
      }
    },
    {
      "type": "Feature",
      "geometry": {
        "type": "Point",
        "crs": {
          "type": "name",
          "properties": {
            "name": "EPSG:4326"
          }
        },
        "coordinates": [
          -63.9418,
          11.01105
        ]
      },
      "properties": {
        "id": "electrecidad_9"
      }
    },
    {
      "type": "Feature",
      "geometry": {
        "type": "Point",
        "crs": {
          "type": "name",
          "properties": {
            "name": "EPSG:4326"
          }
        },
        "coordinates": [
          -63.92464,
          10.95406
        ]
      },
      "properties": {
        "id": "electrecidad_10"
      }
    },
    {
      "type": "Feature",
      "geometry": {
        "type": "Point",
        "crs": {
          "type": "name",
          "properties": {
            "name": "EPSG:4326"
          }
        },
        "coordinates": [
          -63.9495,
          11.07254
        ]
      },
      "properties": {
        "id": "electrecidad_11"
      }
    },
    {
      "type": "Feature",
      "geometry": {
        "type": "Point",
        "crs": {
          "type": "name",
          "properties": {
            "name": "EPSG:4326"
          }
        },
        "coordinates": [
          -63.96309,
          10.89775
        ]
      },
      "properties": {
        "id": "electrecidad_12"
      }
    },
    {
      "type": "Feature",
      "geometry": {
        "type": "Point",
        "crs": {
          "type": "name",
          "properties": {
            "name": "EPSG:4326"
          }
        },
        "coordinates": [
          -63.84737,
          11.10353
        ]
      },
      "properties": {
        "id": "electrecidad_13"
      }
    },
    {
      "type": "Feature",
      "geometry": {
        "type": "Point",
        "crs": {
          "type": "name",
          "properties": {
            "name": "EPSG:4326"
          }
        },
        "coordinates": [
          -63.85434,
          10.96442
        ]
      },
      "properties": {
        "id": "electrecidad_14"
      }
    },
    {
      "type": "Feature",
      "geometry": {
        "type": "Point",
        "crs": {
          "type": "name",
          "properties": {
            "name": "EPSG:4326"
          }
        },
        "coordinates": [
          -63.92588,
          11.0677
        ]
      },
      "properties": {
        "id": "electrecidad_15"
      }
    },
    {
      "type": "Feature",
      "geometry": {
        "type": "Point",
        "crs": {
          "type": "name",
          "properties": {
            "name": "EPSG:4326"
          }
        },
        "coordinates": [
          -63.9427,
          11.01201
        ]
      },
      "properties": {
        "id": "electrecidad_16"
      }
    },
    {
      "type": "Feature",
      "geometry": {
        "type": "Point",
        "crs": {
          "type": "name",
          "properties": {
            "name": "EPSG:4326"
          }
        },
        "coordinates": [
          -63.84344,
          10.96425
        ]
      },
      "properties": {
        "id": "electrecidad_17"
      }
    },
    {
      "type": "Feature",
      "geometry": {
        "type": "Point",
        "crs": {
          "type": "name",
          "properties": {
            "name": "EPSG:4326"
          }
        },
        "coordinates": [
          -63.92612,
          10.95354
        ]
      },
      "properties": {
        "id": "electrecidad_18"
      }
    },
    {
      "type": "Feature",
      "geometry": {
        "type": "Point",
        "crs": {
          "type": "name",
          "properties": {
            "name": "EPSG:4326"
          }
        },
        "coordinates": [
          -63.85432,
          10.95367
        ]
      },
      "properties": {
        "id": "electrecidad_19"
      }
    },
    {
      "type": "Feature",
      "geometry": {
        "type": "Point",
        "crs": {
          "type": "name",
          "properties": {
            "name": "EPSG:4326"
          }
        },
        "coordinates": [
          -63.82308,
          11.00216
        ]
      },
      "properties": {
        "id": "electrecidad_20"
      }
    },
    {
      "type": "Feature",
      "geometry": {
        "type": "Point",
        "crs": {
          "type": "name",
          "properties": {
            "name": "EPSG:4326"
          }
        },
        "coordinates": [
          -63.93051,
          11.08602
        ]
      },
      "properties": {
        "id": "electrecidad_21"
      }
    },
    {
      "type": "Feature",
      "geometry": {
        "type": "Point",
        "crs": {
          "type": "name",
          "properties": {
            "name": "EPSG:4326"
          }
        },
        "coordinates": [
          -63.85378,
          11.02648
        ]
      },
      "properties": {
        "id": "electrecidad_22"
      }
    },
    {
      "type": "Feature",
      "geometry": {
        "type": "Point",
        "crs": {
          "type": "name",
          "properties": {
            "name": "EPSG:4326"
          }
        },
        "coordinates": [
          -63.85803,
          11.07491
        ]
      },
      "properties": {
        "id": "electrecidad_23"
      }
    },
    {
      "type": "Feature",
      "geometry": {
        "type": "Point",
        "crs": {
          "type": "name",
          "properties": {
            "name": "EPSG:4326"
          }
        },
        "coordinates": [
          -63.85537,
          10.9535
        ]
      },
      "properties": {
        "id": "electrecidad_24"
      }
    },
    {
      "type": "Feature",
      "geometry": {
        "type": "Point",
        "crs": {
          "type": "name",
          "properties": {
            "name": "EPSG:4326"
          }
        },
        "coordinates": [
          -63.8183416666667,
          10.9856777777778
        ]
      },
      "properties": {
        "id": "electrecidad_25"
      }
    },
    {
      "type": "Feature",
      "geometry": {
        "type": "Point",
        "crs": {
          "type": "name",
          "properties": {
            "name": "EPSG:4326"
          }
        },
        "coordinates": [
          -63.9276694444444,
          11.0704916666667
        ]
      },
      "properties": {
        "id": "electrecidad_26"
      }
    },
    {
      "type": "Feature",
      "geometry": {
        "type": "Point",
        "crs": {
          "type": "name",
          "properties": {
            "name": "EPSG:4326"
          }
        },
        "coordinates": [
          -66.1665777777778,
          11.812875
        ]
      },
      "properties": {
        "id": "electrecidad_27"
      }
    },
    {
      "type": "Feature",
      "geometry": {
        "type": "Point",
        "crs": {
          "type": "name",
          "properties": {
            "name": "EPSG:4326"
          }
        },
        "coordinates": [
          -64.21025,
          10.9303944444444
        ]
      },
      "properties": {
        "id": "electrecidad_28"
      }
    },
    {
      "type": "Feature",
      "geometry": {
        "type": "Point",
        "crs": {
          "type": "name",
          "properties": {
            "name": "EPSG:4326"
          }
        },
        "coordinates": [
          -64.01215,
          11.0705888888889
        ]
      },
      "properties": {
        "id": "electrecidad_29"
      }
    },
    {
      "type": "Feature",
      "geometry": {
        "type": "Point",
        "crs": {
          "type": "name",
          "properties": {
            "name": "EPSG:4326"
          }
        },
        "coordinates": [
          -63.8561444444444,
          11.0574361111111
        ]
      },
      "properties": {
        "id": "electrecidad_30"
      }
    },
    {
      "type": "Feature",
      "geometry": {
        "type": "Point",
        "crs": {
          "type": "name",
          "properties": {
            "name": "EPSG:4326"
          }
        },
        "coordinates": [
          -63.8218388888889,
          10.9975833333333
        ]
      },
      "properties": {
        "id": "electrecidad_31"
      }
    },
    {
      "type": "Feature",
      "geometry": {
        "type": "Point",
        "crs": {
          "type": "name",
          "properties": {
            "name": "EPSG:4326"
          }
        },
        "coordinates": [
          -63.8874333333333,
          11.0488888888889
        ]
      },
      "properties": {
        "id": "electrecidad_32"
      }
    },
    {
      "type": "Feature",
      "geometry": {
        "type": "Point",
        "crs": {
          "type": "name",
          "properties": {
            "name": "EPSG:4326"
          }
        },
        "coordinates": [
          -63.82655,
          10.9543583333333
        ]
      },
      "properties": {
        "id": "electrecidad_33"
      }
    },
    {
      "type": "Feature",
      "geometry": {
        "type": "Point",
        "crs": {
          "type": "name",
          "properties": {
            "name": "EPSG:4326"
          }
        },
        "coordinates": [
          -63.9851305555556,
          10.9649583333333
        ]
      },
      "properties": {
        "id": "electrecidad_34"
      }
    },
    {
      "type": "Feature",
      "geometry": {
        "type": "Point",
        "crs": {
          "type": "name",
          "properties": {
            "name": "EPSG:4326"
          }
        },
        "coordinates": [
          -63.9719361111111,
          11.0839027777778
        ]
      },
      "properties": {
        "id": "electrecidad_35"
      }
    },
    {
      "type": "Feature",
      "geometry": {
        "type": "Point",
        "crs": {
          "type": "name",
          "properties": {
            "name": "EPSG:4326"
          }
        },
        "coordinates": [
          -67.9764083333333,
          10.4770472222222
        ]
      },
      "properties": {
        "id": "electrecidad_36"
      }
    },
    {
      "type": "Feature",
      "geometry": {
        "type": "Point",
        "crs": {
          "type": "name",
          "properties": {
            "name": "EPSG:4326"
          }
        },
        "coordinates": [
          -63.8608611111111,
          10.9759833333333
        ]
      },
      "properties": {
        "id": "electrecidad_37"
      }
    },
    {
      "type": "Feature",
      "geometry": {
        "type": "Point",
        "crs": {
          "type": "name",
          "properties": {
            "name": "EPSG:4326"
          }
        },
        "coordinates": [
          -68.0142777777778,
          10.24595
        ]
      },
      "properties": {
        "id": "electrecidad_38"
      }
    },
    {
      "type": "Feature",
      "geometry": {
        "type": "Point",
        "crs": {
          "type": "name",
          "properties": {
            "name": "EPSG:4326"
          }
        },
        "coordinates": [
          -64.15123,
          10.96024
        ]
      },
      "properties": {
        "id": "electrecidad_39"
      }
    },
    {
      "type": "Feature",
      "geometry": {
        "type": "Point",
        "crs": {
          "type": "name",
          "properties": {
            "name": "EPSG:4326"
          }
        },
        "coordinates": [
          -63.8099444444444,
          10.993025
        ]
      },
      "properties": {
        "id": "electrecidad_40"
      }
    },
    {
      "type": "Feature",
      "geometry": {
        "type": "Point",
        "crs": {
          "type": "name",
          "properties": {
            "name": "EPSG:4326"
          }
        },
        "coordinates": [
          -63.8099444444444,
          10.993025
        ]
      },
      "properties": {
        "id": "electrecidad_41"
      }
    },
    {
      "type": "Feature",
      "geometry": {
        "type": "Point",
        "crs": {
          "type": "name",
          "properties": {
            "name": "EPSG:4326"
          }
        },
        "coordinates": [
          -64.39911,
          10.97465
        ]
      },
      "properties": {
        "id": "electrecidad_42"
      }
    },
    {
      "type": "Feature",
      "geometry": {
        "type": "Point",
        "crs": {
          "type": "name",
          "properties": {
            "name": "EPSG:4326"
          }
        },
        "coordinates": [
          -64.18144,
          10.96848
        ]
      },
      "properties": {
        "id": "electrecidad_43"
      }
    },
    {
      "type": "Feature",
      "geometry": {
        "type": "Point",
        "crs": {
          "type": "name",
          "properties": {
            "name": "EPSG:4326"
          }
        },
        "coordinates": [
          -64.10486,
          10.90178
        ]
      },
      "properties": {
        "id": "electrecidad_44"
      }
    },
    {
      "type": "Feature",
      "geometry": {
        "type": "Point",
        "crs": {
          "type": "name",
          "properties": {
            "name": "EPSG:4326"
          }
        },
        "coordinates": [
          -64.1756611111111,
          10.9704111111111
        ]
      },
      "properties": {
        "id": "electrecidad_45"
      }
    },
    {
      "type": "Feature",
      "geometry": {
        "type": "Point",
        "crs": {
          "type": "name",
          "properties": {
            "name": "EPSG:4326"
          }
        },
        "coordinates": [
          -64.11214,
          10.93024
        ]
      },
      "properties": {
        "id": "electrecidad_46"
      }
    },
    {
      "type": "Feature",
      "geometry": {
        "type": "Point",
        "crs": {
          "type": "name",
          "properties": {
            "name": "EPSG:4326"
          }
        },
        "coordinates": [
          -63.9814305555556,
          10.7940944444444
        ]
      },
      "properties": {
        "id": "electrecidad_47"
      }
    },
    {
      "type": "Feature",
      "geometry": {
        "type": "Point",
        "crs": {
          "type": "name",
          "properties": {
            "name": "EPSG:4326"
          }
        },
        "coordinates": [
          -63.8122972222222,
          10.9964861111111
        ]
      },
      "properties": {
        "id": "electrecidad_48"
      }
    },
    {
      "type": "Feature",
      "geometry": {
        "type": "Point",
        "crs": {
          "type": "name",
          "properties": {
            "name": "EPSG:4326"
          }
        },
        "coordinates": [
          -63.8818,
          10.9848472222222
        ]
      },
      "properties": {
        "id": "electrecidad_49"
      }
    },
    {
      "type": "Feature",
      "geometry": {
        "type": "Point",
        "crs": {
          "type": "name",
          "properties": {
            "name": "EPSG:4326"
          }
        },
        "coordinates": [
          -64.0951833333333,
          10.9000527777778
        ]
      },
      "properties": {
        "id": "electrecidad_50"
      }
    },
    {
      "type": "Feature",
      "geometry": {
        "type": "Point",
        "crs": {
          "type": "name",
          "properties": {
            "name": "EPSG:4326"
          }
        },
        "coordinates": [
          -63.8264055555556,
          10.9543
        ]
      },
      "properties": {
        "id": "electrecidad_51"
      }
    },
    {
      "type": "Feature",
      "geometry": {
        "type": "Point",
        "crs": {
          "type": "name",
          "properties": {
            "name": "EPSG:4326"
          }
        },
        "coordinates": [
          -63.9158888888889,
          11.128825
        ]
      },
      "properties": {
        "id": "electrecidad_52"
      }
    },
    {
      "type": "Feature",
      "geometry": {
        "type": "Point",
        "crs": {
          "type": "name",
          "properties": {
            "name": "EPSG:4326"
          }
        },
        "coordinates": [
          -63.8052416666667,
          10.9877555555556
        ]
      },
      "properties": {
        "id": "electrecidad_53"
      }
    },
    {
      "type": "Feature",
      "geometry": {
        "type": "Point",
        "crs": {
          "type": "name",
          "properties": {
            "name": "EPSG:4326"
          }
        },
        "coordinates": [
          -63.8998305555556,
          10.7396083333333
        ]
      },
      "properties": {
        "id": "electrecidad_54"
      }
    },
    {
      "type": "Feature",
      "geometry": {
        "type": "Point",
        "crs": {
          "type": "name",
          "properties": {
            "name": "EPSG:4326"
          }
        },
        "coordinates": [
          -63.8096777777778,
          10.9949333333333
        ]
      },
      "properties": {
        "id": "electrecidad_55"
      }
    },
    {
      "type": "Feature",
      "geometry": {
        "type": "Point",
        "crs": {
          "type": "name",
          "properties": {
            "name": "EPSG:4326"
          }
        },
        "coordinates": [
          -63.8385666666667,
          10.9602527777778
        ]
      },
      "properties": {
        "id": "electrecidad_56"
      }
    },
    {
      "type": "Feature",
      "geometry": {
        "type": "Point",
        "crs": {
          "type": "name",
          "properties": {
            "name": "EPSG:4326"
          }
        },
        "coordinates": [
          -63.9245694444444,
          11.0688333333333
        ]
      },
      "properties": {
        "id": "electrecidad_57"
      }
    },
    {
      "type": "Feature",
      "geometry": {
        "type": "Point",
        "crs": {
          "type": "name",
          "properties": {
            "name": "EPSG:4326"
          }
        },
        "coordinates": [
          -64.0406444444444,
          10.9439083333333
        ]
      },
      "properties": {
        "id": "electrecidad_58"
      }
    },
    {
      "type": "Feature",
      "geometry": {
        "type": "Point",
        "crs": {
          "type": "name",
          "properties": {
            "name": "EPSG:4326"
          }
        },
        "coordinates": [
          -64.39911,
          10.97465
        ]
      },
      "properties": {
        "id": "electrecidad_59"
      }
    },
    {
      "type": "Feature",
      "geometry": {
        "type": "Point",
        "crs": {
          "type": "name",
          "properties": {
            "name": "EPSG:4326"
          }
        },
        "coordinates": [
          -64.09545,
          10.94753
        ]
      },
      "properties": {
        "id": "electrecidad_60"
      }
    },
    {
      "type": "Feature",
      "geometry": {
        "type": "Point",
        "crs": {
          "type": "name",
          "properties": {
            "name": "EPSG:4326"
          }
        },
        "coordinates": [
          -64.10647,
          10.90097
        ]
      },
      "properties": {
        "id": "electrecidad_61"
      }
    },
    {
      "type": "Feature",
      "geometry": {
        "type": "Point",
        "crs": {
          "type": "name",
          "properties": {
            "name": "EPSG:4326"
          }
        },
        "coordinates": [
          -64.01918,
          10.99618
        ]
      },
      "properties": {
        "id": "electrecidad_62"
      }
    },
    {
      "type": "Feature",
      "geometry": {
        "type": "Point",
        "crs": {
          "type": "name",
          "properties": {
            "name": "EPSG:4326"
          }
        },
        "coordinates": [
          -64.10486,
          10.90178
        ]
      },
      "properties": {
        "id": "electrecidad_63"
      }
    },
    {
      "type": "Feature",
      "geometry": {
        "type": "Point",
        "crs": {
          "type": "name",
          "properties": {
            "name": "EPSG:4326"
          }
        },
        "coordinates": [
          -63.92612,
          10.95354
        ]
      },
      "properties": {
        "id": "electrecidad_64"
      }
    },
    {
      "type": "Feature",
      "geometry": {
        "type": "Point",
        "crs": {
          "type": "name",
          "properties": {
            "name": "EPSG:4326"
          }
        },
        "coordinates": [
          -63.86166,
          11.03474
        ]
      },
      "properties": {
        "id": "electrecidad_65"
      }
    },
    {
      "type": "Feature",
      "geometry": {
        "type": "Point",
        "crs": {
          "type": "name",
          "properties": {
            "name": "EPSG:4326"
          }
        },
        "coordinates": [
          -63.8558,
          10.96148
        ]
      },
      "properties": {
        "id": "electrecidad_66"
      }
    },
    {
      "type": "Feature",
      "geometry": {
        "type": "Point",
        "crs": {
          "type": "name",
          "properties": {
            "name": "EPSG:4326"
          }
        },
        "coordinates": [
          -63.83853,
          11.00798
        ]
      },
      "properties": {
        "id": "electrecidad_67"
      }
    },
    {
      "type": "Feature",
      "geometry": {
        "type": "Point",
        "crs": {
          "type": "name",
          "properties": {
            "name": "EPSG:4326"
          }
        },
        "coordinates": [
          -63.83765,
          10.97279
        ]
      },
      "properties": {
        "id": "electrecidad_68"
      }
    },
    {
      "type": "Feature",
      "geometry": {
        "type": "Point",
        "crs": {
          "type": "name",
          "properties": {
            "name": "EPSG:4326"
          }
        },
        "coordinates": [
          -63.83679,
          11.03025
        ]
      },
      "properties": {
        "id": "electrecidad_69"
      }
    },
    {
      "type": "Feature",
      "geometry": {
        "type": "Point",
        "crs": {
          "type": "name",
          "properties": {
            "name": "EPSG:4326"
          }
        },
        "coordinates": [
          -64.0324527777778,
          10.8765888888889
        ]
      },
      "properties": {
        "id": "electrecidad_70"
      }
    },
    {
      "type": "Feature",
      "geometry": {
        "type": "Point",
        "crs": {
          "type": "name",
          "properties": {
            "name": "EPSG:4326"
          }
        },
        "coordinates": [
          -63.86754,
          11.03186
        ]
      },
      "properties": {
        "id": "electrecidad_71"
      }
    },
    {
      "type": "Feature",
      "geometry": {
        "type": "Point",
        "crs": {
          "type": "name",
          "properties": {
            "name": "EPSG:4326"
          }
        },
        "coordinates": [
          -63.8519611111111,
          11.1150527777778
        ]
      },
      "properties": {
        "id": "electrecidad_72"
      }
    },
    {
      "type": "Feature",
      "geometry": {
        "type": "Point",
        "crs": {
          "type": "name",
          "properties": {
            "name": "EPSG:4326"
          }
        },
        "coordinates": [
          -63.1328305555556,
          11.3576027777778
        ]
      },
      "properties": {
        "id": "electrecidad_73"
      }
    },
    {
      "type": "Feature",
      "geometry": {
        "type": "Point",
        "crs": {
          "type": "name",
          "properties": {
            "name": "EPSG:4326"
          }
        },
        "coordinates": [
          -66.9463888888889,
          10.6005555555556
        ]
      },
      "properties": {
        "id": "electrecidad_74"
      }
    },
    {
      "type": "Feature",
      "geometry": {
        "type": "Point",
        "crs": {
          "type": "name",
          "properties": {
            "name": "EPSG:4326"
          }
        },
        "coordinates": [
          -63.8368083333333,
          10.9908277777778
        ]
      },
      "properties": {
        "id": "electrecidad_75"
      }
    },
    {
      "type": "Feature",
      "geometry": {
        "type": "Point",
        "crs": {
          "type": "name",
          "properties": {
            "name": "EPSG:4326"
          }
        },
        "coordinates": [
          -63.8470694444444,
          10.9577694444444
        ]
      },
      "properties": {
        "id": "electrecidad_76"
      }
    },
    {
      "type": "Feature",
      "geometry": {
        "type": "Point",
        "crs": {
          "type": "name",
          "properties": {
            "name": "EPSG:4326"
          }
        },
        "coordinates": [
          -63.8394888888889,
          10.95925
        ]
      },
      "properties": {
        "id": "electrecidad_77"
      }
    },
    {
      "type": "Feature",
      "geometry": {
        "type": "Point",
        "crs": {
          "type": "name",
          "properties": {
            "name": "EPSG:4326"
          }
        },
        "coordinates": [
          -63.8408583333333,
          10.9588583333333
        ]
      },
      "properties": {
        "id": "electrecidad_78"
      }
    },
    {
      "type": "Feature",
      "geometry": {
        "type": "Point",
        "crs": {
          "type": "name",
          "properties": {
            "name": "EPSG:4326"
          }
        },
        "coordinates": [
          -63.9630888888889,
          11.0755888888889
        ]
      },
      "properties": {
        "id": "electrecidad_79"
      }
    },
    {
      "type": "Feature",
      "geometry": {
        "type": "Point",
        "crs": {
          "type": "name",
          "properties": {
            "name": "EPSG:4326"
          }
        },
        "coordinates": [
          -66.8102444444444,
          10.4716583333333
        ]
      },
      "properties": {
        "id": "electrecidad_80"
      }
    },
    {
      "type": "Feature",
      "geometry": {
        "type": "Point",
        "crs": {
          "type": "name",
          "properties": {
            "name": "EPSG:4326"
          }
        },
        "coordinates": [
          -66.9547777777778,
          10.5163138888889
        ]
      },
      "properties": {
        "id": "electrecidad_81"
      }
    },
    {
      "type": "Feature",
      "geometry": {
        "type": "Point",
        "crs": {
          "type": "name",
          "properties": {
            "name": "EPSG:4326"
          }
        },
        "coordinates": [
          -71.3104833333333,
          10.2087138888889
        ]
      },
      "properties": {
        "id": "electrecidad_82"
      }
    },
    {
      "type": "Feature",
      "geometry": {
        "type": "Point",
        "crs": {
          "type": "name",
          "properties": {
            "name": "EPSG:4326"
          }
        },
        "coordinates": [
          -62.2983388888889,
          10.5739138888889
        ]
      },
      "properties": {
        "id": "electrecidad_83"
      }
    },
    {
      "type": "Feature",
      "geometry": {
        "type": "Point",
        "crs": {
          "type": "name",
          "properties": {
            "name": "EPSG:4326"
          }
        },
        "coordinates": [
          -63.8221888888889,
          10.9886638888889
        ]
      },
      "properties": {
        "id": "electrecidad_84"
      }
    },
    {
      "type": "Feature",
      "geometry": {
        "type": "Point",
        "crs": {
          "type": "name",
          "properties": {
            "name": "EPSG:4326"
          }
        },
        "coordinates": [
          -63.8416666666667,
          10.9565888888889
        ]
      },
      "properties": {
        "id": "electrecidad_85"
      }
    },
    {
      "type": "Feature",
      "geometry": {
        "type": "Point",
        "crs": {
          "type": "name",
          "properties": {
            "name": "EPSG:4326"
          }
        },
        "coordinates": [
          -63.84578,
          10.96043
        ]
      },
      "properties": {
        "id": "electrecidad_86"
      }
    },
    {
      "type": "Feature",
      "geometry": {
        "type": "Point",
        "crs": {
          "type": "name",
          "properties": {
            "name": "EPSG:4326"
          }
        },
        "coordinates": [
          -63.87091,
          11.14668
        ]
      },
      "properties": {
        "id": "electrecidad_87"
      }
    },
    {
      "type": "Feature",
      "geometry": {
        "type": "Point",
        "crs": {
          "type": "name",
          "properties": {
            "name": "EPSG:4326"
          }
        },
        "coordinates": [
          -63.82424,
          10.96363
        ]
      },
      "properties": {
        "id": "electrecidad_88"
      }
    },
    {
      "type": "Feature",
      "geometry": {
        "type": "Point",
        "crs": {
          "type": "name",
          "properties": {
            "name": "EPSG:4326"
          }
        },
        "coordinates": [
          -63.9623055555556,
          10.8970722222222
        ]
      },
      "properties": {
        "id": "electrecidad_89"
      }
    },
    {
      "type": "Feature",
      "geometry": {
        "type": "Point",
        "crs": {
          "type": "name",
          "properties": {
            "name": "EPSG:4326"
          }
        },
        "coordinates": [
          -66.1936333333333,
          11.8079666666667
        ]
      },
      "properties": {
        "id": "electrecidad_90"
      }
    },
    {
      "type": "Feature",
      "geometry": {
        "type": "Point",
        "crs": {
          "type": "name",
          "properties": {
            "name": "EPSG:4326"
          }
        },
        "coordinates": [
          -63.8415138888889,
          10.9663861111111
        ]
      },
      "properties": {
        "id": "electrecidad_91"
      }
    },
    {
      "type": "Feature",
      "geometry": {
        "type": "Point",
        "crs": {
          "type": "name",
          "properties": {
            "name": "EPSG:4326"
          }
        },
        "coordinates": [
          -63.9459777777778,
          11.0084555555556
        ]
      },
      "properties": {
        "id": "electrecidad_92"
      }
    },
    {
      "type": "Feature",
      "geometry": {
        "type": "Point",
        "crs": {
          "type": "name",
          "properties": {
            "name": "EPSG:4326"
          }
        },
        "coordinates": [
          -63.8575638888889,
          10.9513055555556
        ]
      },
      "properties": {
        "id": "electrecidad_93"
      }
    },
    {
      "type": "Feature",
      "geometry": {
        "type": "Point",
        "crs": {
          "type": "name",
          "properties": {
            "name": "EPSG:4326"
          }
        },
        "coordinates": [
          -63.8248527777778,
          10.9941277777778
        ]
      },
      "properties": {
        "id": "electrecidad_94"
      }
    },
    {
      "type": "Feature",
      "geometry": {
        "type": "Point",
        "crs": {
          "type": "name",
          "properties": {
            "name": "EPSG:4326"
          }
        },
        "coordinates": [
          -63.8694361111111,
          11.1508083333333
        ]
      },
      "properties": {
        "id": "electrecidad_95"
      }
    },
    {
      "type": "Feature",
      "geometry": {
        "type": "Point",
        "crs": {
          "type": "name",
          "properties": {
            "name": "EPSG:4326"
          }
        },
        "coordinates": [
          -64.0938527777778,
          10.9004194444444
        ]
      },
      "properties": {
        "id": "electrecidad_96"
      }
    },
    {
      "type": "Feature",
      "geometry": {
        "type": "Point",
        "crs": {
          "type": "name",
          "properties": {
            "name": "EPSG:4326"
          }
        },
        "coordinates": [
          -63.9763083333333,
          11.0854527777778
        ]
      },
      "properties": {
        "id": "electrecidad_97"
      }
    },
    {
      "type": "Feature",
      "geometry": {
        "type": "Point",
        "crs": {
          "type": "name",
          "properties": {
            "name": "EPSG:4326"
          }
        },
        "coordinates": [
          -63.8349833333333,
          10.9778472222222
        ]
      },
      "properties": {
        "id": "electrecidad_98"
      }
    },
    {
      "type": "Feature",
      "geometry": {
        "type": "Point",
        "crs": {
          "type": "name",
          "properties": {
            "name": "EPSG:4326"
          }
        },
        "coordinates": [
          -63.8567194444444,
          10.9623194444444
        ]
      },
      "properties": {
        "id": "electrecidad_99"
      }
    },
    {
      "type": "Feature",
      "geometry": {
        "type": "Point",
        "crs": {
          "type": "name",
          "properties": {
            "name": "EPSG:4326"
          }
        },
        "coordinates": [
          -63.9673388888889,
          10.9545277777778
        ]
      },
      "properties": {
        "id": "electrecidad_100"
      }
    },
    {
      "type": "Feature",
      "geometry": {
        "type": "Point",
        "crs": {
          "type": "name",
          "properties": {
            "name": "EPSG:4326"
          }
        },
        "coordinates": [
          -63.9167777777778,
          10.9463916666667
        ]
      },
      "properties": {
        "id": "electrecidad_101"
      }
    },
    {
      "type": "Feature",
      "geometry": {
        "type": "Point",
        "crs": {
          "type": "name",
          "properties": {
            "name": "EPSG:4326"
          }
        },
        "coordinates": [
          -64.29133,
          11.01997
        ]
      },
      "properties": {
        "id": "electrecidad_102"
      }
    },
    {
      "type": "Feature",
      "geometry": {
        "type": "Point",
        "crs": {
          "type": "name",
          "properties": {
            "name": "EPSG:4326"
          }
        },
        "coordinates": [
          -64.10604,
          10.90217
        ]
      },
      "properties": {
        "id": "electrecidad_103"
      }
    },
    {
      "type": "Feature",
      "geometry": {
        "type": "Point",
        "crs": {
          "type": "name",
          "properties": {
            "name": "EPSG:4326"
          }
        },
        "coordinates": [
          -64.05066,
          10.93691
        ]
      },
      "properties": {
        "id": "electrecidad_104"
      }
    },
    {
      "type": "Feature",
      "geometry": {
        "type": "Point",
        "crs": {
          "type": "name",
          "properties": {
            "name": "EPSG:4326"
          }
        },
        "coordinates": [
          -63.92464,
          10.95406
        ]
      },
      "properties": {
        "id": "electrecidad_105"
      }
    },
    {
      "type": "Feature",
      "geometry": {
        "type": "Point",
        "crs": {
          "type": "name",
          "properties": {
            "name": "EPSG:4326"
          }
        },
        "coordinates": [
          -63.937,
          11.01173
        ]
      },
      "properties": {
        "id": "electrecidad_106"
      }
    },
    {
      "type": "Feature",
      "geometry": {
        "type": "Point",
        "crs": {
          "type": "name",
          "properties": {
            "name": "EPSG:4326"
          }
        },
        "coordinates": [
          -63.8381,
          10.97174
        ]
      },
      "properties": {
        "id": "electrecidad_107"
      }
    },
    {
      "type": "Feature",
      "geometry": {
        "type": "Point",
        "crs": {
          "type": "name",
          "properties": {
            "name": "EPSG:4326"
          }
        },
        "coordinates": [
          -63.85378,
          11.02648
        ]
      },
      "properties": {
        "id": "electrecidad_108"
      }
    },
    {
      "type": "Feature",
      "geometry": {
        "type": "Point",
        "crs": {
          "type": "name",
          "properties": {
            "name": "EPSG:4326"
          }
        },
        "coordinates": [
          -63.86994,
          11.04156
        ]
      },
      "properties": {
        "id": "electrecidad_109"
      }
    },
    {
      "type": "Feature",
      "geometry": {
        "type": "Point",
        "crs": {
          "type": "name",
          "properties": {
            "name": "EPSG:4326"
          }
        },
        "coordinates": [
          -63.86902,
          10.99525
        ]
      },
      "properties": {
        "id": "electrecidad_110"
      }
    },
    {
      "type": "Feature",
      "geometry": {
        "type": "Point",
        "crs": {
          "type": "name",
          "properties": {
            "name": "EPSG:4326"
          }
        },
        "coordinates": [
          -63.86078,
          10.97603
        ]
      },
      "properties": {
        "id": "electrecidad_111"
      }
    },
    {
      "type": "Feature",
      "geometry": {
        "type": "Point",
        "crs": {
          "type": "name",
          "properties": {
            "name": "EPSG:4326"
          }
        },
        "coordinates": [
          -63.8882527777778,
          10.93685
        ]
      },
      "properties": {
        "id": "electrecidad_112"
      }
    },
    {
      "type": "Feature",
      "geometry": {
        "type": "Point",
        "crs": {
          "type": "name",
          "properties": {
            "name": "EPSG:4326"
          }
        },
        "coordinates": [
          -63.8077666666667,
          10.9934555555556
        ]
      },
      "properties": {
        "id": "electrecidad_113"
      }
    },
    {
      "type": "Feature",
      "geometry": {
        "type": "Point",
        "crs": {
          "type": "name",
          "properties": {
            "name": "EPSG:4326"
          }
        },
        "coordinates": [
          -64.180275,
          10.9761
        ]
      },
      "properties": {
        "id": "electrecidad_114"
      }
    },
    {
      "type": "Feature",
      "geometry": {
        "type": "Point",
        "crs": {
          "type": "name",
          "properties": {
            "name": "EPSG:4326"
          }
        },
        "coordinates": [
          -64.183325,
          10.9523722222222
        ]
      },
      "properties": {
        "id": "electrecidad_115"
      }
    },
    {
      "type": "Feature",
      "geometry": {
        "type": "Point",
        "crs": {
          "type": "name",
          "properties": {
            "name": "EPSG:4326"
          }
        },
        "coordinates": [
          -64.0186277777778,
          10.9978888888889
        ]
      },
      "properties": {
        "id": "electrecidad_116"
      }
    },
    {
      "type": "Feature",
      "geometry": {
        "type": "Point",
        "crs": {
          "type": "name",
          "properties": {
            "name": "EPSG:4326"
          }
        },
        "coordinates": [
          -63.8422388888889,
          11.1064888888889
        ]
      },
      "properties": {
        "id": "electrecidad_117"
      }
    },
    {
      "type": "Feature",
      "geometry": {
        "type": "Point",
        "crs": {
          "type": "name",
          "properties": {
            "name": "EPSG:4326"
          }
        },
        "coordinates": [
          -63.9865166666667,
          10.7902583333333
        ]
      },
      "properties": {
        "id": "electrecidad_118"
      }
    },
    {
      "type": "Feature",
      "geometry": {
        "type": "Point",
        "crs": {
          "type": "name",
          "properties": {
            "name": "EPSG:4326"
          }
        },
        "coordinates": [
          -63.8543388888889,
          10.9583888888889
        ]
      },
      "properties": {
        "id": "electrecidad_119"
      }
    },
    {
      "type": "Feature",
      "geometry": {
        "type": "Point",
        "crs": {
          "type": "name",
          "properties": {
            "name": "EPSG:4326"
          }
        },
        "coordinates": [
          -64.0866583333333,
          10.9031777777778
        ]
      },
      "properties": {
        "id": "electrecidad_120"
      }
    },
    {
      "type": "Feature",
      "geometry": {
        "type": "Point",
        "crs": {
          "type": "name",
          "properties": {
            "name": "EPSG:4326"
          }
        },
        "coordinates": [
          -63.9858777777778,
          10.9648083333333
        ]
      },
      "properties": {
        "id": "electrecidad_121"
      }
    },
    {
      "type": "Feature",
      "geometry": {
        "type": "Point",
        "crs": {
          "type": "name",
          "properties": {
            "name": "EPSG:4326"
          }
        },
        "coordinates": [
          -66.9217166666667,
          10.6032472222222
        ]
      },
      "properties": {
        "id": "electrecidad_122"
      }
    },
    {
      "type": "Feature",
      "geometry": {
        "type": "Point",
        "crs": {
          "type": "name",
          "properties": {
            "name": "EPSG:4326"
          }
        },
        "coordinates": [
          -67.7767833333333,
          10.4885472222222
        ]
      },
      "properties": {
        "id": "electrecidad_123"
      }
    },
    {
      "type": "Feature",
      "geometry": {
        "type": "Point",
        "crs": {
          "type": "name",
          "properties": {
            "name": "EPSG:4326"
          }
        },
        "coordinates": [
          -71.6229361111111,
          10.7119361111111
        ]
      },
      "properties": {
        "id": "electrecidad_124"
      }
    },
    {
      "type": "Feature",
      "geometry": {
        "type": "Point",
        "crs": {
          "type": "name",
          "properties": {
            "name": "EPSG:4326"
          }
        },
        "coordinates": [
          -67.0299305555556,
          10.6013
        ]
      },
      "properties": {
        "id": "electrecidad_125"
      }
    },
    {
      "type": "Feature",
      "geometry": {
        "type": "Point",
        "crs": {
          "type": "name",
          "properties": {
            "name": "EPSG:4326"
          }
        },
        "coordinates": [
          -63.86955,
          11.150425
        ]
      },
      "properties": {
        "id": "electrecidad_126"
      }
    },
    {
      "type": "Feature",
      "geometry": {
        "type": "Point",
        "crs": {
          "type": "name",
          "properties": {
            "name": "EPSG:4326"
          }
        },
        "coordinates": [
          -63.96433,
          11.07321
        ]
      },
      "properties": {
        "id": "electrecidad_127"
      }
    },
    {
      "type": "Feature",
      "geometry": {
        "type": "Point",
        "crs": {
          "type": "name",
          "properties": {
            "name": "EPSG:4326"
          }
        },
        "coordinates": [
          -63.8603,
          11.03173
        ]
      },
      "properties": {
        "id": "electrecidad_128"
      }
    },
    {
      "type": "Feature",
      "geometry": {
        "type": "Point",
        "crs": {
          "type": "name",
          "properties": {
            "name": "EPSG:4326"
          }
        },
        "coordinates": [
          -63.85985,
          11.14136
        ]
      },
      "properties": {
        "id": "electrecidad_129"
      }
    },
    {
      "type": "Feature",
      "geometry": {
        "type": "Point",
        "crs": {
          "type": "name",
          "properties": {
            "name": "EPSG:4326"
          }
        },
        "coordinates": [
          -63.84829,
          10.95487
        ]
      },
      "properties": {
        "id": "electrecidad_130"
      }
    },
    {
      "type": "Feature",
      "geometry": {
        "type": "Point",
        "crs": {
          "type": "name",
          "properties": {
            "name": "EPSG:4326"
          }
        },
        "coordinates": [
          -63.83456,
          11.00422
        ]
      },
      "properties": {
        "id": "electrecidad_131"
      }
    },
    {
      "type": "Feature",
      "geometry": {
        "type": "Point",
        "crs": {
          "type": "name",
          "properties": {
            "name": "EPSG:4326"
          }
        },
        "coordinates": [
          -63.8420861111111,
          10.9633777777778
        ]
      },
      "properties": {
        "id": "electrecidad_132"
      }
    },
    {
      "type": "Feature",
      "geometry": {
        "type": "Point",
        "crs": {
          "type": "name",
          "properties": {
            "name": "EPSG:4326"
          }
        },
        "coordinates": [
          -63.872825,
          10.9659472222222
        ]
      },
      "properties": {
        "id": "electrecidad_133"
      }
    },
    {
      "type": "Feature",
      "geometry": {
        "type": "Point",
        "crs": {
          "type": "name",
          "properties": {
            "name": "EPSG:4326"
          }
        },
        "coordinates": [
          -64.09495,
          10.8991888888889
        ]
      },
      "properties": {
        "id": "electrecidad_134"
      }
    },
    {
      "type": "Feature",
      "geometry": {
        "type": "Point",
        "crs": {
          "type": "name",
          "properties": {
            "name": "EPSG:4326"
          }
        },
        "coordinates": [
          -64.0200472222222,
          11.0504194444444
        ]
      },
      "properties": {
        "id": "electrecidad_135"
      }
    },
    {
      "type": "Feature",
      "geometry": {
        "type": "Point",
        "crs": {
          "type": "name",
          "properties": {
            "name": "EPSG:4326"
          }
        },
        "coordinates": [
          -63.8571888888889,
          11.0576916666667
        ]
      },
      "properties": {
        "id": "electrecidad_136"
      }
    },
    {
      "type": "Feature",
      "geometry": {
        "type": "Point",
        "crs": {
          "type": "name",
          "properties": {
            "name": "EPSG:4326"
          }
        },
        "coordinates": [
          -63.8719444444444,
          10.9951722222222
        ]
      },
      "properties": {
        "id": "electrecidad_137"
      }
    },
    {
      "type": "Feature",
      "geometry": {
        "type": "Point",
        "crs": {
          "type": "name",
          "properties": {
            "name": "EPSG:4326"
          }
        },
        "coordinates": [
          -63.2490972222222,
          10.6705944444444
        ]
      },
      "properties": {
        "id": "electrecidad_138"
      }
    },
    {
      "type": "Feature",
      "geometry": {
        "type": "Point",
        "crs": {
          "type": "name",
          "properties": {
            "name": "EPSG:4326"
          }
        },
        "coordinates": [
          -63.6185027777778,
          15.6696944444444
        ]
      },
      "properties": {
        "id": "electrecidad_139"
      }
    },
    {
      "type": "Feature",
      "geometry": {
        "type": "Point",
        "crs": {
          "type": "name",
          "properties": {
            "name": "EPSG:4326"
          }
        },
        "coordinates": [
          -63.9503583333333,
          11.0896777777778
        ]
      },
      "properties": {
        "id": "electrecidad_140"
      }
    },
    {
      "type": "Feature",
      "geometry": {
        "type": "Point",
        "crs": {
          "type": "name",
          "properties": {
            "name": "EPSG:4326"
          }
        },
        "coordinates": [
          -64.3696527777778,
          11.0304805555556
        ]
      },
      "properties": {
        "id": "electrecidad_141"
      }
    },
    {
      "type": "Feature",
      "geometry": {
        "type": "Point",
        "crs": {
          "type": "name",
          "properties": {
            "name": "EPSG:4326"
          }
        },
        "coordinates": [
          -63.971675,
          11.0837694444444
        ]
      },
      "properties": {
        "id": "electrecidad_142"
      }
    },
    {
      "type": "Feature",
      "geometry": {
        "type": "Point",
        "crs": {
          "type": "name",
          "properties": {
            "name": "EPSG:4326"
          }
        },
        "coordinates": [
          -63.9733555555556,
          10.9157666666667
        ]
      },
      "properties": {
        "id": "electrecidad_143"
      }
    },
    {
      "type": "Feature",
      "geometry": {
        "type": "Point",
        "crs": {
          "type": "name",
          "properties": {
            "name": "EPSG:4326"
          }
        },
        "coordinates": [
          -63.8415805555556,
          11.1048555555556
        ]
      },
      "properties": {
        "id": "electrecidad_144"
      }
    },
    {
      "type": "Feature",
      "geometry": {
        "type": "Point",
        "crs": {
          "type": "name",
          "properties": {
            "name": "EPSG:4326"
          }
        },
        "coordinates": [
          -64.0239694444444,
          10.8792777777778
        ]
      },
      "properties": {
        "id": "electrecidad_145"
      }
    },
    {
      "type": "Feature",
      "geometry": {
        "type": "Point",
        "crs": {
          "type": "name",
          "properties": {
            "name": "EPSG:4326"
          }
        },
        "coordinates": [
          -64.1831416666667,
          10.9517972222222
        ]
      },
      "properties": {
        "id": "electrecidad_146"
      }
    },
    {
      "type": "Feature",
      "geometry": {
        "type": "Point",
        "crs": {
          "type": "name",
          "properties": {
            "name": "EPSG:4326"
          }
        },
        "coordinates": [
          -63.8594861111111,
          10.9529388888889
        ]
      },
      "properties": {
        "id": "electrecidad_147"
      }
    },
    {
      "type": "Feature",
      "geometry": {
        "type": "Point",
        "crs": {
          "type": "name",
          "properties": {
            "name": "EPSG:4326"
          }
        },
        "coordinates": [
          -64.1568055555556,
          10.9606388888889
        ]
      },
      "properties": {
        "id": "electrecidad_148"
      }
    },
    {
      "type": "Feature",
      "geometry": {
        "type": "Point",
        "crs": {
          "type": "name",
          "properties": {
            "name": "EPSG:4326"
          }
        },
        "coordinates": [
          -63.9227388888889,
          10.9473888888889
        ]
      },
      "properties": {
        "id": "electrecidad_149"
      }
    },
    {
      "type": "Feature",
      "geometry": {
        "type": "Point",
        "crs": {
          "type": "name",
          "properties": {
            "name": "EPSG:4326"
          }
        },
        "coordinates": [
          -63.9898222222222,
          10.790475
        ]
      },
      "properties": {
        "id": "electrecidad_150"
      }
    },
    {
      "type": "Feature",
      "geometry": {
        "type": "Point",
        "crs": {
          "type": "name",
          "properties": {
            "name": "EPSG:4326"
          }
        },
        "coordinates": [
          -64.15123,
          10.96024
        ]
      },
      "properties": {
        "id": "electrecidad_151"
      }
    },
    {
      "type": "Feature",
      "geometry": {
        "type": "Point",
        "crs": {
          "type": "name",
          "properties": {
            "name": "EPSG:4326"
          }
        },
        "coordinates": [
          -64.09963,
          10.94577
        ]
      },
      "properties": {
        "id": "electrecidad_152"
      }
    },
    {
      "type": "Feature",
      "geometry": {
        "type": "Point",
        "crs": {
          "type": "name",
          "properties": {
            "name": "EPSG:4326"
          }
        },
        "coordinates": [
          -63.9418,
          11.01105
        ]
      },
      "properties": {
        "id": "electrecidad_153"
      }
    },
    {
      "type": "Feature",
      "geometry": {
        "type": "Point",
        "crs": {
          "type": "name",
          "properties": {
            "name": "EPSG:4326"
          }
        },
        "coordinates": [
          -63.92588,
          11.0677
        ]
      },
      "properties": {
        "id": "electrecidad_154"
      }
    },
    {
      "type": "Feature",
      "geometry": {
        "type": "Point",
        "crs": {
          "type": "name",
          "properties": {
            "name": "EPSG:4326"
          }
        },
        "coordinates": [
          -64.01499,
          11.00015
        ]
      },
      "properties": {
        "id": "electrecidad_155"
      }
    },
    {
      "type": "Feature",
      "geometry": {
        "type": "Point",
        "crs": {
          "type": "name",
          "properties": {
            "name": "EPSG:4326"
          }
        },
        "coordinates": [
          -63.84059,
          11.02386
        ]
      },
      "properties": {
        "id": "electrecidad_156"
      }
    },
    {
      "type": "Feature",
      "geometry": {
        "type": "Point",
        "crs": {
          "type": "name",
          "properties": {
            "name": "EPSG:4326"
          }
        },
        "coordinates": [
          -63.82308,
          11.00216
        ]
      },
      "properties": {
        "id": "electrecidad_157"
      }
    },
    {
      "type": "Feature",
      "geometry": {
        "type": "Point",
        "crs": {
          "type": "name",
          "properties": {
            "name": "EPSG:4326"
          }
        },
        "coordinates": [
          -63.84737,
          11.10353
        ]
      },
      "properties": {
        "id": "electrecidad_158"
      }
    },
    {
      "type": "Feature",
      "geometry": {
        "type": "Point",
        "crs": {
          "type": "name",
          "properties": {
            "name": "EPSG:4326"
          }
        },
        "coordinates": [
          -63.88618,
          10.98221
        ]
      },
      "properties": {
        "id": "electrecidad_159"
      }
    },
    {
      "type": "Feature",
      "geometry": {
        "type": "Point",
        "crs": {
          "type": "name",
          "properties": {
            "name": "EPSG:4326"
          }
        },
        "coordinates": [
          -63.86807,
          11.03916
        ]
      },
      "properties": {
        "id": "electrecidad_160"
      }
    },
    {
      "type": "Feature",
      "geometry": {
        "type": "Point",
        "crs": {
          "type": "name",
          "properties": {
            "name": "EPSG:4326"
          }
        },
        "coordinates": [
          -63.8884416666667,
          10.9393
        ]
      },
      "properties": {
        "id": "electrecidad_161"
      }
    },
    {
      "type": "Feature",
      "geometry": {
        "type": "Point",
        "crs": {
          "type": "name",
          "properties": {
            "name": "EPSG:4326"
          }
        },
        "coordinates": [
          -63.95125,
          11.0638111111111
        ]
      },
      "properties": {
        "id": "electrecidad_162"
      }
    },
    {
      "type": "Feature",
      "geometry": {
        "type": "Point",
        "crs": {
          "type": "name",
          "properties": {
            "name": "EPSG:4326"
          }
        },
        "coordinates": [
          -63.8416694444444,
          10.9874888888889
        ]
      },
      "properties": {
        "id": "electrecidad_163"
      }
    },
    {
      "type": "Feature",
      "geometry": {
        "type": "Point",
        "crs": {
          "type": "name",
          "properties": {
            "name": "EPSG:4326"
          }
        },
        "coordinates": [
          -62.2975,
          10.5713888888889
        ]
      },
      "properties": {
        "id": "electrecidad_164"
      }
    },
    {
      "type": "Feature",
      "geometry": {
        "type": "Point",
        "crs": {
          "type": "name",
          "properties": {
            "name": "EPSG:4326"
          }
        },
        "coordinates": [
          -63.9247,
          11.0684888888889
        ]
      },
      "properties": {
        "id": "electrecidad_165"
      }
    },
    {
      "type": "Feature",
      "geometry": {
        "type": "Point",
        "crs": {
          "type": "name",
          "properties": {
            "name": "EPSG:4326"
          }
        },
        "coordinates": [
          -63.9114777777778,
          11.13655
        ]
      },
      "properties": {
        "id": "electrecidad_166"
      }
    },
    {
      "type": "Feature",
      "geometry": {
        "type": "Point",
        "crs": {
          "type": "name",
          "properties": {
            "name": "EPSG:4326"
          }
        },
        "coordinates": [
          -63.8551944444444,
          11.0303611111111
        ]
      },
      "properties": {
        "id": "electrecidad_167"
      }
    },
    {
      "type": "Feature",
      "geometry": {
        "type": "Point",
        "crs": {
          "type": "name",
          "properties": {
            "name": "EPSG:4326"
          }
        },
        "coordinates": [
          -63.9240777777778,
          11.0699083333333
        ]
      },
      "properties": {
        "id": "electrecidad_168"
      }
    },
    {
      "type": "Feature",
      "geometry": {
        "type": "Point",
        "crs": {
          "type": "name",
          "properties": {
            "name": "EPSG:4326"
          }
        },
        "coordinates": [
          -63.8198388888889,
          10.9902277777778
        ]
      },
      "properties": {
        "id": "electrecidad_169"
      }
    },
    {
      "type": "Feature",
      "geometry": {
        "type": "Point",
        "crs": {
          "type": "name",
          "properties": {
            "name": "EPSG:4326"
          }
        },
        "coordinates": [
          -63.8477277777778,
          10.9602388888889
        ]
      },
      "properties": {
        "id": "electrecidad_170"
      }
    },
    {
      "type": "Feature",
      "geometry": {
        "type": "Point",
        "crs": {
          "type": "name",
          "properties": {
            "name": "EPSG:4326"
          }
        },
        "coordinates": [
          -64.6628472222222,
          10.1785138888889
        ]
      },
      "properties": {
        "id": "electrecidad_171"
      }
    },
    {
      "type": "Feature",
      "geometry": {
        "type": "Point",
        "crs": {
          "type": "name",
          "properties": {
            "name": "EPSG:4326"
          }
        },
        "coordinates": [
          -66.3771833333333,
          10.2841555555556
        ]
      },
      "properties": {
        "id": "electrecidad_172"
      }
    },
    {
      "type": "Feature",
      "geometry": {
        "type": "Point",
        "crs": {
          "type": "name",
          "properties": {
            "name": "EPSG:4326"
          }
        },
        "coordinates": [
          -66.9570916666667,
          10.595825
        ]
      },
      "properties": {
        "id": "electrecidad_173"
      }
    },
    {
      "type": "Feature",
      "geometry": {
        "type": "Point",
        "crs": {
          "type": "name",
          "properties": {
            "name": "EPSG:4326"
          }
        },
        "coordinates": [
          -70.1755138888889,
          11.6938916666667
        ]
      },
      "properties": {
        "id": "electrecidad_174"
      }
    },
    {
      "type": "Feature",
      "geometry": {
        "type": "Point",
        "crs": {
          "type": "name",
          "properties": {
            "name": "EPSG:4326"
          }
        },
        "coordinates": [
          -63.8186388888889,
          10.9804638888889
        ]
      },
      "properties": {
        "id": "electrecidad_175"
      }
    },
    {
      "type": "Feature",
      "geometry": {
        "type": "Point",
        "crs": {
          "type": "name",
          "properties": {
            "name": "EPSG:4326"
          }
        },
        "coordinates": [
          -63.8199666666667,
          10.9803444444444
        ]
      },
      "properties": {
        "id": "electrecidad_176"
      }
    },
    {
      "type": "Feature",
      "geometry": {
        "type": "Point",
        "crs": {
          "type": "name",
          "properties": {
            "name": "EPSG:4326"
          }
        },
        "coordinates": [
          -64.29249,
          11.01978
        ]
      },
      "properties": {
        "id": "electrecidad_177"
      }
    },
    {
      "type": "Feature",
      "geometry": {
        "type": "Point",
        "crs": {
          "type": "name",
          "properties": {
            "name": "EPSG:4326"
          }
        },
        "coordinates": [
          -63.92185,
          11.10965
        ]
      },
      "properties": {
        "id": "electrecidad_178"
      }
    },
    {
      "type": "Feature",
      "geometry": {
        "type": "Point",
        "crs": {
          "type": "name",
          "properties": {
            "name": "EPSG:4326"
          }
        },
        "coordinates": [
          -63.85372,
          11.08853
        ]
      },
      "properties": {
        "id": "electrecidad_179"
      }
    },
    {
      "type": "Feature",
      "geometry": {
        "type": "Point",
        "crs": {
          "type": "name",
          "properties": {
            "name": "EPSG:4326"
          }
        },
        "coordinates": [
          -63.86483,
          11.12754
        ]
      },
      "properties": {
        "id": "electrecidad_180"
      }
    },
    {
      "type": "Feature",
      "geometry": {
        "type": "Point",
        "crs": {
          "type": "name",
          "properties": {
            "name": "EPSG:4326"
          }
        },
        "coordinates": [
          -63.8226222222222,
          10.9664444444444
        ]
      },
      "properties": {
        "id": "electrecidad_181"
      }
    },
    {
      "type": "Feature",
      "geometry": {
        "type": "Point",
        "crs": {
          "type": "name",
          "properties": {
            "name": "EPSG:4326"
          }
        },
        "coordinates": [
          -64.0879222222222,
          10.8977416666667
        ]
      },
      "properties": {
        "id": "electrecidad_182"
      }
    },
    {
      "type": "Feature",
      "geometry": {
        "type": "Point",
        "crs": {
          "type": "name",
          "properties": {
            "name": "EPSG:4326"
          }
        },
        "coordinates": [
          -63.818675,
          11.0178694444444
        ]
      },
      "properties": {
        "id": "electrecidad_183"
      }
    },
    {
      "type": "Feature",
      "geometry": {
        "type": "Point",
        "crs": {
          "type": "name",
          "properties": {
            "name": "EPSG:4326"
          }
        },
        "coordinates": [
          -64.5858666666667,
          11.8207694444444
        ]
      },
      "properties": {
        "id": "electrecidad_184"
      }
    },
    {
      "type": "Feature",
      "geometry": {
        "type": "Point",
        "crs": {
          "type": "name",
          "properties": {
            "name": "EPSG:4326"
          }
        },
        "coordinates": [
          -63.8969472222222,
          10.8805277777778
        ]
      },
      "properties": {
        "id": "electrecidad_185"
      }
    },
    {
      "type": "Feature",
      "geometry": {
        "type": "Point",
        "crs": {
          "type": "name",
          "properties": {
            "name": "EPSG:4326"
          }
        },
        "coordinates": [
          -64.2491305555556,
          11.0732666666667
        ]
      },
      "properties": {
        "id": "electrecidad_186"
      }
    },
    {
      "type": "Feature",
      "geometry": {
        "type": "Point",
        "crs": {
          "type": "name",
          "properties": {
            "name": "EPSG:4326"
          }
        },
        "coordinates": [
          -63.8659805555556,
          10.9947444444444
        ]
      },
      "properties": {
        "id": "electrecidad_187"
      }
    },
    {
      "type": "Feature",
      "geometry": {
        "type": "Point",
        "crs": {
          "type": "name",
          "properties": {
            "name": "EPSG:4326"
          }
        },
        "coordinates": [
          -67.9992833333333,
          10.4908333333333
        ]
      },
      "properties": {
        "id": "electrecidad_188"
      }
    },
    {
      "type": "Feature",
      "geometry": {
        "type": "Point",
        "crs": {
          "type": "name",
          "properties": {
            "name": "EPSG:4326"
          }
        },
        "coordinates": [
          -63.2529944444444,
          10.6666305555556
        ]
      },
      "properties": {
        "id": "electrecidad_189"
      }
    },
    {
      "type": "Feature",
      "geometry": {
        "type": "Point",
        "crs": {
          "type": "name",
          "properties": {
            "name": "EPSG:4326"
          }
        },
        "coordinates": [
          -63.1451083333333,
          9.74557777777778
        ]
      },
      "properties": {
        "id": "electrecidad_190"
      }
    },
    {
      "type": "Feature",
      "geometry": {
        "type": "Point",
        "crs": {
          "type": "name",
          "properties": {
            "name": "EPSG:4326"
          }
        },
        "coordinates": [
          -63.8177916666667,
          10.9864861111111
        ]
      },
      "properties": {
        "id": "electrecidad_191"
      }
    },
    {
      "type": "Feature",
      "geometry": {
        "type": "Point",
        "crs": {
          "type": "name",
          "properties": {
            "name": "EPSG:4326"
          }
        },
        "coordinates": [
          -64.38025,
          11.0119638888889
        ]
      },
      "properties": {
        "id": "electrecidad_192"
      }
    },
    {
      "type": "Feature",
      "geometry": {
        "type": "Point",
        "crs": {
          "type": "name",
          "properties": {
            "name": "EPSG:4326"
          }
        },
        "coordinates": [
          -63.9249,
          11.0704527777778
        ]
      },
      "properties": {
        "id": "electrecidad_193"
      }
    },
    {
      "type": "Feature",
      "geometry": {
        "type": "Point",
        "crs": {
          "type": "name",
          "properties": {
            "name": "EPSG:4326"
          }
        },
        "coordinates": [
          -63.8582055555556,
          10.9517472222222
        ]
      },
      "properties": {
        "id": "electrecidad_194"
      }
    },
    {
      "type": "Feature",
      "geometry": {
        "type": "Point",
        "crs": {
          "type": "name",
          "properties": {
            "name": "EPSG:4326"
          }
        },
        "coordinates": [
          -63.8421944444444,
          10.957125
        ]
      },
      "properties": {
        "id": "electrecidad_195"
      }
    },
    {
      "type": "Feature",
      "geometry": {
        "type": "Point",
        "crs": {
          "type": "name",
          "properties": {
            "name": "EPSG:4326"
          }
        },
        "coordinates": [
          -63.8173555555556,
          10.9882527777778
        ]
      },
      "properties": {
        "id": "electrecidad_196"
      }
    },
    {
      "type": "Feature",
      "geometry": {
        "type": "Point",
        "crs": {
          "type": "name",
          "properties": {
            "name": "EPSG:4326"
          }
        },
        "coordinates": [
          -64.0945027777778,
          10.8985944444444
        ]
      },
      "properties": {
        "id": "electrecidad_197"
      }
    },
    {
      "type": "Feature",
      "geometry": {
        "type": "Point",
        "crs": {
          "type": "name",
          "properties": {
            "name": "EPSG:4326"
          }
        },
        "coordinates": [
          -63.8410666666667,
          10.9712805555556
        ]
      },
      "properties": {
        "id": "electrecidad_198"
      }
    },
    {
      "type": "Feature",
      "geometry": {
        "type": "Point",
        "crs": {
          "type": "name",
          "properties": {
            "name": "EPSG:4326"
          }
        },
        "coordinates": [
          -63.8675833333333,
          10.9815611111111
        ]
      },
      "properties": {
        "id": "electrecidad_199"
      }
    },
    {
      "type": "Feature",
      "geometry": {
        "type": "Point",
        "crs": {
          "type": "name",
          "properties": {
            "name": "EPSG:4326"
          }
        },
        "coordinates": [
          -63.96055,
          11.0753027777778
        ]
      },
      "properties": {
        "id": "electrecidad_200"
      }
    },
    {
      "type": "Feature",
      "geometry": {
        "type": "Point",
        "crs": {
          "type": "name",
          "properties": {
            "name": "EPSG:4326"
          }
        },
        "coordinates": [
          -63.8396194444444,
          10.9746083333333
        ]
      },
      "properties": {
        "id": "electrecidad_201"
      }
    },
    {
      "type": "Feature",
      "geometry": {
        "type": "Point",
        "crs": {
          "type": "name",
          "properties": {
            "name": "EPSG:4326"
          }
        },
        "coordinates": [
          -64.37561,
          11.0136
        ]
      },
      "properties": {
        "id": "electrecidad_202"
      }
    },
    {
      "type": "Feature",
      "geometry": {
        "type": "Point",
        "crs": {
          "type": "name",
          "properties": {
            "name": "EPSG:4326"
          }
        },
        "coordinates": [
          -64.37705,
          11.00643
        ]
      },
      "properties": {
        "id": "electrecidad_203"
      }
    },
    {
      "type": "Feature",
      "geometry": {
        "type": "Point",
        "crs": {
          "type": "name",
          "properties": {
            "name": "EPSG:4326"
          }
        },
        "coordinates": [
          -63.95004,
          11.09207
        ]
      },
      "properties": {
        "id": "electrecidad_204"
      }
    },
    {
      "type": "Feature",
      "geometry": {
        "type": "Point",
        "crs": {
          "type": "name",
          "properties": {
            "name": "EPSG:4326"
          }
        },
        "coordinates": [
          -63.96652,
          11.07765
        ]
      },
      "properties": {
        "id": "electrecidad_205"
      }
    },
    {
      "type": "Feature",
      "geometry": {
        "type": "Point",
        "crs": {
          "type": "name",
          "properties": {
            "name": "EPSG:4326"
          }
        },
        "coordinates": [
          -63.93051,
          11.08602
        ]
      },
      "properties": {
        "id": "electrecidad_206"
      }
    },
    {
      "type": "Feature",
      "geometry": {
        "type": "Point",
        "crs": {
          "type": "name",
          "properties": {
            "name": "EPSG:4326"
          }
        },
        "coordinates": [
          -63.84666,
          10.963
        ]
      },
      "properties": {
        "id": "electrecidad_207"
      }
    },
    {
      "type": "Feature",
      "geometry": {
        "type": "Point",
        "crs": {
          "type": "name",
          "properties": {
            "name": "EPSG:4326"
          }
        },
        "coordinates": [
          -63.83518,
          10.97867
        ]
      },
      "properties": {
        "id": "electrecidad_208"
      }
    },
    {
      "type": "Feature",
      "geometry": {
        "type": "Point",
        "crs": {
          "type": "name",
          "properties": {
            "name": "EPSG:4326"
          }
        },
        "coordinates": [
          -63.85537,
          10.9535
        ]
      },
      "properties": {
        "id": "electrecidad_209"
      }
    },
    {
      "type": "Feature",
      "geometry": {
        "type": "Point",
        "crs": {
          "type": "name",
          "properties": {
            "name": "EPSG:4326"
          }
        },
        "coordinates": [
          -63.79898,
          10.99937
        ]
      },
      "properties": {
        "id": "electrecidad_210"
      }
    },
    {
      "type": "Feature",
      "geometry": {
        "type": "Point",
        "crs": {
          "type": "name",
          "properties": {
            "name": "EPSG:4326"
          }
        },
        "coordinates": [
          -63.86352,
          11.0289
        ]
      },
      "properties": {
        "id": "electrecidad_211"
      }
    },
    {
      "type": "Feature",
      "geometry": {
        "type": "Point",
        "crs": {
          "type": "name",
          "properties": {
            "name": "EPSG:4326"
          }
        },
        "coordinates": [
          -64.1794694444445,
          10.9756972222222
        ]
      },
      "properties": {
        "id": "electrecidad_212"
      }
    },
    {
      "type": "Feature",
      "geometry": {
        "type": "Point",
        "crs": {
          "type": "name",
          "properties": {
            "name": "EPSG:4326"
          }
        },
        "coordinates": [
          -63.8516277777778,
          11.1153944444444
        ]
      },
      "properties": {
        "id": "electrecidad_213"
      }
    },
    {
      "type": "Feature",
      "geometry": {
        "type": "Point",
        "crs": {
          "type": "name",
          "properties": {
            "name": "EPSG:4326"
          }
        },
        "coordinates": [
          -63.984175,
          10.7741888888889
        ]
      },
      "properties": {
        "id": "electrecidad_214"
      }
    },
    {
      "type": "Feature",
      "geometry": {
        "type": "Point",
        "crs": {
          "type": "name",
          "properties": {
            "name": "EPSG:4326"
          }
        },
        "coordinates": [
          -64.5984583333333,
          11.8190722222222
        ]
      },
      "properties": {
        "id": "electrecidad_215"
      }
    },
    {
      "type": "Feature",
      "geometry": {
        "type": "Point",
        "crs": {
          "type": "name",
          "properties": {
            "name": "EPSG:4326"
          }
        },
        "coordinates": [
          -63.99605,
          10.7823888888889
        ]
      },
      "properties": {
        "id": "electrecidad_216"
      }
    },
    {
      "type": "Feature",
      "geometry": {
        "type": "Point",
        "crs": {
          "type": "name",
          "properties": {
            "name": "EPSG:4326"
          }
        },
        "coordinates": [
          -62.2975,
          10.5739444444444
        ]
      },
      "properties": {
        "id": "electrecidad_217"
      }
    },
    {
      "type": "Feature",
      "geometry": {
        "type": "Point",
        "crs": {
          "type": "name",
          "properties": {
            "name": "EPSG:4326"
          }
        },
        "coordinates": [
          -63.84735,
          10.95775
        ]
      },
      "properties": {
        "id": "electrecidad_218"
      }
    },
    {
      "type": "Feature",
      "geometry": {
        "type": "Point",
        "crs": {
          "type": "name",
          "properties": {
            "name": "EPSG:4326"
          }
        },
        "coordinates": [
          -63.8238694444444,
          10.9941194444444
        ]
      },
      "properties": {
        "id": "electrecidad_219"
      }
    },
    {
      "type": "Feature",
      "geometry": {
        "type": "Point",
        "crs": {
          "type": "name",
          "properties": {
            "name": "EPSG:4326"
          }
        },
        "coordinates": [
          -63.8202694444444,
          10.9906388888889
        ]
      },
      "properties": {
        "id": "electrecidad_220"
      }
    },
    {
      "type": "Feature",
      "geometry": {
        "type": "Point",
        "crs": {
          "type": "name",
          "properties": {
            "name": "EPSG:4326"
          }
        },
        "coordinates": [
          -63.8538277777778,
          11.0506583333333
        ]
      },
      "properties": {
        "id": "electrecidad_221"
      }
    },
    {
      "type": "Feature",
      "geometry": {
        "type": "Point",
        "crs": {
          "type": "name",
          "properties": {
            "name": "EPSG:4326"
          }
        },
        "coordinates": [
          -66.9055055555556,
          10.5160722222222
        ]
      },
      "properties": {
        "id": "electrecidad_222"
      }
    },
    {
      "type": "Feature",
      "geometry": {
        "type": "Point",
        "crs": {
          "type": "name",
          "properties": {
            "name": "EPSG:4326"
          }
        },
        "coordinates": [
          -67.5892222222222,
          10.2744472222222
        ]
      },
      "properties": {
        "id": "electrecidad_223"
      }
    },
    {
      "type": "Feature",
      "geometry": {
        "type": "Point",
        "crs": {
          "type": "name",
          "properties": {
            "name": "EPSG:4326"
          }
        },
        "coordinates": [
          -70.0614305555555,
          12.0941194444444
        ]
      },
      "properties": {
        "id": "electrecidad_224"
      }
    },
    {
      "type": "Feature",
      "geometry": {
        "type": "Point",
        "crs": {
          "type": "name",
          "properties": {
            "name": "EPSG:4326"
          }
        },
        "coordinates": [
          -63.8252805555556,
          10.9526111111111
        ]
      },
      "properties": {
        "id": "electrecidad_225"
      }
    },
    {
      "type": "Feature",
      "geometry": {
        "type": "Point",
        "crs": {
          "type": "name",
          "properties": {
            "name": "EPSG:4326"
          }
        },
        "coordinates": [
          -63.8074222222222,
          10.9917388888889
        ]
      },
      "properties": {
        "id": "electrecidad_226"
      }
    },
    {
      "type": "Feature",
      "geometry": {
        "type": "Point",
        "crs": {
          "type": "name",
          "properties": {
            "name": "EPSG:4326"
          }
        },
        "coordinates": [
          -63.8396833333333,
          10.9583194444444
        ]
      },
      "properties": {
        "id": "electrecidad_227"
      }
    },
    {
      "type": "Feature",
      "geometry": {
        "type": "Point",
        "crs": {
          "type": "name",
          "properties": {
            "name": "EPSG:4326"
          }
        },
        "coordinates": [
          -63.85196,
          10.95161
        ]
      },
      "properties": {
        "id": "electrecidad_228"
      }
    },
    {
      "type": "Feature",
      "geometry": {
        "type": "Point",
        "crs": {
          "type": "name",
          "properties": {
            "name": "EPSG:4326"
          }
        },
        "coordinates": [
          -63.80417,
          11.02236
        ]
      },
      "properties": {
        "id": "electrecidad_229"
      }
    },
    {
      "type": "Feature",
      "geometry": {
        "type": "Point",
        "crs": {
          "type": "name",
          "properties": {
            "name": "EPSG:4326"
          }
        },
        "coordinates": [
          -63.8708,
          11.14207
        ]
      },
      "properties": {
        "id": "electrecidad_230"
      }
    },
    {
      "type": "Feature",
      "geometry": {
        "type": "Point",
        "crs": {
          "type": "name",
          "properties": {
            "name": "EPSG:4326"
          }
        },
        "coordinates": [
          -63.8608611111111,
          10.9759833333333
        ]
      },
      "properties": {
        "id": "electrecidad_231"
      }
    },
    {
      "type": "Feature",
      "geometry": {
        "type": "Point",
        "crs": {
          "type": "name",
          "properties": {
            "name": "EPSG:4326"
          }
        },
        "coordinates": [
          -63.8236611111111,
          10.9908638888889
        ]
      },
      "properties": {
        "id": "electrecidad_232"
      }
    },
    {
      "type": "Feature",
      "geometry": {
        "type": "Point",
        "crs": {
          "type": "name",
          "properties": {
            "name": "EPSG:4326"
          }
        },
        "coordinates": [
          -63.8250083333333,
          10.9928666666667
        ]
      },
      "properties": {
        "id": "electrecidad_233"
      }
    },
    {
      "type": "Feature",
      "geometry": {
        "type": "Point",
        "crs": {
          "type": "name",
          "properties": {
            "name": "EPSG:4326"
          }
        },
        "coordinates": [
          -64.3669194444444,
          10.9594305555556
        ]
      },
      "properties": {
        "id": "electrecidad_234"
      }
    },
    {
      "type": "Feature",
      "geometry": {
        "type": "Point",
        "crs": {
          "type": "name",
          "properties": {
            "name": "EPSG:4326"
          }
        },
        "coordinates": [
          -64.1355777777778,
          10.93915
        ]
      },
      "properties": {
        "id": "electrecidad_235"
      }
    },
    {
      "type": "Feature",
      "geometry": {
        "type": "Point",
        "crs": {
          "type": "name",
          "properties": {
            "name": "EPSG:4326"
          }
        },
        "coordinates": [
          -63.9360472222222,
          11.1285805555556
        ]
      },
      "properties": {
        "id": "electrecidad_236"
      }
    },
    {
      "type": "Feature",
      "geometry": {
        "type": "Point",
        "crs": {
          "type": "name",
          "properties": {
            "name": "EPSG:4326"
          }
        },
        "coordinates": [
          -63.8573222222222,
          11.0538861111111
        ]
      },
      "properties": {
        "id": "electrecidad_237"
      }
    },
    {
      "type": "Feature",
      "geometry": {
        "type": "Point",
        "crs": {
          "type": "name",
          "properties": {
            "name": "EPSG:4326"
          }
        },
        "coordinates": [
          -63.8579055555556,
          10.9512888888889
        ]
      },
      "properties": {
        "id": "electrecidad_238"
      }
    },
    {
      "type": "Feature",
      "geometry": {
        "type": "Point",
        "crs": {
          "type": "name",
          "properties": {
            "name": "EPSG:4326"
          }
        },
        "coordinates": [
          -68.0142777777778,
          10.24595
        ]
      },
      "properties": {
        "id": "electrecidad_239"
      }
    },
    {
      "type": "Feature",
      "geometry": {
        "type": "Point",
        "crs": {
          "type": "name",
          "properties": {
            "name": "EPSG:4326"
          }
        },
        "coordinates": [
          -70.6789277777778,
          11.0260527777778
        ]
      },
      "properties": {
        "id": "electrecidad_240"
      }
    },
    {
      "type": "Feature",
      "geometry": {
        "type": "Point",
        "crs": {
          "type": "name",
          "properties": {
            "name": "EPSG:4326"
          }
        },
        "coordinates": [
          -62.8942027777778,
          8.08435277777778
        ]
      },
      "properties": {
        "id": "electrecidad_241"
      }
    },
    {
      "type": "Feature",
      "geometry": {
        "type": "Point",
        "crs": {
          "type": "name",
          "properties": {
            "name": "EPSG:4326"
          }
        },
        "coordinates": [
          -64.37836,
          11.00839
        ]
      },
      "properties": {
        "id": "electrecidad_242"
      }
    },
    {
      "type": "Feature",
      "geometry": {
        "type": "Point",
        "crs": {
          "type": "name",
          "properties": {
            "name": "EPSG:4326"
          }
        },
        "coordinates": [
          -64.6920805555556,
          10.1066333333333
        ]
      },
      "properties": {
        "id": "electrecidad_243"
      }
    },
    {
      "type": "Feature",
      "geometry": {
        "type": "Point",
        "crs": {
          "type": "name",
          "properties": {
            "name": "EPSG:4326"
          }
        },
        "coordinates": [
          -63.8393055555556,
          10.9667666666667
        ]
      },
      "properties": {
        "id": "electrecidad_244"
      }
    },
    {
      "type": "Feature",
      "geometry": {
        "type": "Point",
        "crs": {
          "type": "name",
          "properties": {
            "name": "EPSG:4326"
          }
        },
        "coordinates": [
          -64.1721111111111,
          10.9800694444444
        ]
      },
      "properties": {
        "id": "electrecidad_245"
      }
    },
    {
      "type": "Feature",
      "geometry": {
        "type": "Point",
        "crs": {
          "type": "name",
          "properties": {
            "name": "EPSG:4326"
          }
        },
        "coordinates": [
          -63.8582777777778,
          10.9513444444444
        ]
      },
      "properties": {
        "id": "electrecidad_246"
      }
    },
    {
      "type": "Feature",
      "geometry": {
        "type": "Point",
        "crs": {
          "type": "name",
          "properties": {
            "name": "EPSG:4326"
          }
        },
        "coordinates": [
          -64.0927333333333,
          10.9013138888889
        ]
      },
      "properties": {
        "id": "electrecidad_247"
      }
    },
    {
      "type": "Feature",
      "geometry": {
        "type": "Point",
        "crs": {
          "type": "name",
          "properties": {
            "name": "EPSG:4326"
          }
        },
        "coordinates": [
          -63.8672305555556,
          11.1439055555556
        ]
      },
      "properties": {
        "id": "electrecidad_248"
      }
    },
    {
      "type": "Feature",
      "geometry": {
        "type": "Point",
        "crs": {
          "type": "name",
          "properties": {
            "name": "EPSG:4326"
          }
        },
        "coordinates": [
          -63.8224055555556,
          10.9892861111111
        ]
      },
      "properties": {
        "id": "electrecidad_249"
      }
    },
    {
      "type": "Feature",
      "geometry": {
        "type": "Point",
        "crs": {
          "type": "name",
          "properties": {
            "name": "EPSG:4326"
          }
        },
        "coordinates": [
          -63.82625,
          10.9545
        ]
      },
      "properties": {
        "id": "electrecidad_250"
      }
    },
    {
      "type": "Feature",
      "geometry": {
        "type": "Point",
        "crs": {
          "type": "name",
          "properties": {
            "name": "EPSG:4326"
          }
        },
        "coordinates": [
          -63.8266638888889,
          10.9927833333333
        ]
      },
      "properties": {
        "id": "electrecidad_251"
      }
    },
    {
      "type": "Feature",
      "geometry": {
        "type": "Point",
        "crs": {
          "type": "name",
          "properties": {
            "name": "EPSG:4326"
          }
        },
        "coordinates": [
          -63.8255666666667,
          11.0171138888889
        ]
      },
      "properties": {
        "id": "electrecidad_252"
      }
    },
    {
      "type": "Feature",
      "geometry": {
        "type": "Point",
        "crs": {
          "type": "name",
          "properties": {
            "name": "EPSG:4326"
          }
        },
        "coordinates": [
          -63.9398472222222,
          11.0701555555556
        ]
      },
      "properties": {
        "id": "electrecidad_253"
      }
    },
    {
      "type": "Feature",
      "geometry": {
        "type": "Point",
        "crs": {
          "type": "name",
          "properties": {
            "name": "EPSG:4326"
          }
        },
        "coordinates": [
          -63.98115,
          10.9705111111111
        ]
      },
      "properties": {
        "id": "electrecidad_254"
      }
    },
    {
      "type": "Feature",
      "geometry": {
        "type": "Point",
        "crs": {
          "type": "name",
          "properties": {
            "name": "EPSG:4326"
          }
        },
        "coordinates": [
          -64.1764,
          10.96929
        ]
      },
      "properties": {
        "id": "electrecidad_255"
      }
    },
    {
      "type": "Feature",
      "geometry": {
        "type": "Point",
        "crs": {
          "type": "name",
          "properties": {
            "name": "EPSG:4326"
          }
        },
        "coordinates": [
          -64.10562,
          10.90146
        ]
      },
      "properties": {
        "id": "electrecidad_256"
      }
    },
    {
      "type": "Feature",
      "geometry": {
        "type": "Point",
        "crs": {
          "type": "name",
          "properties": {
            "name": "EPSG:4326"
          }
        },
        "coordinates": [
          -63.99454,
          10.95762
        ]
      },
      "properties": {
        "id": "electrecidad_257"
      }
    },
    {
      "type": "Feature",
      "geometry": {
        "type": "Point",
        "crs": {
          "type": "name",
          "properties": {
            "name": "EPSG:4326"
          }
        },
        "coordinates": [
          -63.97819,
          10.97328
        ]
      },
      "properties": {
        "id": "electrecidad_258"
      }
    },
    {
      "type": "Feature",
      "geometry": {
        "type": "Point",
        "crs": {
          "type": "name",
          "properties": {
            "name": "EPSG:4326"
          }
        },
        "coordinates": [
          -63.92581,
          10.94788
        ]
      },
      "properties": {
        "id": "electrecidad_259"
      }
    },
    {
      "type": "Feature",
      "geometry": {
        "type": "Point",
        "crs": {
          "type": "name",
          "properties": {
            "name": "EPSG:4326"
          }
        },
        "coordinates": [
          -63.84344,
          10.96425
        ]
      },
      "properties": {
        "id": "electrecidad_260"
      }
    },
    {
      "type": "Feature",
      "geometry": {
        "type": "Point",
        "crs": {
          "type": "name",
          "properties": {
            "name": "EPSG:4326"
          }
        },
        "coordinates": [
          -63.85434,
          10.96442
        ]
      },
      "properties": {
        "id": "electrecidad_261"
      }
    },
    {
      "type": "Feature",
      "geometry": {
        "type": "Point",
        "crs": {
          "type": "name",
          "properties": {
            "name": "EPSG:4326"
          }
        },
        "coordinates": [
          -63.85048,
          10.96024
        ]
      },
      "properties": {
        "id": "electrecidad_262"
      }
    },
    {
      "type": "Feature",
      "geometry": {
        "type": "Point",
        "crs": {
          "type": "name",
          "properties": {
            "name": "EPSG:4326"
          }
        },
        "coordinates": [
          -63.79417,
          11.00487
        ]
      },
      "properties": {
        "id": "electrecidad_263"
      }
    },
    {
      "type": "Feature",
      "geometry": {
        "type": "Point",
        "crs": {
          "type": "name",
          "properties": {
            "name": "EPSG:4326"
          }
        },
        "coordinates": [
          -63.85666,
          10.96367
        ]
      },
      "properties": {
        "id": "electrecidad_264"
      }
    },
    {
      "type": "Feature",
      "geometry": {
        "type": "Point",
        "crs": {
          "type": "name",
          "properties": {
            "name": "EPSG:4326"
          }
        },
        "coordinates": [
          -63.87932,
          10.97877
        ]
      },
      "properties": {
        "id": "electrecidad_265"
      }
    },
    {
      "type": "Feature",
      "geometry": {
        "type": "Point",
        "crs": {
          "type": "name",
          "properties": {
            "name": "EPSG:4326"
          }
        },
        "coordinates": [
          -63.8090972222222,
          10.9975861111111
        ]
      },
      "properties": {
        "id": "electrecidad_266"
      }
    },
    {
      "type": "Feature",
      "geometry": {
        "type": "Point",
        "crs": {
          "type": "name",
          "properties": {
            "name": "EPSG:4326"
          }
        },
        "coordinates": [
          -63.8737111111111,
          10.9643944444444
        ]
      },
      "properties": {
        "id": "electrecidad_267"
      }
    },
    {
      "type": "Feature",
      "geometry": {
        "type": "Point",
        "crs": {
          "type": "name",
          "properties": {
            "name": "EPSG:4326"
          }
        },
        "coordinates": [
          -63.7985611111111,
          10.9984888888889
        ]
      },
      "properties": {
        "id": "electrecidad_268"
      }
    },
    {
      "type": "Feature",
      "geometry": {
        "type": "Point",
        "crs": {
          "type": "name",
          "properties": {
            "name": "EPSG:4326"
          }
        },
        "coordinates": [
          -64.0965388888889,
          10.9001277777778
        ]
      },
      "properties": {
        "id": "electrecidad_269"
      }
    },
    {
      "type": "Feature",
      "geometry": {
        "type": "Point",
        "crs": {
          "type": "name",
          "properties": {
            "name": "EPSG:4326"
          }
        },
        "coordinates": [
          -63.8401777777778,
          11.0227194444444
        ]
      },
      "properties": {
        "id": "electrecidad_270"
      }
    },
    {
      "type": "Feature",
      "geometry": {
        "type": "Point",
        "crs": {
          "type": "name",
          "properties": {
            "name": "EPSG:4326"
          }
        },
        "coordinates": [
          -63.9571388888889,
          11.07235
        ]
      },
      "properties": {
        "id": "electrecidad_271"
      }
    },
    {
      "type": "Feature",
      "geometry": {
        "type": "Point",
        "crs": {
          "type": "name",
          "properties": {
            "name": "EPSG:4326"
          }
        },
        "coordinates": [
          -63.8449194444445,
          10.95805
        ]
      },
      "properties": {
        "id": "electrecidad_272"
      }
    },
    {
      "type": "Feature",
      "geometry": {
        "type": "Point",
        "crs": {
          "type": "name",
          "properties": {
            "name": "EPSG:4326"
          }
        },
        "coordinates": [
          -63.92395,
          10.9540583333333
        ]
      },
      "properties": {
        "id": "electrecidad_273"
      }
    },
    {
      "type": "Feature",
      "geometry": {
        "type": "Point",
        "crs": {
          "type": "name",
          "properties": {
            "name": "EPSG:4326"
          }
        },
        "coordinates": [
          -65.4205138888889,
          10.1266833333333
        ]
      },
      "properties": {
        "id": "electrecidad_274"
      }
    },
    {
      "type": "Feature",
      "geometry": {
        "type": "Point",
        "crs": {
          "type": "name",
          "properties": {
            "name": "EPSG:4326"
          }
        },
        "coordinates": [
          -66.8913972222222,
          10.6059805555556
        ]
      },
      "properties": {
        "id": "electrecidad_275"
      }
    },
    {
      "type": "Feature",
      "geometry": {
        "type": "Point",
        "crs": {
          "type": "name",
          "properties": {
            "name": "EPSG:4326"
          }
        },
        "coordinates": [
          -63.8538111111111,
          11.0508277777778
        ]
      },
      "properties": {
        "id": "electrecidad_276"
      }
    },
    {
      "type": "Feature",
      "geometry": {
        "type": "Point",
        "crs": {
          "type": "name",
          "properties": {
            "name": "EPSG:4326"
          }
        },
        "coordinates": [
          -66.9060694444445,
          10.4539861111111
        ]
      },
      "properties": {
        "id": "electrecidad_277"
      }
    },
    {
      "type": "Feature",
      "geometry": {
        "type": "Point",
        "crs": {
          "type": "name",
          "properties": {
            "name": "EPSG:4326"
          }
        },
        "coordinates": [
          -63.8667083333333,
          11.1438472222222
        ]
      },
      "properties": {
        "id": "electrecidad_278"
      }
    },
    {
      "type": "Feature",
      "geometry": {
        "type": "Point",
        "crs": {
          "type": "name",
          "properties": {
            "name": "EPSG:4326"
          }
        },
        "coordinates": [
          -64.31906,
          11.05377
        ]
      },
      "properties": {
        "id": "electrecidad_279"
      }
    },
    {
      "type": "Feature",
      "geometry": {
        "type": "Point",
        "crs": {
          "type": "name",
          "properties": {
            "name": "EPSG:4326"
          }
        },
        "coordinates": [
          -63.84123,
          10.96317
        ]
      },
      "properties": {
        "id": "electrecidad_280"
      }
    },
    {
      "type": "Feature",
      "geometry": {
        "type": "Point",
        "crs": {
          "type": "name",
          "properties": {
            "name": "EPSG:4326"
          }
        },
        "coordinates": [
          -63.78703,
          10.99661
        ]
      },
      "properties": {
        "id": "electrecidad_281"
      }
    },
    {
      "type": "Feature",
      "geometry": {
        "type": "Point",
        "crs": {
          "type": "name",
          "properties": {
            "name": "EPSG:4326"
          }
        },
        "coordinates": [
          -63.85108,
          11.11074
        ]
      },
      "properties": {
        "id": "electrecidad_282"
      }
    },
    {
      "type": "Feature",
      "geometry": {
        "type": "Point",
        "crs": {
          "type": "name",
          "properties": {
            "name": "EPSG:4326"
          }
        },
        "coordinates": [
          -63.85408,
          10.95663
        ]
      },
      "properties": {
        "id": "electrecidad_283"
      }
    },
    {
      "type": "Feature",
      "geometry": {
        "type": "Point",
        "crs": {
          "type": "name",
          "properties": {
            "name": "EPSG:4326"
          }
        },
        "coordinates": [
          -63.8099444444444,
          10.993025
        ]
      },
      "properties": {
        "id": "electrecidad_284"
      }
    },
    {
      "type": "Feature",
      "geometry": {
        "type": "Point",
        "crs": {
          "type": "name",
          "properties": {
            "name": "EPSG:4326"
          }
        },
        "coordinates": [
          -63.8619611111111,
          11.0967666666667
        ]
      },
      "properties": {
        "id": "electrecidad_285"
      }
    },
    {
      "type": "Feature",
      "geometry": {
        "type": "Point",
        "crs": {
          "type": "name",
          "properties": {
            "name": "EPSG:4326"
          }
        },
        "coordinates": [
          -63.8486111111111,
          10.9682166666667
        ]
      },
      "properties": {
        "id": "electrecidad_286"
      }
    },
    {
      "type": "Feature",
      "geometry": {
        "type": "Point",
        "crs": {
          "type": "name",
          "properties": {
            "name": "EPSG:4326"
          }
        },
        "coordinates": [
          -63.8355916666667,
          10.9697722222222
        ]
      },
      "properties": {
        "id": "electrecidad_287"
      }
    },
    {
      "type": "Feature",
      "geometry": {
        "type": "Point",
        "crs": {
          "type": "name",
          "properties": {
            "name": "EPSG:4326"
          }
        },
        "coordinates": [
          -63.8836916666667,
          11.17885
        ]
      },
      "properties": {
        "id": "electrecidad_288"
      }
    },
    {
      "type": "Feature",
      "geometry": {
        "type": "Point",
        "crs": {
          "type": "name",
          "properties": {
            "name": "EPSG:4326"
          }
        },
        "coordinates": [
          -63.9162638888889,
          11.1415833333333
        ]
      },
      "properties": {
        "id": "electrecidad_289"
      }
    },
    {
      "type": "Feature",
      "geometry": {
        "type": "Point",
        "crs": {
          "type": "name",
          "properties": {
            "name": "EPSG:4326"
          }
        },
        "coordinates": [
          -63.8350638888889,
          10.9978194444444
        ]
      },
      "properties": {
        "id": "electrecidad_290"
      }
    },
    {
      "type": "Feature",
      "geometry": {
        "type": "Point",
        "crs": {
          "type": "name",
          "properties": {
            "name": "EPSG:4326"
          }
        },
        "coordinates": [
          -63.9246833333333,
          11.0705388888889
        ]
      },
      "properties": {
        "id": "electrecidad_291"
      }
    },
    {
      "type": "Feature",
      "geometry": {
        "type": "Point",
        "crs": {
          "type": "name",
          "properties": {
            "name": "EPSG:4326"
          }
        },
        "coordinates": [
          -63.9851305555556,
          10.9649583333333
        ]
      },
      "properties": {
        "id": "electrecidad_292"
      }
    },
    {
      "type": "Feature",
      "geometry": {
        "type": "Point",
        "crs": {
          "type": "name",
          "properties": {
            "name": "EPSG:4326"
          }
        },
        "coordinates": [
          -63.8608611111111,
          10.9759833333333
        ]
      },
      "properties": {
        "id": "electrecidad_293"
      }
    },
    {
      "type": "Feature",
      "geometry": {
        "type": "Point",
        "crs": {
          "type": "name",
          "properties": {
            "name": "EPSG:4326"
          }
        },
        "coordinates": [
          -68.0142777777778,
          10.24595
        ]
      },
      "properties": {
        "id": "electrecidad_294"
      }
    },
    {
      "type": "Feature",
      "geometry": {
        "type": "Point",
        "crs": {
          "type": "name",
          "properties": {
            "name": "EPSG:4326"
          }
        },
        "coordinates": [
          -63.9683638888889,
          10.9155555555556
        ]
      },
      "properties": {
        "id": "electrecidad_295"
      }
    },
    {
      "type": "Feature",
      "geometry": {
        "type": "Point",
        "crs": {
          "type": "name",
          "properties": {
            "name": "EPSG:4326"
          }
        },
        "coordinates": [
          -63.9246888888889,
          11.0704666666667
        ]
      },
      "properties": {
        "id": "electrecidad_296"
      }
    },
    {
      "type": "Feature",
      "geometry": {
        "type": "Point",
        "crs": {
          "type": "name",
          "properties": {
            "name": "EPSG:4326"
          }
        },
        "coordinates": [
          -63.8172916666667,
          10.9887194444444
        ]
      },
      "properties": {
        "id": "electrecidad_297"
      }
    },
    {
      "type": "Feature",
      "geometry": {
        "type": "Point",
        "crs": {
          "type": "name",
          "properties": {
            "name": "EPSG:4326"
          }
        },
        "coordinates": [
          -63.8220694444444,
          11.0603138888889
        ]
      },
      "properties": {
        "id": "electrecidad_298"
      }
    },
    {
      "type": "Feature",
      "geometry": {
        "type": "Point",
        "crs": {
          "type": "name",
          "properties": {
            "name": "EPSG:4326"
          }
        },
        "coordinates": [
          -63.8173416666667,
          10.9803027777778
        ]
      },
      "properties": {
        "id": "electrecidad_299"
      }
    },
    {
      "type": "Feature",
      "geometry": {
        "type": "Point",
        "crs": {
          "type": "name",
          "properties": {
            "name": "EPSG:4326"
          }
        },
        "coordinates": [
          -64.37505,
          11.0288055555556
        ]
      },
      "properties": {
        "id": "electrecidad_300"
      }
    },
    {
      "type": "Feature",
      "geometry": {
        "type": "Point",
        "crs": {
          "type": "name",
          "properties": {
            "name": "EPSG:4326"
          }
        },
        "coordinates": [
          -63.8383916666667,
          10.9898861111111
        ]
      },
      "properties": {
        "id": "electrecidad_301"
      }
    },
    {
      "type": "Feature",
      "geometry": {
        "type": "Point",
        "crs": {
          "type": "name",
          "properties": {
            "name": "EPSG:4326"
          }
        },
        "coordinates": [
          -63.8581388888889,
          11.012425
        ]
      },
      "properties": {
        "id": "electrecidad_302"
      }
    },
    {
      "type": "Feature",
      "geometry": {
        "type": "Point",
        "crs": {
          "type": "name",
          "properties": {
            "name": "EPSG:4326"
          }
        },
        "coordinates": [
          -63.8587222222222,
          11.1031166666667
        ]
      },
      "properties": {
        "id": "electrecidad_303"
      }
    },
    {
      "type": "Feature",
      "geometry": {
        "type": "Point",
        "crs": {
          "type": "name",
          "properties": {
            "name": "EPSG:4326"
          }
        },
        "coordinates": [
          -63.8973694444444,
          10.9468972222222
        ]
      },
      "properties": {
        "id": "electrecidad_304"
      }
    },
    {
      "type": "Feature",
      "geometry": {
        "type": "Point",
        "crs": {
          "type": "name",
          "properties": {
            "name": "EPSG:4326"
          }
        },
        "coordinates": [
          -64.37371,
          11.0289
        ]
      },
      "properties": {
        "id": "electrecidad_305"
      }
    },
    {
      "type": "Feature",
      "geometry": {
        "type": "Point",
        "crs": {
          "type": "name",
          "properties": {
            "name": "EPSG:4326"
          }
        },
        "coordinates": [
          -64.18419,
          10.96779
        ]
      },
      "properties": {
        "id": "electrecidad_306"
      }
    },
    {
      "type": "Feature",
      "geometry": {
        "type": "Point",
        "crs": {
          "type": "name",
          "properties": {
            "name": "EPSG:4326"
          }
        },
        "coordinates": [
          -64.06334,
          10.89432
        ]
      },
      "properties": {
        "id": "electrecidad_307"
      }
    },
    {
      "type": "Feature",
      "geometry": {
        "type": "Point",
        "crs": {
          "type": "name",
          "properties": {
            "name": "EPSG:4326"
          }
        },
        "coordinates": [
          -63.95553,
          11.07285
        ]
      },
      "properties": {
        "id": "electrecidad_308"
      }
    },
    {
      "type": "Feature",
      "geometry": {
        "type": "Point",
        "crs": {
          "type": "name",
          "properties": {
            "name": "EPSG:4326"
          }
        },
        "coordinates": [
          -63.96309,
          10.89775
        ]
      },
      "properties": {
        "id": "electrecidad_309"
      }
    },
    {
      "type": "Feature",
      "geometry": {
        "type": "Point",
        "crs": {
          "type": "name",
          "properties": {
            "name": "EPSG:4326"
          }
        },
        "coordinates": [
          -63.83857,
          10.97174
        ]
      },
      "properties": {
        "id": "electrecidad_310"
      }
    },
    {
      "type": "Feature",
      "geometry": {
        "type": "Point",
        "crs": {
          "type": "name",
          "properties": {
            "name": "EPSG:4326"
          }
        },
        "coordinates": [
          -63.84831,
          11.11894
        ]
      },
      "properties": {
        "id": "electrecidad_311"
      }
    },
    {
      "type": "Feature",
      "geometry": {
        "type": "Point",
        "crs": {
          "type": "name",
          "properties": {
            "name": "EPSG:4326"
          }
        },
        "coordinates": [
          -63.847,
          10.96433
        ]
      },
      "properties": {
        "id": "electrecidad_312"
      }
    },
    {
      "type": "Feature",
      "geometry": {
        "type": "Point",
        "crs": {
          "type": "name",
          "properties": {
            "name": "EPSG:4326"
          }
        },
        "coordinates": [
          -63.84292,
          11.02959
        ]
      },
      "properties": {
        "id": "electrecidad_313"
      }
    },
    {
      "type": "Feature",
      "geometry": {
        "type": "Point",
        "crs": {
          "type": "name",
          "properties": {
            "name": "EPSG:4326"
          }
        },
        "coordinates": [
          -63.81531,
          10.9886
        ]
      },
      "properties": {
        "id": "electrecidad_314"
      }
    },
    {
      "type": "Feature",
      "geometry": {
        "type": "Point",
        "crs": {
          "type": "name",
          "properties": {
            "name": "EPSG:4326"
          }
        },
        "coordinates": [
          -63.8638,
          11.04375
        ]
      },
      "properties": {
        "id": "electrecidad_315"
      }
    },
    {
      "type": "Feature",
      "geometry": {
        "type": "Point",
        "crs": {
          "type": "name",
          "properties": {
            "name": "EPSG:4326"
          }
        },
        "coordinates": [
          -64.0326694444444,
          10.8792277777778
        ]
      },
      "properties": {
        "id": "electrecidad_316"
      }
    },
    {
      "type": "Feature",
      "geometry": {
        "type": "Point",
        "crs": {
          "type": "name",
          "properties": {
            "name": "EPSG:4326"
          }
        },
        "coordinates": [
          -64.0573944444444,
          10.9286388888889
        ]
      },
      "properties": {
        "id": "electrecidad_317"
      }
    },
    {
      "type": "Feature",
      "geometry": {
        "type": "Point",
        "crs": {
          "type": "name",
          "properties": {
            "name": "EPSG:4326"
          }
        },
        "coordinates": [
          -70.9027138888889,
          12.3590138888889
        ]
      },
      "properties": {
        "id": "electrecidad_318"
      }
    },
    {
      "type": "Feature",
      "geometry": {
        "type": "Point",
        "crs": {
          "type": "name",
          "properties": {
            "name": "EPSG:4326"
          }
        },
        "coordinates": [
          -68.2719888888889,
          10.8711416666667
        ]
      },
      "properties": {
        "id": "electrecidad_319"
      }
    },
    {
      "type": "Feature",
      "geometry": {
        "type": "Point",
        "crs": {
          "type": "name",
          "properties": {
            "name": "EPSG:4326"
          }
        },
        "coordinates": [
          -63.8620694444444,
          11.0954388888889
        ]
      },
      "properties": {
        "id": "electrecidad_320"
      }
    },
    {
      "type": "Feature",
      "geometry": {
        "type": "Point",
        "crs": {
          "type": "name",
          "properties": {
            "name": "EPSG:4326"
          }
        },
        "coordinates": [
          -63.8594361111111,
          10.9489694444444
        ]
      },
      "properties": {
        "id": "electrecidad_321"
      }
    },
    {
      "type": "Feature",
      "geometry": {
        "type": "Point",
        "crs": {
          "type": "name",
          "properties": {
            "name": "EPSG:4326"
          }
        },
        "coordinates": [
          -63.847,
          10.9579777777778
        ]
      },
      "properties": {
        "id": "electrecidad_322"
      }
    },
    {
      "type": "Feature",
      "geometry": {
        "type": "Point",
        "crs": {
          "type": "name",
          "properties": {
            "name": "EPSG:4326"
          }
        },
        "coordinates": [
          -63.8356083333333,
          10.99165
        ]
      },
      "properties": {
        "id": "electrecidad_323"
      }
    },
    {
      "type": "Feature",
      "geometry": {
        "type": "Point",
        "crs": {
          "type": "name",
          "properties": {
            "name": "EPSG:4326"
          }
        },
        "coordinates": [
          -63.8320194444444,
          10.9741777777778
        ]
      },
      "properties": {
        "id": "electrecidad_324"
      }
    },
    {
      "type": "Feature",
      "geometry": {
        "type": "Point",
        "crs": {
          "type": "name",
          "properties": {
            "name": "EPSG:4326"
          }
        },
        "coordinates": [
          -66.8256333333333,
          10.50075
        ]
      },
      "properties": {
        "id": "electrecidad_325"
      }
    },
    {
      "type": "Feature",
      "geometry": {
        "type": "Point",
        "crs": {
          "type": "name",
          "properties": {
            "name": "EPSG:4326"
          }
        },
        "coordinates": [
          -69.5665083333333,
          11.4652777777778
        ]
      },
      "properties": {
        "id": "electrecidad_326"
      }
    },
    {
      "type": "Feature",
      "geometry": {
        "type": "Point",
        "crs": {
          "type": "name",
          "properties": {
            "name": "EPSG:4326"
          }
        },
        "coordinates": [
          -71.5965111111111,
          10.677375
        ]
      },
      "properties": {
        "id": "electrecidad_327"
      }
    },
    {
      "type": "Feature",
      "geometry": {
        "type": "Point",
        "crs": {
          "type": "name",
          "properties": {
            "name": "EPSG:4326"
          }
        },
        "coordinates": [
          -63.8487472222222,
          11.0336194444444
        ]
      },
      "properties": {
        "id": "electrecidad_328"
      }
    },
    {
      "type": "Feature",
      "geometry": {
        "type": "Point",
        "crs": {
          "type": "name",
          "properties": {
            "name": "EPSG:4326"
          }
        },
        "coordinates": [
          -63.8054944444444,
          10.9881638888889
        ]
      },
      "properties": {
        "id": "electrecidad_329"
      }
    },
    {
      "type": "Feature",
      "geometry": {
        "type": "Point",
        "crs": {
          "type": "name",
          "properties": {
            "name": "EPSG:4326"
          }
        },
        "coordinates": [
          -64.37437,
          11.02255
        ]
      },
      "properties": {
        "id": "electrecidad_330"
      }
    },
    {
      "type": "Feature",
      "geometry": {
        "type": "Point",
        "crs": {
          "type": "name",
          "properties": {
            "name": "EPSG:4326"
          }
        },
        "coordinates": [
          -63.81795,
          11.00519
        ]
      },
      "properties": {
        "id": "electrecidad_331"
      }
    },
    {
      "type": "Feature",
      "geometry": {
        "type": "Point",
        "crs": {
          "type": "name",
          "properties": {
            "name": "EPSG:4326"
          }
        },
        "coordinates": [
          -63.86764,
          11.14494
        ]
      },
      "properties": {
        "id": "electrecidad_332"
      }
    },
    {
      "type": "Feature",
      "geometry": {
        "type": "Point",
        "crs": {
          "type": "name",
          "properties": {
            "name": "EPSG:4326"
          }
        },
        "coordinates": [
          -63.85322,
          10.95459
        ]
      },
      "properties": {
        "id": "electrecidad_333"
      }
    },
    {
      "type": "Feature",
      "geometry": {
        "type": "Point",
        "crs": {
          "type": "name",
          "properties": {
            "name": "EPSG:4326"
          }
        },
        "coordinates": [
          -63.8394666666667,
          10.9747583333333
        ]
      },
      "properties": {
        "id": "electrecidad_334"
      }
    },
    {
      "type": "Feature",
      "geometry": {
        "type": "Point",
        "crs": {
          "type": "name",
          "properties": {
            "name": "EPSG:4326"
          }
        },
        "coordinates": [
          -63.8204527777778,
          10.9954805555556
        ]
      },
      "properties": {
        "id": "electrecidad_335"
      }
    },
    {
      "type": "Feature",
      "geometry": {
        "type": "Point",
        "crs": {
          "type": "name",
          "properties": {
            "name": "EPSG:4326"
          }
        },
        "coordinates": [
          -63.9409055555556,
          10.9458833333333
        ]
      },
      "properties": {
        "id": "electrecidad_336"
      }
    },
    {
      "type": "Feature",
      "geometry": {
        "type": "Point",
        "crs": {
          "type": "name",
          "properties": {
            "name": "EPSG:4326"
          }
        },
        "coordinates": [
          -64.4090194444445,
          10.9708027777778
        ]
      },
      "properties": {
        "id": "electrecidad_337"
      }
    },
    {
      "type": "Feature",
      "geometry": {
        "type": "Point",
        "crs": {
          "type": "name",
          "properties": {
            "name": "EPSG:4326"
          }
        },
        "coordinates": [
          -63.9612194444444,
          10.9995944444444
        ]
      },
      "properties": {
        "id": "electrecidad_338"
      }
    },
    {
      "type": "Feature",
      "geometry": {
        "type": "Point",
        "crs": {
          "type": "name",
          "properties": {
            "name": "EPSG:4326"
          }
        },
        "coordinates": [
          -64.3872166666667,
          11.040575
        ]
      },
      "properties": {
        "id": "electrecidad_339"
      }
    },
    {
      "type": "Feature",
      "geometry": {
        "type": "Point",
        "crs": {
          "type": "name",
          "properties": {
            "name": "EPSG:4326"
          }
        },
        "coordinates": [
          -63.8381277777778,
          10.9892055555556
        ]
      },
      "properties": {
        "id": "electrecidad_340"
      }
    },
    {
      "type": "Feature",
      "geometry": {
        "type": "Point",
        "crs": {
          "type": "name",
          "properties": {
            "name": "EPSG:4326"
          }
        },
        "coordinates": [
          -63.2490972222222,
          10.6705944444444
        ]
      },
      "properties": {
        "id": "electrecidad_341"
      }
    },
    {
      "type": "Feature",
      "geometry": {
        "type": "Point",
        "crs": {
          "type": "name",
          "properties": {
            "name": "EPSG:4326"
          }
        },
        "coordinates": [
          -70.6789277777778,
          11.0260527777778
        ]
      },
      "properties": {
        "id": "electrecidad_342"
      }
    },
    {
      "type": "Feature",
      "geometry": {
        "type": "Point",
        "crs": {
          "type": "name",
          "properties": {
            "name": "EPSG:4326"
          }
        },
        "coordinates": [
          -66.9547777777778,
          10.5163138888889
        ]
      },
      "properties": {
        "id": "electrecidad_343"
      }
    },
    {
      "type": "Feature",
      "geometry": {
        "type": "Point",
        "crs": {
          "type": "name",
          "properties": {
            "name": "EPSG:4326"
          }
        },
        "coordinates": [
          -64.29133,
          11.01997
        ]
      },
      "properties": {
        "id": "electrecidad_344"
      }
    },
    {
      "type": "Feature",
      "geometry": {
        "type": "Point",
        "crs": {
          "type": "name",
          "properties": {
            "name": "EPSG:4326"
          }
        },
        "coordinates": [
          -64.18419,
          10.96779
        ]
      },
      "properties": {
        "id": "electrecidad_345"
      }
    },
    {
      "type": "Feature",
      "geometry": {
        "type": "Point",
        "crs": {
          "type": "name",
          "properties": {
            "name": "EPSG:4326"
          }
        },
        "coordinates": [
          -63.94318,
          11.0701
        ]
      },
      "properties": {
        "id": "electrecidad_346"
      }
    },
    {
      "type": "Feature",
      "geometry": {
        "type": "Point",
        "crs": {
          "type": "name",
          "properties": {
            "name": "EPSG:4326"
          }
        },
        "coordinates": [
          -63.95553,
          11.07285
        ]
      },
      "properties": {
        "id": "electrecidad_347"
      }
    },
    {
      "type": "Feature",
      "geometry": {
        "type": "Point",
        "crs": {
          "type": "name",
          "properties": {
            "name": "EPSG:4326"
          }
        },
        "coordinates": [
          -63.83857,
          10.97174
        ]
      },
      "properties": {
        "id": "electrecidad_348"
      }
    },
    {
      "type": "Feature",
      "geometry": {
        "type": "Point",
        "crs": {
          "type": "name",
          "properties": {
            "name": "EPSG:4326"
          }
        },
        "coordinates": [
          -63.8557277777778,
          11.0300388888889
        ]
      },
      "properties": {
        "id": "electrecidad_349"
      }
    },
    {
      "type": "Feature",
      "geometry": {
        "type": "Point",
        "crs": {
          "type": "name",
          "properties": {
            "name": "EPSG:4326"
          }
        },
        "coordinates": [
          -63.8200388888889,
          10.9780777777778
        ]
      },
      "properties": {
        "id": "electrecidad_350"
      }
    },
    {
      "type": "Feature",
      "geometry": {
        "type": "Point",
        "crs": {
          "type": "name",
          "properties": {
            "name": "EPSG:4326"
          }
        },
        "coordinates": [
          -63.8686027777778,
          10.9528527777778
        ]
      },
      "properties": {
        "id": "electrecidad_351"
      }
    },
    {
      "type": "Feature",
      "geometry": {
        "type": "Point",
        "crs": {
          "type": "name",
          "properties": {
            "name": "EPSG:4326"
          }
        },
        "coordinates": [
          -63.8573805555556,
          11.0402194444444
        ]
      },
      "properties": {
        "id": "electrecidad_352"
      }
    },
    {
      "type": "Feature",
      "geometry": {
        "type": "Point",
        "crs": {
          "type": "name",
          "properties": {
            "name": "EPSG:4326"
          }
        },
        "coordinates": [
          -63.9161805555556,
          10.9469944444444
        ]
      },
      "properties": {
        "id": "electrecidad_353"
      }
    },
    {
      "type": "Feature",
      "geometry": {
        "type": "Point",
        "crs": {
          "type": "name",
          "properties": {
            "name": "EPSG:4326"
          }
        },
        "coordinates": [
          -63.8200916666667,
          10.9801111111111
        ]
      },
      "properties": {
        "id": "electrecidad_354"
      }
    },
    {
      "type": "Feature",
      "geometry": {
        "type": "Point",
        "crs": {
          "type": "name",
          "properties": {
            "name": "EPSG:4326"
          }
        },
        "coordinates": [
          -63.8071361111111,
          10.9916527777778
        ]
      },
      "properties": {
        "id": "electrecidad_355"
      }
    },
    {
      "type": "Feature",
      "geometry": {
        "type": "Point",
        "crs": {
          "type": "name",
          "properties": {
            "name": "EPSG:4326"
          }
        },
        "coordinates": [
          -63.8243972222222,
          10.9516555555556
        ]
      },
      "properties": {
        "id": "electrecidad_356"
      }
    },
    {
      "type": "Feature",
      "geometry": {
        "type": "Point",
        "crs": {
          "type": "name",
          "properties": {
            "name": "EPSG:4326"
          }
        },
        "coordinates": [
          -63.8491916666667,
          10.9483666666667
        ]
      },
      "properties": {
        "id": "electrecidad_357"
      }
    },
    {
      "type": "Feature",
      "geometry": {
        "type": "Point",
        "crs": {
          "type": "name",
          "properties": {
            "name": "EPSG:4326"
          }
        },
        "coordinates": [
          -63.8434722222222,
          10.9851055555556
        ]
      },
      "properties": {
        "id": "electrecidad_358"
      }
    },
    {
      "type": "Feature",
      "geometry": {
        "type": "Point",
        "crs": {
          "type": "name",
          "properties": {
            "name": "EPSG:4326"
          }
        },
        "coordinates": [
          -63.8578916666667,
          11.0407527777778
        ]
      },
      "properties": {
        "id": "electrecidad_359"
      }
    },
    {
      "type": "Feature",
      "geometry": {
        "type": "Point",
        "crs": {
          "type": "name",
          "properties": {
            "name": "EPSG:4326"
          }
        },
        "coordinates": [
          -63.9778361111111,
          10.9852166666667
        ]
      },
      "properties": {
        "id": "electrecidad_360"
      }
    },
    {
      "type": "Feature",
      "geometry": {
        "type": "Point",
        "crs": {
          "type": "name",
          "properties": {
            "name": "EPSG:4326"
          }
        },
        "coordinates": [
          -63.8459638888889,
          11.1189722222222
        ]
      },
      "properties": {
        "id": "electrecidad_361"
      }
    },
    {
      "type": "Feature",
      "geometry": {
        "type": "Point",
        "crs": {
          "type": "name",
          "properties": {
            "name": "EPSG:4326"
          }
        },
        "coordinates": [
          -64.37233,
          11.0289
        ]
      },
      "properties": {
        "id": "electrecidad_362"
      }
    },
    {
      "type": "Feature",
      "geometry": {
        "type": "Point",
        "crs": {
          "type": "name",
          "properties": {
            "name": "EPSG:4326"
          }
        },
        "coordinates": [
          -63.94318,
          11.0701
        ]
      },
      "properties": {
        "id": "electrecidad_363"
      }
    },
    {
      "type": "Feature",
      "geometry": {
        "type": "Point",
        "crs": {
          "type": "name",
          "properties": {
            "name": "EPSG:4326"
          }
        },
        "coordinates": [
          -63.94798,
          11.07216
        ]
      },
      "properties": {
        "id": "electrecidad_364"
      }
    },
    {
      "type": "Feature",
      "geometry": {
        "type": "Point",
        "crs": {
          "type": "name",
          "properties": {
            "name": "EPSG:4326"
          }
        },
        "coordinates": [
          -63.9197,
          11.11471
        ]
      },
      "properties": {
        "id": "electrecidad_365"
      }
    },
    {
      "type": "Feature",
      "geometry": {
        "type": "Point",
        "crs": {
          "type": "name",
          "properties": {
            "name": "EPSG:4326"
          }
        },
        "coordinates": [
          -63.84307,
          10.96642
        ]
      },
      "properties": {
        "id": "electrecidad_366"
      }
    },
    {
      "type": "Feature",
      "geometry": {
        "type": "Point",
        "crs": {
          "type": "name",
          "properties": {
            "name": "EPSG:4326"
          }
        },
        "coordinates": [
          -63.78894,
          10.9956
        ]
      },
      "properties": {
        "id": "electrecidad_367"
      }
    },
    {
      "type": "Feature",
      "geometry": {
        "type": "Point",
        "crs": {
          "type": "name",
          "properties": {
            "name": "EPSG:4326"
          }
        },
        "coordinates": [
          -63.85102,
          10.95946
        ]
      },
      "properties": {
        "id": "electrecidad_368"
      }
    },
    {
      "type": "Feature",
      "geometry": {
        "type": "Point",
        "crs": {
          "type": "name",
          "properties": {
            "name": "EPSG:4326"
          }
        },
        "coordinates": [
          -63.85734,
          10.95886
        ]
      },
      "properties": {
        "id": "electrecidad_369"
      }
    },
    {
      "type": "Feature",
      "geometry": {
        "type": "Point",
        "crs": {
          "type": "name",
          "properties": {
            "name": "EPSG:4326"
          }
        },
        "coordinates": [
          -63.83054,
          10.97311
        ]
      },
      "properties": {
        "id": "electrecidad_370"
      }
    },
    {
      "type": "Feature",
      "geometry": {
        "type": "Point",
        "crs": {
          "type": "name",
          "properties": {
            "name": "EPSG:4326"
          }
        },
        "coordinates": [
          -63.88054,
          11.00849
        ]
      },
      "properties": {
        "id": "electrecidad_371"
      }
    },
    {
      "type": "Feature",
      "geometry": {
        "type": "Point",
        "crs": {
          "type": "name",
          "properties": {
            "name": "EPSG:4326"
          }
        },
        "coordinates": [
          -63.8268388888889,
          10.9719527777778
        ]
      },
      "properties": {
        "id": "electrecidad_372"
      }
    },
    {
      "type": "Feature",
      "geometry": {
        "type": "Point",
        "crs": {
          "type": "name",
          "properties": {
            "name": "EPSG:4326"
          }
        },
        "coordinates": [
          -63.8882972222222,
          10.93915
        ]
      },
      "properties": {
        "id": "electrecidad_373"
      }
    },
    {
      "type": "Feature",
      "geometry": {
        "type": "Point",
        "crs": {
          "type": "name",
          "properties": {
            "name": "EPSG:4326"
          }
        },
        "coordinates": [
          -67.6567888888889,
          11.9751861111111
        ]
      },
      "properties": {
        "id": "electrecidad_374"
      }
    },
    {
      "type": "Feature",
      "geometry": {
        "type": "Point",
        "crs": {
          "type": "name",
          "properties": {
            "name": "EPSG:4326"
          }
        },
        "coordinates": [
          -70.2856388888889,
          11.8538083333333
        ]
      },
      "properties": {
        "id": "electrecidad_375"
      }
    },
    {
      "type": "Feature",
      "geometry": {
        "type": "Point",
        "crs": {
          "type": "name",
          "properties": {
            "name": "EPSG:4326"
          }
        },
        "coordinates": [
          -63.9575277777778,
          11.063
        ]
      },
      "properties": {
        "id": "electrecidad_376"
      }
    },
    {
      "type": "Feature",
      "geometry": {
        "type": "Point",
        "crs": {
          "type": "name",
          "properties": {
            "name": "EPSG:4326"
          }
        },
        "coordinates": [
          -63.8455666666667,
          11.1160555555556
        ]
      },
      "properties": {
        "id": "electrecidad_377"
      }
    },
    {
      "type": "Feature",
      "geometry": {
        "type": "Point",
        "crs": {
          "type": "name",
          "properties": {
            "name": "EPSG:4326"
          }
        },
        "coordinates": [
          -63.9452388888889,
          11.0137888888889
        ]
      },
      "properties": {
        "id": "electrecidad_378"
      }
    },
    {
      "type": "Feature",
      "geometry": {
        "type": "Point",
        "crs": {
          "type": "name",
          "properties": {
            "name": "EPSG:4326"
          }
        },
        "coordinates": [
          -64.17985,
          10.9570777777778
        ]
      },
      "properties": {
        "id": "electrecidad_379"
      }
    },
    {
      "type": "Feature",
      "geometry": {
        "type": "Point",
        "crs": {
          "type": "name",
          "properties": {
            "name": "EPSG:4326"
          }
        },
        "coordinates": [
          -64.6271055555555,
          10.2338111111111
        ]
      },
      "properties": {
        "id": "electrecidad_380"
      }
    },
    {
      "type": "Feature",
      "geometry": {
        "type": "Point",
        "crs": {
          "type": "name",
          "properties": {
            "name": "EPSG:4326"
          }
        },
        "coordinates": [
          -66.961075,
          10.5966861111111
        ]
      },
      "properties": {
        "id": "electrecidad_381"
      }
    },
    {
      "type": "Feature",
      "geometry": {
        "type": "Point",
        "crs": {
          "type": "name",
          "properties": {
            "name": "EPSG:4326"
          }
        },
        "coordinates": [
          -67.5851638888889,
          10.24295
        ]
      },
      "properties": {
        "id": "electrecidad_382"
      }
    },
    {
      "type": "Feature",
      "geometry": {
        "type": "Point",
        "crs": {
          "type": "name",
          "properties": {
            "name": "EPSG:4326"
          }
        },
        "coordinates": [
          -70.6789277777778,
          11.0260527777778
        ]
      },
      "properties": {
        "id": "electrecidad_383"
      }
    },
    {
      "type": "Feature",
      "geometry": {
        "type": "Point",
        "crs": {
          "type": "name",
          "properties": {
            "name": "EPSG:4326"
          }
        },
        "coordinates": [
          -69.6786055555556,
          11.3948777777778
        ]
      },
      "properties": {
        "id": "electrecidad_384"
      }
    },
    {
      "type": "Feature",
      "geometry": {
        "type": "Point",
        "crs": {
          "type": "name",
          "properties": {
            "name": "EPSG:4326"
          }
        },
        "coordinates": [
          -63.8414777777778,
          11.105275
        ]
      },
      "properties": {
        "id": "electrecidad_385"
      }
    },
    {
      "type": "Feature",
      "geometry": {
        "type": "Point",
        "crs": {
          "type": "name",
          "properties": {
            "name": "EPSG:4326"
          }
        },
        "coordinates": [
          -63.8218666666667,
          11.0608138888889
        ]
      },
      "properties": {
        "id": "electrecidad_386"
      }
    },
    {
      "type": "Feature",
      "geometry": {
        "type": "Point",
        "crs": {
          "type": "name",
          "properties": {
            "name": "EPSG:4326"
          }
        },
        "coordinates": [
          -63.96154,
          10.99916
        ]
      },
      "properties": {
        "id": "electrecidad_387"
      }
    },
    {
      "type": "Feature",
      "geometry": {
        "type": "Point",
        "crs": {
          "type": "name",
          "properties": {
            "name": "EPSG:4326"
          }
        },
        "coordinates": [
          -63.86479,
          11.14556
        ]
      },
      "properties": {
        "id": "electrecidad_388"
      }
    },
    {
      "type": "Feature",
      "geometry": {
        "type": "Point",
        "crs": {
          "type": "name",
          "properties": {
            "name": "EPSG:4326"
          }
        },
        "coordinates": [
          -63.85037,
          10.9576
        ]
      },
      "properties": {
        "id": "electrecidad_389"
      }
    },
    {
      "type": "Feature",
      "geometry": {
        "type": "Point",
        "crs": {
          "type": "name",
          "properties": {
            "name": "EPSG:4326"
          }
        },
        "coordinates": [
          -63.8165472222222,
          10.9476666666667
        ]
      },
      "properties": {
        "id": "electrecidad_390"
      }
    },
    {
      "type": "Feature",
      "geometry": {
        "type": "Point",
        "crs": {
          "type": "name",
          "properties": {
            "name": "EPSG:4326"
          }
        },
        "coordinates": [
          -63.8683194444444,
          10.9528194444444
        ]
      },
      "properties": {
        "id": "electrecidad_391"
      }
    },
    {
      "type": "Feature",
      "geometry": {
        "type": "Point",
        "crs": {
          "type": "name",
          "properties": {
            "name": "EPSG:4326"
          }
        },
        "coordinates": [
          -63.866775,
          10.9976361111111
        ]
      },
      "properties": {
        "id": "electrecidad_392"
      }
    },
    {
      "type": "Feature",
      "geometry": {
        "type": "Point",
        "crs": {
          "type": "name",
          "properties": {
            "name": "EPSG:4326"
          }
        },
        "coordinates": [
          -64.1535861111111,
          10.9703111111111
        ]
      },
      "properties": {
        "id": "electrecidad_393"
      }
    },
    {
      "type": "Feature",
      "geometry": {
        "type": "Point",
        "crs": {
          "type": "name",
          "properties": {
            "name": "EPSG:4326"
          }
        },
        "coordinates": [
          -64.1181111111111,
          10.920525
        ]
      },
      "properties": {
        "id": "electrecidad_394"
      }
    },
    {
      "type": "Feature",
      "geometry": {
        "type": "Point",
        "crs": {
          "type": "name",
          "properties": {
            "name": "EPSG:4326"
          }
        },
        "coordinates": [
          -64.2946055555555,
          10.9415666666667
        ]
      },
      "properties": {
        "id": "electrecidad_395"
      }
    },
    {
      "type": "Feature",
      "geometry": {
        "type": "Point",
        "crs": {
          "type": "name",
          "properties": {
            "name": "EPSG:4326"
          }
        },
        "coordinates": [
          -64.3357611111111,
          11.0591555555556
        ]
      },
      "properties": {
        "id": "electrecidad_396"
      }
    },
    {
      "type": "Feature",
      "geometry": {
        "type": "Point",
        "crs": {
          "type": "name",
          "properties": {
            "name": "EPSG:4326"
          }
        },
        "coordinates": [
          -63.7721861111111,
          10.997025
        ]
      },
      "properties": {
        "id": "electrecidad_397"
      }
    },
    {
      "type": "Feature",
      "geometry": {
        "type": "Point",
        "crs": {
          "type": "name",
          "properties": {
            "name": "EPSG:4326"
          }
        },
        "coordinates": [
          -63.9189583333333,
          10.9633138888889
        ]
      },
      "properties": {
        "id": "electrecidad_398"
      }
    },
    {
      "type": "Feature",
      "geometry": {
        "type": "Point",
        "crs": {
          "type": "name",
          "properties": {
            "name": "EPSG:4326"
          }
        },
        "coordinates": [
          -63.85705,
          11.0297111111111
        ]
      },
      "properties": {
        "id": "electrecidad_399"
      }
    },
    {
      "type": "Feature",
      "geometry": {
        "type": "Point",
        "crs": {
          "type": "name",
          "properties": {
            "name": "EPSG:4326"
          }
        },
        "coordinates": [
          -71.5965111111111,
          10.677375
        ]
      },
      "properties": {
        "id": "electrecidad_400"
      }
    },
    {
      "type": "Feature",
      "geometry": {
        "type": "Point",
        "crs": {
          "type": "name",
          "properties": {
            "name": "EPSG:4326"
          }
        },
        "coordinates": [
          -62.8942027777778,
          8.08435277777778
        ]
      },
      "properties": {
        "id": "electrecidad_401"
      }
    },
    {
      "type": "Feature",
      "geometry": {
        "type": "Point",
        "crs": {
          "type": "name",
          "properties": {
            "name": "EPSG:4326"
          }
        },
        "coordinates": [
          -64.37233,
          11.0289
        ]
      },
      "properties": {
        "id": "electrecidad_402"
      }
    },
    {
      "type": "Feature",
      "geometry": {
        "type": "Point",
        "crs": {
          "type": "name",
          "properties": {
            "name": "EPSG:4326"
          }
        },
        "coordinates": [
          -64.09545,
          10.94753
        ]
      },
      "properties": {
        "id": "electrecidad_403"
      }
    },
    {
      "type": "Feature",
      "geometry": {
        "type": "Point",
        "crs": {
          "type": "name",
          "properties": {
            "name": "EPSG:4326"
          }
        },
        "coordinates": [
          -63.99454,
          10.95762
        ]
      },
      "properties": {
        "id": "electrecidad_404"
      }
    },
    {
      "type": "Feature",
      "geometry": {
        "type": "Point",
        "crs": {
          "type": "name",
          "properties": {
            "name": "EPSG:4326"
          }
        },
        "coordinates": [
          -63.94798,
          11.07216
        ]
      },
      "properties": {
        "id": "electrecidad_405"
      }
    },
    {
      "type": "Feature",
      "geometry": {
        "type": "Point",
        "crs": {
          "type": "name",
          "properties": {
            "name": "EPSG:4326"
          }
        },
        "coordinates": [
          -63.84666,
          10.963
        ]
      },
      "properties": {
        "id": "electrecidad_406"
      }
    },
    {
      "type": "Feature",
      "geometry": {
        "type": "Point",
        "crs": {
          "type": "name",
          "properties": {
            "name": "EPSG:4326"
          }
        },
        "coordinates": [
          -63.84831,
          11.11894
        ]
      },
      "properties": {
        "id": "electrecidad_407"
      }
    },
    {
      "type": "Feature",
      "geometry": {
        "type": "Point",
        "crs": {
          "type": "name",
          "properties": {
            "name": "EPSG:4326"
          }
        },
        "coordinates": [
          -67.0497194444444,
          10.5911472222222
        ]
      },
      "properties": {
        "id": "electrecidad_408"
      }
    },
    {
      "type": "Feature",
      "geometry": {
        "type": "Point",
        "crs": {
          "type": "name",
          "properties": {
            "name": "EPSG:4326"
          }
        },
        "coordinates": [
          -63.8262444444444,
          10.9911
        ]
      },
      "properties": {
        "id": "electrecidad_409"
      }
    },
    {
      "type": "Feature",
      "geometry": {
        "type": "Point",
        "crs": {
          "type": "name",
          "properties": {
            "name": "EPSG:4326"
          }
        },
        "coordinates": [
          -63.9750777777778,
          11.0670611111111
        ]
      },
      "properties": {
        "id": "electrecidad_410"
      }
    },
    {
      "type": "Feature",
      "geometry": {
        "type": "Point",
        "crs": {
          "type": "name",
          "properties": {
            "name": "EPSG:4326"
          }
        },
        "coordinates": [
          -63.8084694444444,
          10.9944888888889
        ]
      },
      "properties": {
        "id": "electrecidad_411"
      }
    },
    {
      "type": "Feature",
      "geometry": {
        "type": "Point",
        "crs": {
          "type": "name",
          "properties": {
            "name": "EPSG:4326"
          }
        },
        "coordinates": [
          -63.8578694444444,
          10.9508861111111
        ]
      },
      "properties": {
        "id": "electrecidad_412"
      }
    },
    {
      "type": "Feature",
      "geometry": {
        "type": "Point",
        "crs": {
          "type": "name",
          "properties": {
            "name": "EPSG:4326"
          }
        },
        "coordinates": [
          -63.9678416666667,
          10.9199083333333
        ]
      },
      "properties": {
        "id": "electrecidad_413"
      }
    },
    {
      "type": "Feature",
      "geometry": {
        "type": "Point",
        "crs": {
          "type": "name",
          "properties": {
            "name": "EPSG:4326"
          }
        },
        "coordinates": [
          -63.9684694444444,
          10.9197583333333
        ]
      },
      "properties": {
        "id": "electrecidad_414"
      }
    },
    {
      "type": "Feature",
      "geometry": {
        "type": "Point",
        "crs": {
          "type": "name",
          "properties": {
            "name": "EPSG:4326"
          }
        },
        "coordinates": [
          -63.97175,
          10.91635
        ]
      },
      "properties": {
        "id": "electrecidad_415"
      }
    },
    {
      "type": "Feature",
      "geometry": {
        "type": "Point",
        "crs": {
          "type": "name",
          "properties": {
            "name": "EPSG:4326"
          }
        },
        "coordinates": [
          -63.8461972222222,
          10.9606305555556
        ]
      },
      "properties": {
        "id": "electrecidad_416"
      }
    },
    {
      "type": "Feature",
      "geometry": {
        "type": "Point",
        "crs": {
          "type": "name",
          "properties": {
            "name": "EPSG:4326"
          }
        },
        "coordinates": [
          -63.8639166666667,
          10.9761166666667
        ]
      },
      "properties": {
        "id": "electrecidad_417"
      }
    },
    {
      "type": "Feature",
      "geometry": {
        "type": "Point",
        "crs": {
          "type": "name",
          "properties": {
            "name": "EPSG:4326"
          }
        },
        "coordinates": [
          -64.1633861111111,
          10.9739111111111
        ]
      },
      "properties": {
        "id": "electrecidad_418"
      }
    },
    {
      "type": "Feature",
      "geometry": {
        "type": "Point",
        "crs": {
          "type": "name",
          "properties": {
            "name": "EPSG:4326"
          }
        },
        "coordinates": [
          -64.0222583333333,
          10.9974194444444
        ]
      },
      "properties": {
        "id": "electrecidad_419"
      }
    },
    {
      "type": "Feature",
      "geometry": {
        "type": "Point",
        "crs": {
          "type": "name",
          "properties": {
            "name": "EPSG:4326"
          }
        },
        "coordinates": [
          -64.18144,
          10.96848
        ]
      },
      "properties": {
        "id": "electrecidad_420"
      }
    },
    {
      "type": "Feature",
      "geometry": {
        "type": "Point",
        "crs": {
          "type": "name",
          "properties": {
            "name": "EPSG:4326"
          }
        },
        "coordinates": [
          -64.11214,
          10.93024
        ]
      },
      "properties": {
        "id": "electrecidad_421"
      }
    },
    {
      "type": "Feature",
      "geometry": {
        "type": "Point",
        "crs": {
          "type": "name",
          "properties": {
            "name": "EPSG:4326"
          }
        },
        "coordinates": [
          -63.90541,
          11.05225
        ]
      },
      "properties": {
        "id": "electrecidad_422"
      }
    },
    {
      "type": "Feature",
      "geometry": {
        "type": "Point",
        "crs": {
          "type": "name",
          "properties": {
            "name": "EPSG:4326"
          }
        },
        "coordinates": [
          -64.08531,
          10.90256
        ]
      },
      "properties": {
        "id": "electrecidad_423"
      }
    },
    {
      "type": "Feature",
      "geometry": {
        "type": "Point",
        "crs": {
          "type": "name",
          "properties": {
            "name": "EPSG:4326"
          }
        },
        "coordinates": [
          -63.9427,
          11.01201
        ]
      },
      "properties": {
        "id": "electrecidad_424"
      }
    },
    {
      "type": "Feature",
      "geometry": {
        "type": "Point",
        "crs": {
          "type": "name",
          "properties": {
            "name": "EPSG:4326"
          }
        },
        "coordinates": [
          -63.85432,
          10.95367
        ]
      },
      "properties": {
        "id": "electrecidad_425"
      }
    },
    {
      "type": "Feature",
      "geometry": {
        "type": "Point",
        "crs": {
          "type": "name",
          "properties": {
            "name": "EPSG:4326"
          }
        },
        "coordinates": [
          -63.85573,
          11.03004
        ]
      },
      "properties": {
        "id": "electrecidad_426"
      }
    },
    {
      "type": "Feature",
      "geometry": {
        "type": "Point",
        "crs": {
          "type": "name",
          "properties": {
            "name": "EPSG:4326"
          }
        },
        "coordinates": [
          -63.8535,
          10.95517
        ]
      },
      "properties": {
        "id": "electrecidad_427"
      }
    },
    {
      "type": "Feature",
      "geometry": {
        "type": "Point",
        "crs": {
          "type": "name",
          "properties": {
            "name": "EPSG:4326"
          }
        },
        "coordinates": [
          -63.88861,
          10.98689
        ]
      },
      "properties": {
        "id": "electrecidad_428"
      }
    },
    {
      "type": "Feature",
      "geometry": {
        "type": "Point",
        "crs": {
          "type": "name",
          "properties": {
            "name": "EPSG:4326"
          }
        },
        "coordinates": [
          -63.86498,
          11.03386
        ]
      },
      "properties": {
        "id": "electrecidad_429"
      }
    },
    {
      "type": "Feature",
      "geometry": {
        "type": "Point",
        "crs": {
          "type": "name",
          "properties": {
            "name": "EPSG:4326"
          }
        },
        "coordinates": [
          -63.83919,
          10.96948
        ]
      },
      "properties": {
        "id": "electrecidad_430"
      }
    },
    {
      "type": "Feature",
      "geometry": {
        "type": "Point",
        "crs": {
          "type": "name",
          "properties": {
            "name": "EPSG:4326"
          }
        },
        "coordinates": [
          -63.8185194444444,
          10.9806833333333
        ]
      },
      "properties": {
        "id": "electrecidad_431"
      }
    },
    {
      "type": "Feature",
      "geometry": {
        "type": "Point",
        "crs": {
          "type": "name",
          "properties": {
            "name": "EPSG:4326"
          }
        },
        "coordinates": [
          -64.3296444444444,
          10.9599555555556
        ]
      },
      "properties": {
        "id": "electrecidad_432"
      }
    },
    {
      "type": "Feature",
      "geometry": {
        "type": "Point",
        "crs": {
          "type": "name",
          "properties": {
            "name": "EPSG:4326"
          }
        },
        "coordinates": [
          -66.6764305555556,
          11.9484
        ]
      },
      "properties": {
        "id": "electrecidad_433"
      }
    },
    {
      "type": "Feature",
      "geometry": {
        "type": "Point",
        "crs": {
          "type": "name",
          "properties": {
            "name": "EPSG:4326"
          }
        },
        "coordinates": [
          -68.0077305555556,
          10.4918805555556
        ]
      },
      "properties": {
        "id": "electrecidad_434"
      }
    },
    {
      "type": "Feature",
      "geometry": {
        "type": "Point",
        "crs": {
          "type": "name",
          "properties": {
            "name": "EPSG:4326"
          }
        },
        "coordinates": [
          -63.9491777777778,
          10.9425277777778
        ]
      },
      "properties": {
        "id": "electrecidad_435"
      }
    },
    {
      "type": "Feature",
      "geometry": {
        "type": "Point",
        "crs": {
          "type": "name",
          "properties": {
            "name": "EPSG:4326"
          }
        },
        "coordinates": [
          -63.9851305555556,
          10.9649583333333
        ]
      },
      "properties": {
        "id": "electrecidad_436"
      }
    },
    {
      "type": "Feature",
      "geometry": {
        "type": "Point",
        "crs": {
          "type": "name",
          "properties": {
            "name": "EPSG:4326"
          }
        },
        "coordinates": [
          -63.8673777777778,
          11.0238083333333
        ]
      },
      "properties": {
        "id": "electrecidad_437"
      }
    },
    {
      "type": "Feature",
      "geometry": {
        "type": "Point",
        "crs": {
          "type": "name",
          "properties": {
            "name": "EPSG:4326"
          }
        },
        "coordinates": [
          -63.8532194444444,
          10.9568
        ]
      },
      "properties": {
        "id": "electrecidad_438"
      }
    },
    {
      "type": "Feature",
      "geometry": {
        "type": "Point",
        "crs": {
          "type": "name",
          "properties": {
            "name": "EPSG:4326"
          }
        },
        "coordinates": [
          -64.1623583333333,
          10.4691333333333
        ]
      },
      "properties": {
        "id": "electrecidad_439"
      }
    },
    {
      "type": "Feature",
      "geometry": {
        "type": "Point",
        "crs": {
          "type": "name",
          "properties": {
            "name": "EPSG:4326"
          }
        },
        "coordinates": [
          -66.8941055555556,
          10.4907083333333
        ]
      },
      "properties": {
        "id": "electrecidad_440"
      }
    },
    {
      "type": "Feature",
      "geometry": {
        "type": "Point",
        "crs": {
          "type": "name",
          "properties": {
            "name": "EPSG:4326"
          }
        },
        "coordinates": [
          -65.0363388888889,
          10.0508833333333
        ]
      },
      "properties": {
        "id": "electrecidad_441"
      }
    },
    {
      "type": "Feature",
      "geometry": {
        "type": "Point",
        "crs": {
          "type": "name",
          "properties": {
            "name": "EPSG:4326"
          }
        },
        "coordinates": [
          -62.0391888888889,
          9.058125
        ]
      },
      "properties": {
        "id": "electrecidad_442"
      }
    },
    {
      "type": "Feature",
      "geometry": {
        "type": "Point",
        "crs": {
          "type": "name",
          "properties": {
            "name": "EPSG:4326"
          }
        },
        "coordinates": [
          -67.5738222222222,
          10.2470888888889
        ]
      },
      "properties": {
        "id": "electrecidad_443"
      }
    },
    {
      "type": "Feature",
      "geometry": {
        "type": "Point",
        "crs": {
          "type": "name",
          "properties": {
            "name": "EPSG:4326"
          }
        },
        "coordinates": [
          -63.8452138888889,
          11.1124361111111
        ]
      },
      "properties": {
        "id": "electrecidad_444"
      }
    },
    {
      "type": "Feature",
      "geometry": {
        "type": "Point",
        "crs": {
          "type": "name",
          "properties": {
            "name": "EPSG:4326"
          }
        },
        "coordinates": [
          -64.21881,
          11.02991
        ]
      },
      "properties": {
        "id": "electrecidad_445"
      }
    },
    {
      "type": "Feature",
      "geometry": {
        "type": "Point",
        "crs": {
          "type": "name",
          "properties": {
            "name": "EPSG:4326"
          }
        },
        "coordinates": [
          -63.86486,
          11.03019
        ]
      },
      "properties": {
        "id": "electrecidad_446"
      }
    },
    {
      "type": "Feature",
      "geometry": {
        "type": "Point",
        "crs": {
          "type": "name",
          "properties": {
            "name": "EPSG:4326"
          }
        },
        "coordinates": [
          -63.86818,
          11.14314
        ]
      },
      "properties": {
        "id": "electrecidad_447"
      }
    },
    {
      "type": "Feature",
      "geometry": {
        "type": "Point",
        "crs": {
          "type": "name",
          "properties": {
            "name": "EPSG:4326"
          }
        },
        "coordinates": [
          -63.85505,
          11.07742
        ]
      },
      "properties": {
        "id": "electrecidad_448"
      }
    },
    {
      "type": "Feature",
      "geometry": {
        "type": "Point",
        "crs": {
          "type": "name",
          "properties": {
            "name": "EPSG:4326"
          }
        },
        "coordinates": [
          -63.85239,
          10.95652
        ]
      },
      "properties": {
        "id": "electrecidad_449"
      }
    },
    {
      "type": "Feature",
      "geometry": {
        "type": "Point",
        "crs": {
          "type": "name",
          "properties": {
            "name": "EPSG:4326"
          }
        },
        "coordinates": [
          -63.7935027777778,
          11.0018527777778
        ]
      },
      "properties": {
        "id": "electrecidad_450"
      }
    },
    {
      "type": "Feature",
      "geometry": {
        "type": "Point",
        "crs": {
          "type": "name",
          "properties": {
            "name": "EPSG:4326"
          }
        },
        "coordinates": [
          -64.1854305555556,
          10.951825
        ]
      },
      "properties": {
        "id": "electrecidad_451"
      }
    },
    {
      "type": "Feature",
      "geometry": {
        "type": "Point",
        "crs": {
          "type": "name",
          "properties": {
            "name": "EPSG:4326"
          }
        },
        "coordinates": [
          -63.8350138888889,
          10.9702861111111
        ]
      },
      "properties": {
        "id": "electrecidad_452"
      }
    },
    {
      "type": "Feature",
      "geometry": {
        "type": "Point",
        "crs": {
          "type": "name",
          "properties": {
            "name": "EPSG:4326"
          }
        },
        "coordinates": [
          -64.0613694444444,
          10.8649916666667
        ]
      },
      "properties": {
        "id": "electrecidad_453"
      }
    },
    {
      "type": "Feature",
      "geometry": {
        "type": "Point",
        "crs": {
          "type": "name",
          "properties": {
            "name": "EPSG:4326"
          }
        },
        "coordinates": [
          -64.193625,
          11.0847861111111
        ]
      },
      "properties": {
        "id": "electrecidad_454"
      }
    },
    {
      "type": "Feature",
      "geometry": {
        "type": "Point",
        "crs": {
          "type": "name",
          "properties": {
            "name": "EPSG:4326"
          }
        },
        "coordinates": [
          -63.8237388888889,
          10.9937222222222
        ]
      },
      "properties": {
        "id": "electrecidad_455"
      }
    },
    {
      "type": "Feature",
      "geometry": {
        "type": "Point",
        "crs": {
          "type": "name",
          "properties": {
            "name": "EPSG:4326"
          }
        },
        "coordinates": [
          -63.9721694444444,
          10.9935388888889
        ]
      },
      "properties": {
        "id": "electrecidad_456"
      }
    },
    {
      "type": "Feature",
      "geometry": {
        "type": "Point",
        "crs": {
          "type": "name",
          "properties": {
            "name": "EPSG:4326"
          }
        },
        "coordinates": [
          -63.2490972222222,
          10.6705944444444
        ]
      },
      "properties": {
        "id": "electrecidad_457"
      }
    },
    {
      "type": "Feature",
      "geometry": {
        "type": "Point",
        "crs": {
          "type": "name",
          "properties": {
            "name": "EPSG:4326"
          }
        },
        "coordinates": [
          -63.7961722222222,
          10.9997638888889
        ]
      },
      "properties": {
        "id": "electrecidad_458"
      }
    },
    {
      "type": "Feature",
      "geometry": {
        "type": "Point",
        "crs": {
          "type": "name",
          "properties": {
            "name": "EPSG:4326"
          }
        },
        "coordinates": [
          -63.7959694444444,
          10.9994333333333
        ]
      },
      "properties": {
        "id": "electrecidad_459"
      }
    },
    {
      "type": "Feature",
      "geometry": {
        "type": "Point",
        "crs": {
          "type": "name",
          "properties": {
            "name": "EPSG:4326"
          }
        },
        "coordinates": [
          -64.37705,
          11.00643
        ]
      },
      "properties": {
        "id": "electrecidad_460"
      }
    },
    {
      "type": "Feature",
      "geometry": {
        "type": "Point",
        "crs": {
          "type": "name",
          "properties": {
            "name": "EPSG:4326"
          }
        },
        "coordinates": [
          -64.1002972222222,
          10.9455527777778
        ]
      },
      "properties": {
        "id": "electrecidad_461"
      }
    },
    {
      "type": "Feature",
      "geometry": {
        "type": "Point",
        "crs": {
          "type": "name",
          "properties": {
            "name": "EPSG:4326"
          }
        },
        "coordinates": [
          -63.91846,
          10.95886
        ]
      },
      "properties": {
        "id": "electrecidad_462"
      }
    },
    {
      "type": "Feature",
      "geometry": {
        "type": "Point",
        "crs": {
          "type": "name",
          "properties": {
            "name": "EPSG:4326"
          }
        },
        "coordinates": [
          -63.92609,
          11.06834
        ]
      },
      "properties": {
        "id": "electrecidad_463"
      }
    },
    {
      "type": "Feature",
      "geometry": {
        "type": "Point",
        "crs": {
          "type": "name",
          "properties": {
            "name": "EPSG:4326"
          }
        },
        "coordinates": [
          -63.8381,
          10.97174
        ]
      },
      "properties": {
        "id": "electrecidad_464"
      }
    },
    {
      "type": "Feature",
      "geometry": {
        "type": "Point",
        "crs": {
          "type": "name",
          "properties": {
            "name": "EPSG:4326"
          }
        },
        "coordinates": [
          -63.86146,
          11.09413
        ]
      },
      "properties": {
        "id": "electrecidad_465"
      }
    },
    {
      "type": "Feature",
      "geometry": {
        "type": "Point",
        "crs": {
          "type": "name",
          "properties": {
            "name": "EPSG:4326"
          }
        },
        "coordinates": [
          -66.984525,
          10.3651972222222
        ]
      },
      "properties": {
        "id": "electrecidad_466"
      }
    },
    {
      "type": "Feature",
      "geometry": {
        "type": "Point",
        "crs": {
          "type": "name",
          "properties": {
            "name": "EPSG:4326"
          }
        },
        "coordinates": [
          -63.8252861111111,
          10.9927111111111
        ]
      },
      "properties": {
        "id": "electrecidad_467"
      }
    },
    {
      "type": "Feature",
      "geometry": {
        "type": "Point",
        "crs": {
          "type": "name",
          "properties": {
            "name": "EPSG:4326"
          }
        },
        "coordinates": [
          -63.9681083333333,
          10.9196388888889
        ]
      },
      "properties": {
        "id": "electrecidad_468"
      }
    },
    {
      "type": "Feature",
      "geometry": {
        "type": "Point",
        "crs": {
          "type": "name",
          "properties": {
            "name": "EPSG:4326"
          }
        },
        "coordinates": [
          -63.9691555555556,
          11.0882194444444
        ]
      },
      "properties": {
        "id": "electrecidad_469"
      }
    },
    {
      "type": "Feature",
      "geometry": {
        "type": "Point",
        "crs": {
          "type": "name",
          "properties": {
            "name": "EPSG:4326"
          }
        },
        "coordinates": [
          -63.8402277777778,
          10.9583388888889
        ]
      },
      "properties": {
        "id": "electrecidad_470"
      }
    },
    {
      "type": "Feature",
      "geometry": {
        "type": "Point",
        "crs": {
          "type": "name",
          "properties": {
            "name": "EPSG:4326"
          }
        },
        "coordinates": [
          -63.7961722222222,
          10.9997638888889
        ]
      },
      "properties": {
        "id": "electrecidad_471"
      }
    },
    {
      "type": "Feature",
      "geometry": {
        "type": "Point",
        "crs": {
          "type": "name",
          "properties": {
            "name": "EPSG:4326"
          }
        },
        "coordinates": [
          -63.8189444444444,
          10.9786388888889
        ]
      },
      "properties": {
        "id": "electrecidad_472"
      }
    },
    {
      "type": "Feature",
      "geometry": {
        "type": "Point",
        "crs": {
          "type": "name",
          "properties": {
            "name": "EPSG:4326"
          }
        },
        "coordinates": [
          -63.8905194444444,
          11.1583583333333
        ]
      },
      "properties": {
        "id": "electrecidad_473"
      }
    },
    {
      "type": "Feature",
      "geometry": {
        "type": "Point",
        "crs": {
          "type": "name",
          "properties": {
            "name": "EPSG:4326"
          }
        },
        "coordinates": [
          -63.8296333333333,
          10.9611694444444
        ]
      },
      "properties": {
        "id": "electrecidad_474"
      }
    },
    {
      "type": "Feature",
      "geometry": {
        "type": "Point",
        "crs": {
          "type": "name",
          "properties": {
            "name": "EPSG:4326"
          }
        },
        "coordinates": [
          -63.8624972222222,
          11.0286472222222
        ]
      },
      "properties": {
        "id": "electrecidad_475"
      }
    },
    {
      "type": "Feature",
      "geometry": {
        "type": "Point",
        "crs": {
          "type": "name",
          "properties": {
            "name": "EPSG:4326"
          }
        },
        "coordinates": [
          -63.9828527777778,
          10.9422361111111
        ]
      },
      "properties": {
        "id": "electrecidad_476"
      }
    },
    {
      "type": "Feature",
      "geometry": {
        "type": "Point",
        "crs": {
          "type": "name",
          "properties": {
            "name": "EPSG:4326"
          }
        },
        "coordinates": [
          -63.8624277777778,
          11.0952305555556
        ]
      },
      "properties": {
        "id": "electrecidad_477"
      }
    },
    {
      "type": "Feature",
      "geometry": {
        "type": "Point",
        "crs": {
          "type": "name",
          "properties": {
            "name": "EPSG:4326"
          }
        },
        "coordinates": [
          -64.17668,
          10.96985
        ]
      },
      "properties": {
        "id": "electrecidad_478"
      }
    },
    {
      "type": "Feature",
      "geometry": {
        "type": "Point",
        "crs": {
          "type": "name",
          "properties": {
            "name": "EPSG:4326"
          }
        },
        "coordinates": [
          -64.09978,
          10.94573
        ]
      },
      "properties": {
        "id": "electrecidad_479"
      }
    },
    {
      "type": "Feature",
      "geometry": {
        "type": "Point",
        "crs": {
          "type": "name",
          "properties": {
            "name": "EPSG:4326"
          }
        },
        "coordinates": [
          -63.91846,
          10.95886
        ]
      },
      "properties": {
        "id": "electrecidad_480"
      }
    },
    {
      "type": "Feature",
      "geometry": {
        "type": "Point",
        "crs": {
          "type": "name",
          "properties": {
            "name": "EPSG:4326"
          }
        },
        "coordinates": [
          -63.92609,
          11.06834
        ]
      },
      "properties": {
        "id": "electrecidad_481"
      }
    },
    {
      "type": "Feature",
      "geometry": {
        "type": "Point",
        "crs": {
          "type": "name",
          "properties": {
            "name": "EPSG:4326"
          }
        },
        "coordinates": [
          -63.95852,
          11.07235
        ]
      },
      "properties": {
        "id": "electrecidad_482"
      }
    },
    {
      "type": "Feature",
      "geometry": {
        "type": "Point",
        "crs": {
          "type": "name",
          "properties": {
            "name": "EPSG:4326"
          }
        },
        "coordinates": [
          -63.93082,
          10.95268
        ]
      },
      "properties": {
        "id": "electrecidad_483"
      }
    },
    {
      "type": "Feature",
      "geometry": {
        "type": "Point",
        "crs": {
          "type": "name",
          "properties": {
            "name": "EPSG:4326"
          }
        },
        "coordinates": [
          -63.86146,
          11.09413
        ]
      },
      "properties": {
        "id": "electrecidad_484"
      }
    },
    {
      "type": "Feature",
      "geometry": {
        "type": "Point",
        "crs": {
          "type": "name",
          "properties": {
            "name": "EPSG:4326"
          }
        },
        "coordinates": [
          -63.85131,
          10.96142
        ]
      },
      "properties": {
        "id": "electrecidad_485"
      }
    },
    {
      "type": "Feature",
      "geometry": {
        "type": "Point",
        "crs": {
          "type": "name",
          "properties": {
            "name": "EPSG:4326"
          }
        },
        "coordinates": [
          -63.87863,
          10.97603
        ]
      },
      "properties": {
        "id": "electrecidad_486"
      }
    },
    {
      "type": "Feature",
      "geometry": {
        "type": "Point",
        "crs": {
          "type": "name",
          "properties": {
            "name": "EPSG:4326"
          }
        },
        "coordinates": [
          -63.85528,
          11.02615
        ]
      },
      "properties": {
        "id": "electrecidad_487"
      }
    },
    {
      "type": "Feature",
      "geometry": {
        "type": "Point",
        "crs": {
          "type": "name",
          "properties": {
            "name": "EPSG:4326"
          }
        },
        "coordinates": [
          -63.9843194444444,
          10.7738277777778
        ]
      },
      "properties": {
        "id": "electrecidad_488"
      }
    },
    {
      "type": "Feature",
      "geometry": {
        "type": "Point",
        "crs": {
          "type": "name",
          "properties": {
            "name": "EPSG:4326"
          }
        },
        "coordinates": [
          -63.8579194444444,
          11.0397666666667
        ]
      },
      "properties": {
        "id": "electrecidad_489"
      }
    },
    {
      "type": "Feature",
      "geometry": {
        "type": "Point",
        "crs": {
          "type": "name",
          "properties": {
            "name": "EPSG:4326"
          }
        },
        "coordinates": [
          -63.8495777777778,
          10.9660555555556
        ]
      },
      "properties": {
        "id": "electrecidad_490"
      }
    },
    {
      "type": "Feature",
      "geometry": {
        "type": "Point",
        "crs": {
          "type": "name",
          "properties": {
            "name": "EPSG:4326"
          }
        },
        "coordinates": [
          -63.9758805555556,
          11.0865138888889
        ]
      },
      "properties": {
        "id": "electrecidad_491"
      }
    },
    {
      "type": "Feature",
      "geometry": {
        "type": "Point",
        "crs": {
          "type": "name",
          "properties": {
            "name": "EPSG:4326"
          }
        },
        "coordinates": [
          -69.5595083333333,
          11.4677277777778
        ]
      },
      "properties": {
        "id": "electrecidad_492"
      }
    },
    {
      "type": "Feature",
      "geometry": {
        "type": "Point",
        "crs": {
          "type": "name",
          "properties": {
            "name": "EPSG:4326"
          }
        },
        "coordinates": [
          -63.8855388888889,
          11.1532
        ]
      },
      "properties": {
        "id": "electrecidad_493"
      }
    },
    {
      "type": "Feature",
      "geometry": {
        "type": "Point",
        "crs": {
          "type": "name",
          "properties": {
            "name": "EPSG:4326"
          }
        },
        "coordinates": [
          -63.9854361111111,
          10.9650138888889
        ]
      },
      "properties": {
        "id": "electrecidad_494"
      }
    },
    {
      "type": "Feature",
      "geometry": {
        "type": "Point",
        "crs": {
          "type": "name",
          "properties": {
            "name": "EPSG:4326"
          }
        },
        "coordinates": [
          -63.8343388888889,
          10.9746277777778
        ]
      },
      "properties": {
        "id": "electrecidad_495"
      }
    },
    {
      "type": "Feature",
      "geometry": {
        "type": "Point",
        "crs": {
          "type": "name",
          "properties": {
            "name": "EPSG:4326"
          }
        },
        "coordinates": [
          -63.8691888888889,
          10.9775694444444
        ]
      },
      "properties": {
        "id": "electrecidad_496"
      }
    },
    {
      "type": "Feature",
      "geometry": {
        "type": "Point",
        "crs": {
          "type": "name",
          "properties": {
            "name": "EPSG:4326"
          }
        },
        "coordinates": [
          -64.6378972222222,
          10.1584694444444
        ]
      },
      "properties": {
        "id": "electrecidad_497"
      }
    },
    {
      "type": "Feature",
      "geometry": {
        "type": "Point",
        "crs": {
          "type": "name",
          "properties": {
            "name": "EPSG:4326"
          }
        },
        "coordinates": [
          -66.8996194444445,
          10.5068222222222
        ]
      },
      "properties": {
        "id": "electrecidad_498"
      }
    },
    {
      "type": "Feature",
      "geometry": {
        "type": "Point",
        "crs": {
          "type": "name",
          "properties": {
            "name": "EPSG:4326"
          }
        },
        "coordinates": [
          -68.0302388888889,
          10.4736138888889
        ]
      },
      "properties": {
        "id": "electrecidad_499"
      }
    },
    {
      "type": "Feature",
      "geometry": {
        "type": "Point",
        "crs": {
          "type": "name",
          "properties": {
            "name": "EPSG:4326"
          }
        },
        "coordinates": [
          -71.5182166666667,
          10.7001416666667
        ]
      },
      "properties": {
        "id": "electrecidad_500"
      }
    },
    {
      "type": "Feature",
      "geometry": {
        "type": "Point",
        "crs": {
          "type": "name",
          "properties": {
            "name": "EPSG:4326"
          }
        },
        "coordinates": [
          -66.9388777777778,
          10.4979027777778
        ]
      },
      "properties": {
        "id": "electrecidad_501"
      }
    },
    {
      "type": "Feature",
      "geometry": {
        "type": "Point",
        "crs": {
          "type": "name",
          "properties": {
            "name": "EPSG:4326"
          }
        },
        "coordinates": [
          -63.8113527777778,
          10.9965555555556
        ]
      },
      "properties": {
        "id": "electrecidad_502"
      }
    },
    {
      "type": "Feature",
      "geometry": {
        "type": "Point",
        "crs": {
          "type": "name",
          "properties": {
            "name": "EPSG:4326"
          }
        },
        "coordinates": [
          -63.9164388888889,
          11.1288583333333
        ]
      },
      "properties": {
        "id": "electrecidad_503"
      }
    },
    {
      "type": "Feature",
      "geometry": {
        "type": "Point",
        "crs": {
          "type": "name",
          "properties": {
            "name": "EPSG:4326"
          }
        },
        "coordinates": [
          -63.84797,
          10.95547
        ]
      },
      "properties": {
        "id": "electrecidad_504"
      }
    },
    {
      "type": "Feature",
      "geometry": {
        "type": "Point",
        "crs": {
          "type": "name",
          "properties": {
            "name": "EPSG:4326"
          }
        },
        "coordinates": [
          -63.8685,
          11.14984
        ]
      },
      "properties": {
        "id": "electrecidad_505"
      }
    },
    {
      "type": "Feature",
      "geometry": {
        "type": "Point",
        "crs": {
          "type": "name",
          "properties": {
            "name": "EPSG:4326"
          }
        },
        "coordinates": [
          -63.84217,
          10.95657
        ]
      },
      "properties": {
        "id": "electrecidad_506"
      }
    },
    {
      "type": "Feature",
      "geometry": {
        "type": "Point",
        "crs": {
          "type": "name",
          "properties": {
            "name": "EPSG:4326"
          }
        },
        "coordinates": [
          -63.92712,
          11.12258
        ]
      },
      "properties": {
        "id": "electrecidad_507"
      }
    },
    {
      "type": "Feature",
      "geometry": {
        "type": "Point",
        "crs": {
          "type": "name",
          "properties": {
            "name": "EPSG:4326"
          }
        },
        "coordinates": [
          -63.8139138888889,
          10.998925
        ]
      },
      "properties": {
        "id": "electrecidad_508"
      }
    },
    {
      "type": "Feature",
      "geometry": {
        "type": "Point",
        "crs": {
          "type": "name",
          "properties": {
            "name": "EPSG:4326"
          }
        },
        "coordinates": [
          -63.9785388888889,
          10.9374888888889
        ]
      },
      "properties": {
        "id": "electrecidad_509"
      }
    },
    {
      "type": "Feature",
      "geometry": {
        "type": "Point",
        "crs": {
          "type": "name",
          "properties": {
            "name": "EPSG:4326"
          }
        },
        "coordinates": [
          -63.8619444444444,
          11.0277166666667
        ]
      },
      "properties": {
        "id": "electrecidad_510"
      }
    },
    {
      "type": "Feature",
      "geometry": {
        "type": "Point",
        "crs": {
          "type": "name",
          "properties": {
            "name": "EPSG:4326"
          }
        },
        "coordinates": [
          -63.9270861111111,
          10.9510805555556
        ]
      },
      "properties": {
        "id": "electrecidad_511"
      }
    },
    {
      "type": "Feature",
      "geometry": {
        "type": "Point",
        "crs": {
          "type": "name",
          "properties": {
            "name": "EPSG:4326"
          }
        },
        "coordinates": [
          -64.3606944444444,
          11.0552944444444
        ]
      },
      "properties": {
        "id": "electrecidad_512"
      }
    },
    {
      "type": "Feature",
      "geometry": {
        "type": "Point",
        "crs": {
          "type": "name",
          "properties": {
            "name": "EPSG:4326"
          }
        },
        "coordinates": [
          -63.8063527777778,
          10.994425
        ]
      },
      "properties": {
        "id": "electrecidad_513"
      }
    },
    {
      "type": "Feature",
      "geometry": {
        "type": "Point",
        "crs": {
          "type": "name",
          "properties": {
            "name": "EPSG:4326"
          }
        },
        "coordinates": [
          -63.9472111111111,
          11.0910694444444
        ]
      },
      "properties": {
        "id": "electrecidad_514"
      }
    },
    {
      "type": "Feature",
      "geometry": {
        "type": "Point",
        "crs": {
          "type": "name",
          "properties": {
            "name": "EPSG:4326"
          }
        },
        "coordinates": [
          -63.9814305555556,
          10.7940944444444
        ]
      },
      "properties": {
        "id": "electrecidad_515"
      }
    },
    {
      "type": "Feature",
      "geometry": {
        "type": "Point",
        "crs": {
          "type": "name",
          "properties": {
            "name": "EPSG:4326"
          }
        },
        "coordinates": [
          -66.9570916666667,
          10.595825
        ]
      },
      "properties": {
        "id": "electrecidad_516"
      }
    },
    {
      "type": "Feature",
      "geometry": {
        "type": "Point",
        "crs": {
          "type": "name",
          "properties": {
            "name": "EPSG:4326"
          }
        },
        "coordinates": [
          -63.7961722222222,
          10.9997638888889
        ]
      },
      "properties": {
        "id": "electrecidad_517"
      }
    },
    {
      "type": "Feature",
      "geometry": {
        "type": "Point",
        "crs": {
          "type": "name",
          "properties": {
            "name": "EPSG:4326"
          }
        },
        "coordinates": [
          -64.099725,
          10.9456722222222
        ]
      },
      "properties": {
        "id": "electrecidad_518"
      }
    },
    {
      "type": "Feature",
      "geometry": {
        "type": "Point",
        "crs": {
          "type": "name",
          "properties": {
            "name": "EPSG:4326"
          }
        },
        "coordinates": [
          -64.10647,
          10.90097
        ]
      },
      "properties": {
        "id": "electrecidad_519"
      }
    },
    {
      "type": "Feature",
      "geometry": {
        "type": "Point",
        "crs": {
          "type": "name",
          "properties": {
            "name": "EPSG:4326"
          }
        },
        "coordinates": [
          -63.97819,
          10.97328
        ]
      },
      "properties": {
        "id": "electrecidad_520"
      }
    },
    {
      "type": "Feature",
      "geometry": {
        "type": "Point",
        "crs": {
          "type": "name",
          "properties": {
            "name": "EPSG:4326"
          }
        },
        "coordinates": [
          -63.9197,
          11.11471
        ]
      },
      "properties": {
        "id": "electrecidad_521"
      }
    },
    {
      "type": "Feature",
      "geometry": {
        "type": "Point",
        "crs": {
          "type": "name",
          "properties": {
            "name": "EPSG:4326"
          }
        },
        "coordinates": [
          -63.8405888888889,
          11.0238583333333
        ]
      },
      "properties": {
        "id": "electrecidad_522"
      }
    },
    {
      "type": "Feature",
      "geometry": {
        "type": "Point",
        "crs": {
          "type": "name",
          "properties": {
            "name": "EPSG:4326"
          }
        },
        "coordinates": [
          -63.86994,
          11.04156
        ]
      },
      "properties": {
        "id": "electrecidad_523"
      }
    },
    {
      "type": "Feature",
      "geometry": {
        "type": "Point",
        "crs": {
          "type": "name",
          "properties": {
            "name": "EPSG:4326"
          }
        },
        "coordinates": [
          -63.85102,
          10.95946
        ]
      },
      "properties": {
        "id": "electrecidad_524"
      }
    },
    {
      "type": "Feature",
      "geometry": {
        "type": "Point",
        "crs": {
          "type": "name",
          "properties": {
            "name": "EPSG:4326"
          }
        },
        "coordinates": [
          -63.86754,
          11.03186
        ]
      },
      "properties": {
        "id": "electrecidad_525"
      }
    },
    {
      "type": "Feature",
      "geometry": {
        "type": "Point",
        "crs": {
          "type": "name",
          "properties": {
            "name": "EPSG:4326"
          }
        },
        "coordinates": [
          -66.8707055555555,
          10.2187833333333
        ]
      },
      "properties": {
        "id": "electrecidad_526"
      }
    },
    {
      "type": "Feature",
      "geometry": {
        "type": "Point",
        "crs": {
          "type": "name",
          "properties": {
            "name": "EPSG:4326"
          }
        },
        "coordinates": [
          -63.8605083333333,
          10.9562583333333
        ]
      },
      "properties": {
        "id": "electrecidad_527"
      }
    },
    {
      "type": "Feature",
      "geometry": {
        "type": "Point",
        "crs": {
          "type": "name",
          "properties": {
            "name": "EPSG:4326"
          }
        },
        "coordinates": [
          -63.9719777777778,
          11.0838666666667
        ]
      },
      "properties": {
        "id": "electrecidad_528"
      }
    },
    {
      "type": "Feature",
      "geometry": {
        "type": "Point",
        "crs": {
          "type": "name",
          "properties": {
            "name": "EPSG:4326"
          }
        },
        "coordinates": [
          -63.9861555555556,
          10.9565888888889
        ]
      },
      "properties": {
        "id": "electrecidad_529"
      }
    },
    {
      "type": "Feature",
      "geometry": {
        "type": "Point",
        "crs": {
          "type": "name",
          "properties": {
            "name": "EPSG:4326"
          }
        },
        "coordinates": [
          -63.8199416666667,
          10.9826833333333
        ]
      },
      "properties": {
        "id": "electrecidad_530"
      }
    },
    {
      "type": "Feature",
      "geometry": {
        "type": "Point",
        "crs": {
          "type": "name",
          "properties": {
            "name": "EPSG:4326"
          }
        },
        "coordinates": [
          -63.8104972222222,
          10.9962888888889
        ]
      },
      "properties": {
        "id": "electrecidad_531"
      }
    },
    {
      "type": "Feature",
      "geometry": {
        "type": "Point",
        "crs": {
          "type": "name",
          "properties": {
            "name": "EPSG:4326"
          }
        },
        "coordinates": [
          -63.8246305555556,
          10.9940916666667
        ]
      },
      "properties": {
        "id": "electrecidad_532"
      }
    },
    {
      "type": "Feature",
      "geometry": {
        "type": "Point",
        "crs": {
          "type": "name",
          "properties": {
            "name": "EPSG:4326"
          }
        },
        "coordinates": [
          -63.8470333333333,
          11.11255
        ]
      },
      "properties": {
        "id": "electrecidad_533"
      }
    },
    {
      "type": "Feature",
      "geometry": {
        "type": "Point",
        "crs": {
          "type": "name",
          "properties": {
            "name": "EPSG:4326"
          }
        },
        "coordinates": [
          -63.8523111111111,
          10.9577305555556
        ]
      },
      "properties": {
        "id": "electrecidad_534"
      }
    },
    {
      "type": "Feature",
      "geometry": {
        "type": "Point",
        "crs": {
          "type": "name",
          "properties": {
            "name": "EPSG:4326"
          }
        },
        "coordinates": [
          -63.8618833333333,
          10.9686972222222
        ]
      },
      "properties": {
        "id": "electrecidad_535"
      }
    },
    {
      "type": "Feature",
      "geometry": {
        "type": "Point",
        "crs": {
          "type": "name",
          "properties": {
            "name": "EPSG:4326"
          }
        },
        "coordinates": [
          -63.9507583333333,
          11.0912388888889
        ]
      },
      "properties": {
        "id": "electrecidad_536"
      }
    },
    {
      "type": "Feature",
      "geometry": {
        "type": "Point",
        "crs": {
          "type": "name",
          "properties": {
            "name": "EPSG:4326"
          }
        },
        "coordinates": [
          -63.8393361111111,
          10.9749083333333
        ]
      },
      "properties": {
        "id": "electrecidad_537"
      }
    },
    {
      "type": "Feature",
      "geometry": {
        "type": "Point",
        "crs": {
          "type": "name",
          "properties": {
            "name": "EPSG:4326"
          }
        },
        "coordinates": [
          -64.37836,
          11.00839
        ]
      },
      "properties": {
        "id": "electrecidad_538"
      }
    },
    {
      "type": "Feature",
      "geometry": {
        "type": "Point",
        "crs": {
          "type": "name",
          "properties": {
            "name": "EPSG:4326"
          }
        },
        "coordinates": [
          -64.21509,
          10.93826
        ]
      },
      "properties": {
        "id": "electrecidad_539"
      }
    },
    {
      "type": "Feature",
      "geometry": {
        "type": "Point",
        "crs": {
          "type": "name",
          "properties": {
            "name": "EPSG:4326"
          }
        },
        "coordinates": [
          -64.03266,
          10.95751
        ]
      },
      "properties": {
        "id": "electrecidad_540"
      }
    },
    {
      "type": "Feature",
      "geometry": {
        "type": "Point",
        "crs": {
          "type": "name",
          "properties": {
            "name": "EPSG:4326"
          }
        },
        "coordinates": [
          -63.94935,
          11.02066
        ]
      },
      "properties": {
        "id": "electrecidad_541"
      }
    },
    {
      "type": "Feature",
      "geometry": {
        "type": "Point",
        "crs": {
          "type": "name",
          "properties": {
            "name": "EPSG:4326"
          }
        },
        "coordinates": [
          -63.9495,
          11.07254
        ]
      },
      "properties": {
        "id": "electrecidad_542"
      }
    },
    {
      "type": "Feature",
      "geometry": {
        "type": "Point",
        "crs": {
          "type": "name",
          "properties": {
            "name": "EPSG:4326"
          }
        },
        "coordinates": [
          -63.86558,
          11.07834
        ]
      },
      "properties": {
        "id": "electrecidad_543"
      }
    },
    {
      "type": "Feature",
      "geometry": {
        "type": "Point",
        "crs": {
          "type": "name",
          "properties": {
            "name": "EPSG:4326"
          }
        },
        "coordinates": [
          -63.85803,
          11.07491
        ]
      },
      "properties": {
        "id": "electrecidad_544"
      }
    },
    {
      "type": "Feature",
      "geometry": {
        "type": "Point",
        "crs": {
          "type": "name",
          "properties": {
            "name": "EPSG:4326"
          }
        },
        "coordinates": [
          -63.85393,
          10.95348
        ]
      },
      "properties": {
        "id": "electrecidad_545"
      }
    },
    {
      "type": "Feature",
      "geometry": {
        "type": "Point",
        "crs": {
          "type": "name",
          "properties": {
            "name": "EPSG:4326"
          }
        },
        "coordinates": [
          -63.85359,
          10.95612
        ]
      },
      "properties": {
        "id": "electrecidad_546"
      }
    },
    {
      "type": "Feature",
      "geometry": {
        "type": "Point",
        "crs": {
          "type": "name",
          "properties": {
            "name": "EPSG:4326"
          }
        },
        "coordinates": [
          -63.85739,
          11.02369
        ]
      },
      "properties": {
        "id": "electrecidad_547"
      }
    },
    {
      "type": "Feature",
      "geometry": {
        "type": "Point",
        "crs": {
          "type": "name",
          "properties": {
            "name": "EPSG:4326"
          }
        },
        "coordinates": [
          -64.0579361111111,
          10.9297777777778
        ]
      },
      "properties": {
        "id": "electrecidad_548"
      }
    },
    {
      "type": "Feature",
      "geometry": {
        "type": "Point",
        "crs": {
          "type": "name",
          "properties": {
            "name": "EPSG:4326"
          }
        },
        "coordinates": [
          -63.9520277777778,
          11.0619444444444
        ]
      },
      "properties": {
        "id": "electrecidad_549"
      }
    },
    {
      "type": "Feature",
      "geometry": {
        "type": "Point",
        "crs": {
          "type": "name",
          "properties": {
            "name": "EPSG:4326"
          }
        },
        "coordinates": [
          -63.9724416666667,
          10.9167444444444
        ]
      },
      "properties": {
        "id": "electrecidad_550"
      }
    },
    {
      "type": "Feature",
      "geometry": {
        "type": "Point",
        "crs": {
          "type": "name",
          "properties": {
            "name": "EPSG:4326"
          }
        },
        "coordinates": [
          -65.2225694444444,
          10.95355
        ]
      },
      "properties": {
        "id": "electrecidad_551"
      }
    },
    {
      "type": "Feature",
      "geometry": {
        "type": "Point",
        "crs": {
          "type": "name",
          "properties": {
            "name": "EPSG:4326"
          }
        },
        "coordinates": [
          -64.2921,
          11.0197194444444
        ]
      },
      "properties": {
        "id": "electrecidad_552"
      }
    },
    {
      "type": "Feature",
      "geometry": {
        "type": "Point",
        "crs": {
          "type": "name",
          "properties": {
            "name": "EPSG:4326"
          }
        },
        "coordinates": [
          -63.8524694444444,
          10.9774388888889
        ]
      },
      "properties": {
        "id": "electrecidad_553"
      }
    },
    {
      "type": "Feature",
      "geometry": {
        "type": "Point",
        "crs": {
          "type": "name",
          "properties": {
            "name": "EPSG:4326"
          }
        },
        "coordinates": [
          -63.8537194444444,
          10.9579583333333
        ]
      },
      "properties": {
        "id": "electrecidad_554"
      }
    },
    {
      "type": "Feature",
      "geometry": {
        "type": "Point",
        "crs": {
          "type": "name",
          "properties": {
            "name": "EPSG:4326"
          }
        },
        "coordinates": [
          -63.8667888888889,
          11.1422388888889
        ]
      },
      "properties": {
        "id": "electrecidad_555"
      }
    },
    {
      "type": "Feature",
      "geometry": {
        "type": "Point",
        "crs": {
          "type": "name",
          "properties": {
            "name": "EPSG:4326"
          }
        },
        "coordinates": [
          -63.8204,
          10.99045
        ]
      },
      "properties": {
        "id": "electrecidad_556"
      }
    },
    {
      "type": "Feature",
      "geometry": {
        "type": "Point",
        "crs": {
          "type": "name",
          "properties": {
            "name": "EPSG:4326"
          }
        },
        "coordinates": [
          -63.9276194444444,
          10.9467194444444
        ]
      },
      "properties": {
        "id": "electrecidad_557"
      }
    },
    {
      "type": "Feature",
      "geometry": {
        "type": "Point",
        "crs": {
          "type": "name",
          "properties": {
            "name": "EPSG:4326"
          }
        },
        "coordinates": [
          -66.3796166666667,
          10.2842416666667
        ]
      },
      "properties": {
        "id": "electrecidad_558"
      }
    },
    {
      "type": "Feature",
      "geometry": {
        "type": "Point",
        "crs": {
          "type": "name",
          "properties": {
            "name": "EPSG:4326"
          }
        },
        "coordinates": [
          -66.9537555555556,
          10.479975
        ]
      },
      "properties": {
        "id": "electrecidad_559"
      }
    },
    {
      "type": "Feature",
      "geometry": {
        "type": "Point",
        "crs": {
          "type": "name",
          "properties": {
            "name": "EPSG:4326"
          }
        },
        "coordinates": [
          -71.6461805555556,
          10.69785
        ]
      },
      "properties": {
        "id": "electrecidad_560"
      }
    },
    {
      "type": "Feature",
      "geometry": {
        "type": "Point",
        "crs": {
          "type": "name",
          "properties": {
            "name": "EPSG:4326"
          }
        },
        "coordinates": [
          -67.9764083333333,
          10.4770472222222
        ]
      },
      "properties": {
        "id": "electrecidad_561"
      }
    },
    {
      "type": "Feature",
      "geometry": {
        "type": "Point",
        "crs": {
          "type": "name",
          "properties": {
            "name": "EPSG:4326"
          }
        },
        "coordinates": [
          -63.7959694444444,
          10.9994333333333
        ]
      },
      "properties": {
        "id": "electrecidad_562"
      }
    },
    {
      "type": "Feature",
      "geometry": {
        "type": "Point",
        "crs": {
          "type": "name",
          "properties": {
            "name": "EPSG:4326"
          }
        },
        "coordinates": [
          -63.95412,
          10.95238
        ]
      },
      "properties": {
        "id": "electrecidad_563"
      }
    },
    {
      "type": "Feature",
      "geometry": {
        "type": "Point",
        "crs": {
          "type": "name",
          "properties": {
            "name": "EPSG:4326"
          }
        },
        "coordinates": [
          -63.84597,
          10.9676
        ]
      },
      "properties": {
        "id": "electrecidad_564"
      }
    },
    {
      "type": "Feature",
      "geometry": {
        "type": "Point",
        "crs": {
          "type": "name",
          "properties": {
            "name": "EPSG:4326"
          }
        },
        "coordinates": [
          -63.86934,
          11.14408
        ]
      },
      "properties": {
        "id": "electrecidad_565"
      }
    },
    {
      "type": "Feature",
      "geometry": {
        "type": "Point",
        "crs": {
          "type": "name",
          "properties": {
            "name": "EPSG:4326"
          }
        },
        "coordinates": [
          -63.86071,
          11.14054
        ]
      },
      "properties": {
        "id": "electrecidad_566"
      }
    },
    {
      "type": "Feature",
      "geometry": {
        "type": "Point",
        "crs": {
          "type": "name",
          "properties": {
            "name": "EPSG:4326"
          }
        },
        "coordinates": [
          -63.82567,
          10.96487
        ]
      },
      "properties": {
        "id": "electrecidad_567"
      }
    },
    {
      "type": "Feature",
      "geometry": {
        "type": "Point",
        "crs": {
          "type": "name",
          "properties": {
            "name": "EPSG:4326"
          }
        },
        "coordinates": [
          -63.8251416666667,
          10.9649111111111
        ]
      },
      "properties": {
        "id": "electrecidad_568"
      }
    },
    {
      "type": "Feature",
      "geometry": {
        "type": "Point",
        "crs": {
          "type": "name",
          "properties": {
            "name": "EPSG:4326"
          }
        },
        "coordinates": [
          -63.9597777777778,
          11.0649527777778
        ]
      },
      "properties": {
        "id": "electrecidad_569"
      }
    },
    {
      "type": "Feature",
      "geometry": {
        "type": "Point",
        "crs": {
          "type": "name",
          "properties": {
            "name": "EPSG:4326"
          }
        },
        "coordinates": [
          -64.062975,
          10.8630972222222
        ]
      },
      "properties": {
        "id": "electrecidad_570"
      }
    },
    {
      "type": "Feature",
      "geometry": {
        "type": "Point",
        "crs": {
          "type": "name",
          "properties": {
            "name": "EPSG:4326"
          }
        },
        "coordinates": [
          -64.0666,
          10.8588388888889
        ]
      },
      "properties": {
        "id": "electrecidad_571"
      }
    },
    {
      "type": "Feature",
      "geometry": {
        "type": "Point",
        "crs": {
          "type": "name",
          "properties": {
            "name": "EPSG:4326"
          }
        },
        "coordinates": [
          -63.9097833333333,
          11.1548444444444
        ]
      },
      "properties": {
        "id": "electrecidad_572"
      }
    },
    {
      "type": "Feature",
      "geometry": {
        "type": "Point",
        "crs": {
          "type": "name",
          "properties": {
            "name": "EPSG:4326"
          }
        },
        "coordinates": [
          -63.8603666666667,
          11.0715222222222
        ]
      },
      "properties": {
        "id": "electrecidad_573"
      }
    },
    {
      "type": "Feature",
      "geometry": {
        "type": "Point",
        "crs": {
          "type": "name",
          "properties": {
            "name": "EPSG:4326"
          }
        },
        "coordinates": [
          -63.7775472222222,
          10.9979166666667
        ]
      },
      "properties": {
        "id": "electrecidad_574"
      }
    },
    {
      "type": "Feature",
      "geometry": {
        "type": "Point",
        "crs": {
          "type": "name",
          "properties": {
            "name": "EPSG:4326"
          }
        },
        "coordinates": [
          -63.9681222222222,
          10.9196194444444
        ]
      },
      "properties": {
        "id": "electrecidad_575"
      }
    },
    {
      "type": "Feature",
      "geometry": {
        "type": "Point",
        "crs": {
          "type": "name",
          "properties": {
            "name": "EPSG:4326"
          }
        },
        "coordinates": [
          -63.7959694444444,
          10.9994333333333
        ]
      },
      "properties": {
        "id": "electrecidad_576"
      }
    },
    {
      "type": "Feature",
      "geometry": {
        "type": "Point",
        "crs": {
          "type": "name",
          "properties": {
            "name": "EPSG:4326"
          }
        },
        "coordinates": [
          -67.9764083333333,
          10.4770472222222
        ]
      },
      "properties": {
        "id": "electrecidad_577"
      }
    },
    {
      "type": "Feature",
      "geometry": {
        "type": "Point",
        "crs": {
          "type": "name",
          "properties": {
            "name": "EPSG:4326"
          }
        },
        "coordinates": [
          -64.37371,
          11.0289
        ]
      },
      "properties": {
        "id": "electrecidad_578"
      }
    },
    {
      "type": "Feature",
      "geometry": {
        "type": "Point",
        "crs": {
          "type": "name",
          "properties": {
            "name": "EPSG:4326"
          }
        },
        "coordinates": [
          -64.21509,
          10.93826
        ]
      },
      "properties": {
        "id": "electrecidad_579"
      }
    },
    {
      "type": "Feature",
      "geometry": {
        "type": "Point",
        "crs": {
          "type": "name",
          "properties": {
            "name": "EPSG:4326"
          }
        },
        "coordinates": [
          -64.01918,
          10.99618
        ]
      },
      "properties": {
        "id": "electrecidad_580"
      }
    },
    {
      "type": "Feature",
      "geometry": {
        "type": "Point",
        "crs": {
          "type": "name",
          "properties": {
            "name": "EPSG:4326"
          }
        },
        "coordinates": [
          -63.93082,
          10.95268
        ]
      },
      "properties": {
        "id": "electrecidad_581"
      }
    },
    {
      "type": "Feature",
      "geometry": {
        "type": "Point",
        "crs": {
          "type": "name",
          "properties": {
            "name": "EPSG:4326"
          }
        },
        "coordinates": [
          -63.95852,
          11.07235
        ]
      },
      "properties": {
        "id": "electrecidad_582"
      }
    },
    {
      "type": "Feature",
      "geometry": {
        "type": "Point",
        "crs": {
          "type": "name",
          "properties": {
            "name": "EPSG:4326"
          }
        },
        "coordinates": [
          -63.847,
          10.96433
        ]
      },
      "properties": {
        "id": "electrecidad_583"
      }
    },
    {
      "type": "Feature",
      "geometry": {
        "type": "Point",
        "crs": {
          "type": "name",
          "properties": {
            "name": "EPSG:4326"
          }
        },
        "coordinates": [
          -63.8535,
          10.95517
        ]
      },
      "properties": {
        "id": "electrecidad_584"
      }
    },
    {
      "type": "Feature",
      "geometry": {
        "type": "Point",
        "crs": {
          "type": "name",
          "properties": {
            "name": "EPSG:4326"
          }
        },
        "coordinates": [
          -63.86902,
          10.99525
        ]
      },
      "properties": {
        "id": "electrecidad_585"
      }
    },
    {
      "type": "Feature",
      "geometry": {
        "type": "Point",
        "crs": {
          "type": "name",
          "properties": {
            "name": "EPSG:4326"
          }
        },
        "coordinates": [
          -63.86807,
          11.03916
        ]
      },
      "properties": {
        "id": "electrecidad_586"
      }
    },
    {
      "type": "Feature",
      "geometry": {
        "type": "Point",
        "crs": {
          "type": "name",
          "properties": {
            "name": "EPSG:4326"
          }
        },
        "coordinates": [
          -63.8547805555556,
          11.0227416666667
        ]
      },
      "properties": {
        "id": "electrecidad_587"
      }
    },
    {
      "type": "Feature",
      "geometry": {
        "type": "Point",
        "crs": {
          "type": "name",
          "properties": {
            "name": "EPSG:4326"
          }
        },
        "coordinates": [
          -63.8570944444444,
          10.9583611111111
        ]
      },
      "properties": {
        "id": "electrecidad_588"
      }
    },
    {
      "type": "Feature",
      "geometry": {
        "type": "Point",
        "crs": {
          "type": "name",
          "properties": {
            "name": "EPSG:4326"
          }
        },
        "coordinates": [
          -64.0277583333333,
          10.9484694444444
        ]
      },
      "properties": {
        "id": "electrecidad_589"
      }
    },
    {
      "type": "Feature",
      "geometry": {
        "type": "Point",
        "crs": {
          "type": "name",
          "properties": {
            "name": "EPSG:4326"
          }
        },
        "coordinates": [
          -63.872175,
          11.0409361111111
        ]
      },
      "properties": {
        "id": "electrecidad_590"
      }
    },
    {
      "type": "Feature",
      "geometry": {
        "type": "Point",
        "crs": {
          "type": "name",
          "properties": {
            "name": "EPSG:4326"
          }
        },
        "coordinates": [
          -63.85131,
          10.96142
        ]
      },
      "properties": {
        "id": "electrecidad_591"
      }
    },
    {
      "type": "Feature",
      "geometry": {
        "type": "Point",
        "crs": {
          "type": "name",
          "properties": {
            "name": "EPSG:4326"
          }
        },
        "coordinates": [
          -63.85666,
          10.96367
        ]
      },
      "properties": {
        "id": "electrecidad_592"
      }
    },
    {
      "type": "Feature",
      "geometry": {
        "type": "Point",
        "crs": {
          "type": "name",
          "properties": {
            "name": "EPSG:4326"
          }
        },
        "coordinates": [
          -63.88861,
          10.98689
        ]
      },
      "properties": {
        "id": "electrecidad_593"
      }
    },
    {
      "type": "Feature",
      "geometry": {
        "type": "Point",
        "crs": {
          "type": "name",
          "properties": {
            "name": "EPSG:4326"
          }
        },
        "coordinates": [
          -63.8638,
          11.04375
        ]
      },
      "properties": {
        "id": "electrecidad_594"
      }
    },
    {
      "type": "Feature",
      "geometry": {
        "type": "Point",
        "crs": {
          "type": "name",
          "properties": {
            "name": "EPSG:4326"
          }
        },
        "coordinates": [
          -63.9572916666667,
          11.0694055555556
        ]
      },
      "properties": {
        "id": "electrecidad_595"
      }
    },
    {
      "type": "Feature",
      "geometry": {
        "type": "Point",
        "crs": {
          "type": "name",
          "properties": {
            "name": "EPSG:4326"
          }
        },
        "coordinates": [
          -63.8846222222222,
          10.9838527777778
        ]
      },
      "properties": {
        "id": "electrecidad_596"
      }
    },
    {
      "type": "Feature",
      "geometry": {
        "type": "Point",
        "crs": {
          "type": "name",
          "properties": {
            "name": "EPSG:4326"
          }
        },
        "coordinates": [
          -63.8665527777778,
          10.9665805555556
        ]
      },
      "properties": {
        "id": "electrecidad_597"
      }
    },
    {
      "type": "Feature",
      "geometry": {
        "type": "Point",
        "crs": {
          "type": "name",
          "properties": {
            "name": "EPSG:4326"
          }
        },
        "coordinates": [
          -70.2263888888889,
          11.6452777777778
        ]
      },
      "properties": {
        "id": "electrecidad_598"
      }
    },
    {
      "type": "Feature",
      "geometry": {
        "type": "Point",
        "crs": {
          "type": "name",
          "properties": {
            "name": "EPSG:4326"
          }
        },
        "coordinates": [
          -63.83853,
          11.00798
        ]
      },
      "properties": {
        "id": "electrecidad_599"
      }
    },
    {
      "type": "Feature",
      "geometry": {
        "type": "Point",
        "crs": {
          "type": "name",
          "properties": {
            "name": "EPSG:4326"
          }
        },
        "coordinates": [
          -63.84292,
          11.02959
        ]
      },
      "properties": {
        "id": "electrecidad_600"
      }
    },
    {
      "type": "Feature",
      "geometry": {
        "type": "Point",
        "crs": {
          "type": "name",
          "properties": {
            "name": "EPSG:4326"
          }
        },
        "coordinates": [
          -63.9433305555556,
          11.0468527777778
        ]
      },
      "properties": {
        "id": "electrecidad_601"
      }
    },
    {
      "type": "Feature",
      "geometry": {
        "type": "Point",
        "crs": {
          "type": "name",
          "properties": {
            "name": "EPSG:4326"
          }
        },
        "coordinates": [
          -63.8113666666667,
          11.0102666666667
        ]
      },
      "properties": {
        "id": "electrecidad_602"
      }
    },
    {
      "type": "Feature",
      "geometry": {
        "type": "Point",
        "crs": {
          "type": "name",
          "properties": {
            "name": "EPSG:4326"
          }
        },
        "coordinates": [
          -63.8613,
          10.9573277777778
        ]
      },
      "properties": {
        "id": "electrecidad_603"
      }
    },
    {
      "type": "Feature",
      "geometry": {
        "type": "Point",
        "crs": {
          "type": "name",
          "properties": {
            "name": "EPSG:4326"
          }
        },
        "coordinates": [
          -63.8150222222222,
          10.9888083333333
        ]
      },
      "properties": {
        "id": "electrecidad_604"
      }
    },
    {
      "type": "Feature",
      "geometry": {
        "type": "Point",
        "crs": {
          "type": "name",
          "properties": {
            "name": "EPSG:4326"
          }
        },
        "coordinates": [
          -63.8138055555556,
          10.9852722222222
        ]
      },
      "properties": {
        "id": "electrecidad_605"
      }
    },
    {
      "type": "Feature",
      "geometry": {
        "type": "Point",
        "crs": {
          "type": "name",
          "properties": {
            "name": "EPSG:4326"
          }
        },
        "coordinates": [
          -63.8635194444444,
          11.0289
        ]
      },
      "properties": {
        "id": "electrecidad_606"
      }
    },
    {
      "type": "Feature",
      "geometry": {
        "type": "Point",
        "crs": {
          "type": "name",
          "properties": {
            "name": "EPSG:4326"
          }
        },
        "coordinates": [
          -63.79898,
          10.99937
        ]
      },
      "properties": {
        "id": "electrecidad_607"
      }
    },
    {
      "type": "Feature",
      "geometry": {
        "type": "Point",
        "crs": {
          "type": "name",
          "properties": {
            "name": "EPSG:4326"
          }
        },
        "coordinates": [
          -63.86498,
          11.03386
        ]
      },
      "properties": {
        "id": "electrecidad_608"
      }
    },
    {
      "type": "Feature",
      "geometry": {
        "type": "Point",
        "crs": {
          "type": "name",
          "properties": {
            "name": "EPSG:4326"
          }
        },
        "coordinates": [
          -63.9628305555556,
          11.0761527777778
        ]
      },
      "properties": {
        "id": "electrecidad_609"
      }
    },
    {
      "type": "Feature",
      "geometry": {
        "type": "Point",
        "crs": {
          "type": "name",
          "properties": {
            "name": "EPSG:4326"
          }
        },
        "coordinates": [
          -63.8233083333333,
          11.0004555555556
        ]
      },
      "properties": {
        "id": "electrecidad_610"
      }
    },
    {
      "type": "Feature",
      "geometry": {
        "type": "Point",
        "crs": {
          "type": "name",
          "properties": {
            "name": "EPSG:4326"
          }
        },
        "coordinates": [
          -63.977025,
          11.0750555555556
        ]
      },
      "properties": {
        "id": "electrecidad_611"
      }
    },
    {
      "type": "Feature",
      "geometry": {
        "type": "Point",
        "crs": {
          "type": "name",
          "properties": {
            "name": "EPSG:4326"
          }
        },
        "coordinates": [
          -67.9990472222222,
          10.4904055555556
        ]
      },
      "properties": {
        "id": "electrecidad_612"
      }
    },
    {
      "type": "Feature",
      "geometry": {
        "type": "Point",
        "crs": {
          "type": "name",
          "properties": {
            "name": "EPSG:4326"
          }
        },
        "coordinates": [
          -63.85393,
          10.95348
        ]
      },
      "properties": {
        "id": "electrecidad_613"
      }
    },
    {
      "type": "Feature",
      "geometry": {
        "type": "Point",
        "crs": {
          "type": "name",
          "properties": {
            "name": "EPSG:4326"
          }
        },
        "coordinates": [
          -63.88618,
          10.98221
        ]
      },
      "properties": {
        "id": "electrecidad_614"
      }
    },
    {
      "type": "Feature",
      "geometry": {
        "type": "Point",
        "crs": {
          "type": "name",
          "properties": {
            "name": "EPSG:4326"
          }
        },
        "coordinates": [
          -63.85528,
          11.02615
        ]
      },
      "properties": {
        "id": "electrecidad_615"
      }
    },
    {
      "type": "Feature",
      "geometry": {
        "type": "Point",
        "crs": {
          "type": "name",
          "properties": {
            "name": "EPSG:4326"
          }
        },
        "coordinates": [
          -63.8573888888889,
          11.0236888888889
        ]
      },
      "properties": {
        "id": "electrecidad_616"
      }
    },
    {
      "type": "Feature",
      "geometry": {
        "type": "Point",
        "crs": {
          "type": "name",
          "properties": {
            "name": "EPSG:4326"
          }
        },
        "coordinates": [
          -63.8372444444444,
          10.9764416666667
        ]
      },
      "properties": {
        "id": "electrecidad_617"
      }
    },
    {
      "type": "Feature",
      "geometry": {
        "type": "Point",
        "crs": {
          "type": "name",
          "properties": {
            "name": "EPSG:4326"
          }
        },
        "coordinates": [
          -63.8651333333333,
          11.0279416666667
        ]
      },
      "properties": {
        "id": "electrecidad_618"
      }
    },
    {
      "type": "Feature",
      "geometry": {
        "type": "Point",
        "crs": {
          "type": "name",
          "properties": {
            "name": "EPSG:4326"
          }
        },
        "coordinates": [
          -64.1071694444444,
          10.9027694444444
        ]
      },
      "properties": {
        "id": "electrecidad_619"
      }
    },
    {
      "type": "Feature",
      "geometry": {
        "type": "Point",
        "crs": {
          "type": "name",
          "properties": {
            "name": "EPSG:4326"
          }
        },
        "coordinates": [
          -63.85048,
          10.96024
        ]
      },
      "properties": {
        "id": "electrecidad_620"
      }
    },
    {
      "type": "Feature",
      "geometry": {
        "type": "Point",
        "crs": {
          "type": "name",
          "properties": {
            "name": "EPSG:4326"
          }
        },
        "coordinates": [
          -63.86078,
          10.97603
        ]
      },
      "properties": {
        "id": "electrecidad_621"
      }
    },
    {
      "type": "Feature",
      "geometry": {
        "type": "Point",
        "crs": {
          "type": "name",
          "properties": {
            "name": "EPSG:4326"
          }
        },
        "coordinates": [
          -63.83919,
          10.96948
        ]
      },
      "properties": {
        "id": "electrecidad_622"
      }
    },
    {
      "type": "Feature",
      "geometry": {
        "type": "Point",
        "crs": {
          "type": "name",
          "properties": {
            "name": "EPSG:4326"
          }
        },
        "coordinates": [
          -63.8515972222222,
          10.9621138888889
        ]
      },
      "properties": {
        "id": "electrecidad_623"
      }
    },
    {
      "type": "Feature",
      "geometry": {
        "type": "Point",
        "crs": {
          "type": "name",
          "properties": {
            "name": "EPSG:4326"
          }
        },
        "coordinates": [
          -63.8517361111111,
          10.9610944444444
        ]
      },
      "properties": {
        "id": "electrecidad_624"
      }
    },
    {
      "type": "Feature",
      "geometry": {
        "type": "Point",
        "crs": {
          "type": "name",
          "properties": {
            "name": "EPSG:4326"
          }
        },
        "coordinates": [
          -63.8556472222222,
          11.0247611111111
        ]
      },
      "properties": {
        "id": "electrecidad_625"
      }
    },
    {
      "type": "Feature",
      "geometry": {
        "type": "Point",
        "crs": {
          "type": "name",
          "properties": {
            "name": "EPSG:4326"
          }
        },
        "coordinates": [
          -63.9314555555556,
          10.9468305555556
        ]
      },
      "properties": {
        "id": "electrecidad_626"
      }
    },
    {
      "type": "Feature",
      "geometry": {
        "type": "Point",
        "crs": {
          "type": "name",
          "properties": {
            "name": "EPSG:4326"
          }
        },
        "coordinates": [
          -63.8558,
          10.96148
        ]
      },
      "properties": {
        "id": "electrecidad_627"
      }
    },
    {
      "type": "Feature",
      "geometry": {
        "type": "Point",
        "crs": {
          "type": "name",
          "properties": {
            "name": "EPSG:4326"
          }
        },
        "coordinates": [
          -63.83054,
          10.97311
        ]
      },
      "properties": {
        "id": "electrecidad_628"
      }
    },
    {
      "type": "Feature",
      "geometry": {
        "type": "Point",
        "crs": {
          "type": "name",
          "properties": {
            "name": "EPSG:4326"
          }
        },
        "coordinates": [
          -63.87932,
          10.97877
        ]
      },
      "properties": {
        "id": "electrecidad_629"
      }
    },
    {
      "type": "Feature",
      "geometry": {
        "type": "Point",
        "crs": {
          "type": "name",
          "properties": {
            "name": "EPSG:4326"
          }
        },
        "coordinates": [
          -63.9656361111111,
          11.0096333333333
        ]
      },
      "properties": {
        "id": "electrecidad_630"
      }
    },
    {
      "type": "Feature",
      "geometry": {
        "type": "Point",
        "crs": {
          "type": "name",
          "properties": {
            "name": "EPSG:4326"
          }
        },
        "coordinates": [
          -63.8612555555556,
          11.0213527777778
        ]
      },
      "properties": {
        "id": "electrecidad_631"
      }
    },
    {
      "type": "Feature",
      "geometry": {
        "type": "Point",
        "crs": {
          "type": "name",
          "properties": {
            "name": "EPSG:4326"
          }
        },
        "coordinates": [
          -63.9289888888889,
          11.068775
        ]
      },
      "properties": {
        "id": "electrecidad_632"
      }
    },
    {
      "type": "Feature",
      "geometry": {
        "type": "Point",
        "crs": {
          "type": "name",
          "properties": {
            "name": "EPSG:4326"
          }
        },
        "coordinates": [
          -64.1857944444445,
          10.4597694444444
        ]
      },
      "properties": {
        "id": "electrecidad_633"
      }
    },
    {
      "type": "Feature",
      "geometry": {
        "type": "Point",
        "crs": {
          "type": "name",
          "properties": {
            "name": "EPSG:4326"
          }
        },
        "coordinates": [
          -63.87863,
          10.97603
        ]
      },
      "properties": {
        "id": "electrecidad_634"
      }
    },
    {
      "type": "Feature",
      "geometry": {
        "type": "Point",
        "crs": {
          "type": "name",
          "properties": {
            "name": "EPSG:4326"
          }
        },
        "coordinates": [
          -63.83518,
          10.97867
        ]
      },
      "properties": {
        "id": "electrecidad_635"
      }
    },
    {
      "type": "Feature",
      "geometry": {
        "type": "Point",
        "crs": {
          "type": "name",
          "properties": {
            "name": "EPSG:4326"
          }
        },
        "coordinates": [
          -63.88054,
          11.00849
        ]
      },
      "properties": {
        "id": "electrecidad_636"
      }
    },
    {
      "type": "Feature",
      "geometry": {
        "type": "Point",
        "crs": {
          "type": "name",
          "properties": {
            "name": "EPSG:4326"
          }
        },
        "coordinates": [
          -63.8549527777778,
          11.0225583333333
        ]
      },
      "properties": {
        "id": "electrecidad_637"
      }
    },
    {
      "type": "Feature",
      "geometry": {
        "type": "Point",
        "crs": {
          "type": "name",
          "properties": {
            "name": "EPSG:4326"
          }
        },
        "coordinates": [
          -63.8255638888889,
          10.9825194444444
        ]
      },
      "properties": {
        "id": "electrecidad_638"
      }
    },
    {
      "type": "Feature",
      "geometry": {
        "type": "Point",
        "crs": {
          "type": "name",
          "properties": {
            "name": "EPSG:4326"
          }
        },
        "coordinates": [
          -63.8593861111111,
          11.0702388888889
        ]
      },
      "properties": {
        "id": "electrecidad_639"
      }
    },
    {
      "type": "Feature",
      "geometry": {
        "type": "Point",
        "crs": {
          "type": "name",
          "properties": {
            "name": "EPSG:4326"
          }
        },
        "coordinates": [
          -63.850525,
          10.9506277777778
        ]
      },
      "properties": {
        "id": "electrecidad_640"
      }
    },
    {
      "type": "Feature",
      "geometry": {
        "type": "Point",
        "crs": {
          "type": "name",
          "properties": {
            "name": "EPSG:4326"
          }
        },
        "coordinates": [
          -62.2927361111111,
          10.5821166666667
        ]
      },
      "properties": {
        "id": "electrecidad_641"
      }
    },
    {
      "type": "Feature",
      "geometry": {
        "type": "Point",
        "crs": {
          "type": "name",
          "properties": {
            "name": "EPSG:4326"
          }
        },
        "coordinates": [
          -63.85359,
          10.95612
        ]
      },
      "properties": {
        "id": "electrecidad_642"
      }
    },
    {
      "type": "Feature",
      "geometry": {
        "type": "Point",
        "crs": {
          "type": "name",
          "properties": {
            "name": "EPSG:4326"
          }
        },
        "coordinates": [
          -63.83679,
          11.03025
        ]
      },
      "properties": {
        "id": "electrecidad_643"
      }
    },
    {
      "type": "Feature",
      "geometry": {
        "type": "Point",
        "crs": {
          "type": "name",
          "properties": {
            "name": "EPSG:4326"
          }
        },
        "coordinates": [
          -63.8561944444444,
          11.0239694444444
        ]
      },
      "properties": {
        "id": "electrecidad_644"
      }
    },
    {
      "type": "Feature",
      "geometry": {
        "type": "Point",
        "crs": {
          "type": "name",
          "properties": {
            "name": "EPSG:4326"
          }
        },
        "coordinates": [
          -63.8620277777778,
          11.1240527777778
        ]
      },
      "properties": {
        "id": "electrecidad_645"
      }
    },
    {
      "type": "Feature",
      "geometry": {
        "type": "Point",
        "crs": {
          "type": "name",
          "properties": {
            "name": "EPSG:4326"
          }
        },
        "coordinates": [
          -63.9072611111111,
          10.9392611111111
        ]
      },
      "properties": {
        "id": "electrecidad_646"
      }
    },
    {
      "type": "Feature",
      "geometry": {
        "type": "Point",
        "crs": {
          "type": "name",
          "properties": {
            "name": "EPSG:4326"
          }
        },
        "coordinates": [
          -63.8452694444444,
          10.9593555555556
        ]
      },
      "properties": {
        "id": "electrecidad_647"
      }
    },
    {
      "type": "Feature",
      "geometry": {
        "type": "Point",
        "crs": {
          "type": "name",
          "properties": {
            "name": "EPSG:4326"
          }
        },
        "coordinates": [
          -63.8509944444444,
          10.9512777777778
        ]
      },
      "properties": {
        "id": "electrecidad_648"
      }
    },
    {
      "type": "Feature",
      "geometry": {
        "type": "Point",
        "crs": {
          "type": "name",
          "properties": {
            "name": "EPSG:4326"
          }
        },
        "coordinates": [
          -63.8317861111111,
          10.9962416666667
        ]
      },
      "properties": {
        "id": "electrecidad_649"
      }
    },
    {
      "type": "Feature",
      "geometry": {
        "type": "Point",
        "crs": {
          "type": "name",
          "properties": {
            "name": "EPSG:4326"
          }
        },
        "coordinates": [
          -63.9413333333333,
          10.9460555555556
        ]
      },
      "properties": {
        "id": "electrecidad_650"
      }
    },
    {
      "type": "Feature",
      "geometry": {
        "type": "Point",
        "crs": {
          "type": "name",
          "properties": {
            "name": "EPSG:4326"
          }
        },
        "coordinates": [
          -63.7775944444444,
          10.9977694444444
        ]
      },
      "properties": {
        "id": "electrecidad_651"
      }
    }
  ]
}