{
  "type": "FeatureCollection",
  "features": [
    {
      "type": "Feature",
      "geometry": {
        "type": "Polygon",
        "crs": {
          "type": "name",
          "properties": {
            "name": "EPSG:4326"
          }
        },
        "coordinates": [
          [
            [
              -64.065159,
              10.862159
            ],
            [
              -64.060909,
              10.861356
            ],
            [
              -64.035553,
              10.870528
            ],
            [
              -64.026509,
              10.873969
            ],
            [
              -64.017514,
              10.873516
            ],
            [
              -64.012253,
              10.871062
            ],
            [
              -64.001341,
              10.876843
            ],
            [
              -63.991277,
              10.889671
            ],
            [
              -64.017082,
              10.910167
            ],
            [
              -64.061589,
              10.910915
            ],
            [
              -64.102914,
              10.925414
            ],
            [
              -64.11704,
              10.922292
            ],
            [
              -64.111822,
              10.905348
            ],
            [
              -64.10952,
              10.901318
            ],
            [
              -64.106233,
              10.90012
            ],
            [
              -64.106203,
              10.89723
            ],
            [
              -64.100353,
              10.90012
            ],
            [
              -64.100082,
              10.897629
            ],
            [
              -64.092823,
              10.898149
            ],
            [
              -64.088631,
              10.895697
            ],
            [
              -64.084299,
              10.896338
            ],
            [
              -64.081209,
              10.895303
            ],
            [
              -64.075557,
              10.897889
            ],
            [
              -64.071094,
              10.896506
            ],
            [
              -64.066362,
              10.892047
            ],
            [
              -64.065477,
              10.892172
            ],
            [
              -64.062995,
              10.890569
            ],
            [
              -64.060932,
              10.887517
            ],
            [
              -64.058331,
              10.887547
            ],
            [
              -64.056307,
              10.885392
            ],
            [
              -64.053062,
              10.88335
            ],
            [
              -64.052654,
              10.880621
            ],
            [
              -64.050202,
              10.879177
            ],
            [
              -64.051918,
              10.874922
            ],
            [
              -64.053389,
              10.876126
            ],
            [
              -64.053961,
              10.875163
            ],
            [
              -64.054452,
              10.869143
            ],
            [
              -64.059928,
              10.866333
            ],
            [
              -64.061481,
              10.866654
            ],
            [
              -64.064097,
              10.864888
            ],
            [
              -64.062871,
              10.863283
            ],
            [
              -64.063116,
              10.863283
            ],
            [
              -64.063034,
              10.863283
            ],
            [
              -64.062953,
              10.863363
            ],
            [
              -64.062953,
              10.863203
            ],
            [
              -64.062953,
              10.863363
            ],
            [
              -64.065159,
              10.862159
            ]
          ]
        ]
      },
      "properties": {
        "•\tCuadrante 2: Comuna Batalla de los Barales": 0,
        "id": "PoligonoCuadrantes_0"
      }
    },
    {
      "type": "Feature",
      "geometry": {
        "type": "Polygon",
        "crs": {
          "type": "name",
          "properties": {
            "name": "EPSG:4326"
          }
        },
        "coordinates": [
          [
            [
              -63.96328,
              11.042049
            ],
            [
              -63.943985,
              11.038071
            ],
            [
              -63.943985,
              11.038071
            ],
            [
              -63.935319,
              11.071257
            ],
            [
              -63.945294,
              11.072547
            ],
            [
              -63.94654,
              11.079576
            ],
            [
              -63.94372,
              11.08632
            ],
            [
              -63.949095,
              11.085801
            ],
            [
              -63.947087,
              11.046448
            ],
            [
              -63.96328,
              11.042049
            ]
          ]
        ]
      },
      "properties": {
        "Circuito #3 La Vecindad": 0,
        "id": "PoligonoCuadrantes_1"
      }
    },
    {
      "type": "Feature",
      "geometry": {
        "type": "Polygon",
        "crs": {
          "type": "name",
          "properties": {
            "name": "EPSG:4326"
          }
        },
        "coordinates": [
          [
            [
              -63.924595,
              10.953406
            ],
            [
              -63.93491,
              10.976005
            ],
            [
              -63.936763,
              10.978995
            ],
            [
              -63.938471,
              10.97931
            ],
            [
              -63.939752,
              10.980305
            ],
            [
              -63.948158,
              10.976112
            ],
            [
              -63.940991,
              10.956817
            ],
            [
              -63.935128,
              10.948928
            ],
            [
              -63.929971,
              10.948886
            ],
            [
              -63.928509,
              10.949728
            ],
            [
              -63.927201,
              10.95202
            ],
            [
              -63.924595,
              10.953406
            ]
          ]
        ]
      },
      "properties": {
        "Comuna Socialista Villa Juana": 0,
        "id": "PoligonoCuadrantes_2"
      }
    },
    {
      "type": "Feature",
      "geometry": {
        "type": "Polygon",
        "crs": {
          "type": "name",
          "properties": {
            "name": "EPSG:4326"
          }
        },
        "coordinates": [
          [
            [
              -63.846664,
              11.129605
            ],
            [
              -63.86659,
              11.113257
            ],
            [
              -63.88287,
              11.117535
            ],
            [
              -63.890583,
              11.103495
            ],
            [
              -63.866152,
              11.107184
            ],
            [
              -63.8611,
              11.107823
            ],
            [
              -63.855185,
              11.10353
            ],
            [
              -63.848764,
              11.099734
            ],
            [
              -63.839126,
              11.103969
            ],
            [
              -63.839117,
              11.104156
            ],
            [
              -63.843185,
              11.111057
            ],
            [
              -63.844429,
              11.115308
            ],
            [
              -63.842978,
              11.116531
            ],
            [
              -63.844485,
              11.122327
            ],
            [
              -63.841835,
              11.125202
            ],
            [
              -63.838399,
              11.127523
            ],
            [
              -63.846664,
              11.129605
            ]
          ]
        ]
      },
      "properties": {
        "Comuna Pesquera Agro-Turística El Tirano": 0,
        "id": "PoligonoCuadrantes_3"
      }
    },
    {
      "type": "Feature",
      "geometry": {
        "type": "Polygon",
        "crs": {
          "type": "name",
          "properties": {
            "name": "EPSG:4326"
          }
        },
        "coordinates": [
          [
            [
              -63.859032,
              11.03871
            ],
            [
              -63.860388,
              11.030141
            ],
            [
              -63.856663,
              11.024572
            ],
            [
              -63.856881,
              11.0201
            ],
            [
              -63.852048,
              11.017379
            ],
            [
              -63.845936,
              11.017449
            ],
            [
              -63.847981,
              11.022487
            ],
            [
              -63.846857,
              11.029012
            ],
            [
              -63.849152,
              11.032399
            ],
            [
              -63.851427,
              11.035676
            ],
            [
              -63.853189,
              11.038337
            ],
            [
              -63.855053,
              11.039054
            ],
            [
              -63.857365,
              11.039924
            ],
            [
              -63.859032,
              11.03871
            ]
          ]
        ]
      },
      "properties": {
        "Comuna Socialista Agro-Turística Guayatamo": 0,
        "id": "PoligonoCuadrantes_4"
      }
    },
    {
      "type": "Feature",
      "geometry": {
        "type": "Polygon",
        "crs": {
          "type": "name",
          "properties": {
            "name": "EPSG:4326"
          }
        },
        "coordinates": [
          [
            [
              -63.848063,
              11.022279
            ],
            [
              -63.846007,
              11.017374
            ],
            [
              -63.852261,
              11.017374
            ],
            [
              -63.856312,
              11.006003
            ],
            [
              -63.84892,
              11.006491
            ],
            [
              -63.840407,
              11.006377
            ],
            [
              -63.821969,
              11.002332
            ],
            [
              -63.81854,
              11.005815
            ],
            [
              -63.822724,
              11.009682
            ],
            [
              -63.824476,
              11.012594
            ],
            [
              -63.824766,
              11.014805
            ],
            [
              -63.824042,
              11.0211
            ],
            [
              -63.830017,
              11.02521
            ],
            [
              -63.83562,
              11.024035
            ],
            [
              -63.846876,
              11.02902
            ],
            [
              -63.847281,
              11.02608
            ],
            [
              -63.848063,
              11.022279
            ]
          ]
        ]
      },
      "properties": {
        "Comuna La Cayena": 0,
        "id": "PoligonoCuadrantes_5"
      }
    },
    {
      "type": "Feature",
      "geometry": {
        "type": "Polygon",
        "crs": {
          "type": "name",
          "properties": {
            "name": "EPSG:4326"
          }
        },
        "coordinates": [
          [
            [
              -63.950919,
              10.767206
            ],
            [
              -63.943803,
              10.762526
            ],
            [
              -63.941624,
              10.758244
            ],
            [
              -63.93278,
              10.765219
            ],
            [
              -63.925727,
              10.773804
            ],
            [
              -63.915882,
              10.797243
            ],
            [
              -63.956212,
              10.805178
            ],
            [
              -63.974239,
              10.812572
            ],
            [
              -63.995746,
              10.816152
            ],
            [
              -63.988455,
              10.798486
            ],
            [
              -63.991285,
              10.792521
            ],
            [
              -64.001614,
              10.780181
            ],
            [
              -63.998612,
              10.778555
            ],
            [
              -63.995358,
              10.778432
            ],
            [
              -63.993091,
              10.777461
            ],
            [
              -63.991629,
              10.775225
            ],
            [
              -63.976632,
              10.770497
            ],
            [
              -63.969339,
              10.771553
            ],
            [
              -63.965393,
              10.768997
            ],
            [
              -63.963267,
              10.769801
            ],
            [
              -63.959404,
              10.769289
            ],
            [
              -63.955627,
              10.766897
            ],
            [
              -63.954109,
              10.763864
            ],
            [
              -63.953128,
              10.762877
            ],
            [
              -63.950577,
              10.763626
            ],
            [
              -63.95186,
              10.764704
            ],
            [
              -63.951625,
              10.767151
            ],
            [
              -63.950919,
              10.767206
            ]
          ]
        ]
      },
      "properties": {
        "•\tCuadrante 2: Comuna Batalla de los Barales": 0,
        "id": "PoligonoCuadrantes_6"
      }
    },
    {
      "type": "Feature",
      "geometry": {
        "type": "Polygon",
        "crs": {
          "type": "name",
          "properties": {
            "name": "EPSG:4326"
          }
        },
        "coordinates": [
          [
            [
              -63.990237,
              10.957497
            ],
            [
              -63.990117,
              10.91543
            ],
            [
              -63.990117,
              10.91543
            ],
            [
              -63.9878,
              10.902502
            ],
            [
              -64.017094,
              10.910444
            ],
            [
              -64.005437,
              10.90087
            ],
            [
              -63.995752,
              10.893408
            ],
            [
              -63.991313,
              10.889806
            ],
            [
              -63.986416,
              10.894275
            ],
            [
              -63.978221,
              10.898628
            ],
            [
              -63.983252,
              10.890927
            ],
            [
              -63.978518,
              10.894162
            ],
            [
              -63.971903,
              10.898007
            ],
            [
              -63.96727,
              10.897082
            ],
            [
              -63.967986,
              10.895038
            ],
            [
              -63.9578,
              10.896413
            ],
            [
              -63.95163,
              10.899957
            ],
            [
              -63.941872,
              10.900631
            ],
            [
              -63.946385,
              10.90587
            ],
            [
              -63.94059,
              10.912763
            ],
            [
              -63.947996,
              10.919744
            ],
            [
              -63.956791,
              10.921211
            ],
            [
              -63.951142,
              10.923159
            ],
            [
              -63.953281,
              10.926826
            ],
            [
              -63.952608,
              10.931204
            ],
            [
              -63.959141,
              10.942979
            ],
            [
              -63.953924,
              10.951983
            ],
            [
              -63.990237,
              10.957497
            ]
          ]
        ]
      },
      "properties": {
        "Comuna Sur de Díaz": 0,
        "id": "PoligonoCuadrantes_7"
      }
    },
    {
      "type": "Feature",
      "geometry": {
        "type": "Polygon",
        "crs": {
          "type": "name",
          "properties": {
            "name": "EPSG:4326"
          }
        },
        "coordinates": [
          [
            [
              -63.941779,
              11.117377
            ],
            [
              -63.919978,
              11.108737
            ],
            [
              -63.890726,
              11.103544
            ],
            [
              -63.88287,
              11.117332
            ],
            [
              -63.887329,
              11.134785
            ],
            [
              -63.908182,
              11.146637
            ],
            [
              -63.909166,
              11.147026
            ],
            [
              -63.909464,
              11.141273
            ],
            [
              -63.912455,
              11.140393
            ],
            [
              -63.913277,
              11.139365
            ],
            [
              -63.912829,
              11.136431
            ],
            [
              -63.916567,
              11.135184
            ],
            [
              -63.921205,
              11.13288
            ],
            [
              -63.920226,
              11.129836
            ],
            [
              -63.921422,
              11.128809
            ],
            [
              -63.923067,
              11.128295
            ],
            [
              -63.924413,
              11.126241
            ],
            [
              -63.925909,
              11.125507
            ],
            [
              -63.929647,
              11.125067
            ],
            [
              -63.931965,
              11.126094
            ],
            [
              -63.93389,
              11.12566
            ],
            [
              -63.933161,
              11.122059
            ],
            [
              -63.932264,
              11.120738
            ],
            [
              -63.933404,
              11.11767
            ],
            [
              -63.938414,
              11.117744
            ],
            [
              -63.941779,
              11.117377
            ]
          ]
        ]
      },
      "properties": {
        "Circuito #10 Pedro González": "",
        "id": "PoligonoCuadrantes_8"
      }
    },
    {
      "type": "Feature",
      "geometry": {
        "type": "Polygon",
        "crs": {
          "type": "name",
          "properties": {
            "name": "EPSG:4326"
          }
        },
        "coordinates": [
          [
            [
              -63.943693,
              11.086335
            ],
            [
              -63.946456,
              11.079511
            ],
            [
              -63.9452,
              11.07264
            ],
            [
              -63.93527,
              11.071257
            ],
            [
              -63.943961,
              11.038097
            ],
            [
              -63.939093,
              11.037184
            ],
            [
              -63.927036,
              11.078792
            ],
            [
              -63.929499,
              11.087879
            ],
            [
              -63.929499,
              11.087879
            ],
            [
              -63.943693,
              11.086335
            ]
          ]
        ]
      },
      "properties": {
        "Circuito La Vecindad 2": 0,
        "id": "PoligonoCuadrantes_9"
      }
    },
    {
      "type": "Feature",
      "geometry": {
        "type": "Polygon",
        "crs": {
          "type": "name",
          "properties": {
            "name": "EPSG:4326"
          }
        },
        "coordinates": [
          [
            [
              -63.952519,
              10.951474
            ],
            [
              -63.95123,
              10.943013
            ],
            [
              -63.948778,
              10.939457
            ],
            [
              -63.941294,
              10.937963
            ],
            [
              -63.943672,
              10.929077
            ],
            [
              -63.942133,
              10.929077
            ],
            [
              -63.939455,
              10.936531
            ],
            [
              -63.93546,
              10.948921
            ],
            [
              -63.940891,
              10.956868
            ],
            [
              -63.943895,
              10.950478
            ],
            [
              -63.952519,
              10.951474
            ]
          ]
        ]
      },
      "properties": {
        "Circuito 6 Valle Verde": 0,
        "id": "PoligonoCuadrantes_10"
      }
    },
    {
      "type": "Feature",
      "geometry": {
        "type": "Polygon",
        "crs": {
          "type": "name",
          "properties": {
            "name": "EPSG:4326"
          }
        },
        "coordinates": [
          [
            [
              -63.83481,
              10.979296
            ],
            [
              -63.843739,
              10.9833
            ],
            [
              -63.847578,
              10.970871
            ],
            [
              -63.851734,
              10.967876
            ],
            [
              -63.850068,
              10.963483
            ],
            [
              -63.849741,
              10.960564
            ],
            [
              -63.848108,
              10.958736
            ],
            [
              -63.840333,
              10.965696
            ],
            [
              -63.83481,
              10.979296
            ]
          ]
        ]
      },
      "properties": {
        "Comuna Ciudad Marinera": 0,
        "id": "PoligonoCuadrantes_11"
      }
    },
    {
      "type": "Feature",
      "geometry": {
        "type": "Polygon",
        "crs": {
          "type": "name",
          "properties": {
            "name": "EPSG:4326"
          }
        },
        "coordinates": [
          [
            [
              -63.83311,
              11.093307
            ],
            [
              -63.866818,
              11.087528
            ],
            [
              -63.88275,
              11.07843
            ],
            [
              -63.863786,
              11.063379
            ],
            [
              -63.859444,
              11.057361
            ],
            [
              -63.821546,
              11.066524
            ],
            [
              -63.8229,
              11.07272
            ],
            [
              -63.823728,
              11.07275
            ],
            [
              -63.83311,
              11.093307
            ]
          ]
        ]
      },
      "properties": {
        "Comuna Socialista y Productiva Entre Montañas Soberana": 0,
        "id": "PoligonoCuadrantes_12"
      }
    },
    {
      "type": "Feature",
      "geometry": {
        "type": "Polygon",
        "crs": {
          "type": "name",
          "properties": {
            "name": "EPSG:4326"
          }
        },
        "coordinates": [
          [
            [
              -64.005802,
              10.994306
            ],
            [
              -64.010913,
              10.991033
            ],
            [
              -64.017578,
              10.989899
            ],
            [
              -64.016637,
              10.984654
            ],
            [
              -64.010838,
              10.965606
            ],
            [
              -63.994592,
              10.968866
            ],
            [
              -63.997744,
              10.980016
            ],
            [
              -63.993292,
              10.989954
            ],
            [
              -64.005802,
              10.994306
            ]
          ]
        ]
      },
      "properties": {
        "Comuna María Auxiliadora": 0,
        "id": "PoligonoCuadrantes_13"
      }
    },
    {
      "type": "Feature",
      "geometry": {
        "type": "Polygon",
        "crs": {
          "type": "name",
          "properties": {
            "name": "EPSG:4326"
          }
        },
        "coordinates": [
          [
            [
              -64.003667,
              11.014429
            ],
            [
              -63.980843,
              10.983971
            ],
            [
              -63.972648,
              10.974107
            ],
            [
              -63.966538,
              10.97549
            ],
            [
              -63.948199,
              10.9758
            ],
            [
              -63.945221,
              11.002859
            ],
            [
              -63.950335,
              11.013447
            ],
            [
              -63.963077,
              11.041794
            ],
            [
              -63.991039,
              11.034292
            ],
            [
              -64.003667,
              11.014429
            ]
          ]
        ]
      },
      "properties": {
        "Comuna Cerro Purulú": 0,
        "id": "PoligonoCuadrantes_14"
      }
    },
    {
      "type": "Feature",
      "geometry": {
        "type": "Polygon",
        "crs": {
          "type": "name",
          "properties": {
            "name": "EPSG:4326"
          }
        },
        "coordinates": [
          [
            [
              -63.939145,
              11.036686
            ],
            [
              -63.895861,
              11.028795
            ],
            [
              -63.882946,
              11.017882
            ],
            [
              -63.879048,
              11.034449
            ],
            [
              -63.869847,
              11.039724
            ],
            [
              -63.868863,
              11.047207
            ],
            [
              -63.879494,
              11.057561
            ],
            [
              -63.868729,
              11.056545
            ],
            [
              -63.859215,
              11.057334
            ],
            [
              -63.863771,
              11.063384
            ],
            [
              -63.870337,
              11.068382
            ],
            [
              -63.883532,
              11.078569
            ],
            [
              -63.91087,
              11.058312
            ],
            [
              -63.917704,
              11.044973
            ],
            [
              -63.939145,
              11.036686
            ]
          ]
        ]
      },
      "properties": {
        "Circuito Comunal Tacarigua": 0,
        "id": "PoligonoCuadrantes_15"
      }
    },
    {
      "type": "Feature",
      "geometry": {
        "type": "Polygon",
        "crs": {
          "type": "name",
          "properties": {
            "name": "EPSG:4326"
          }
        },
        "coordinates": [
          [
            [
              -64.32995,
              11.057057
            ],
            [
              -64.296296,
              11.03459
            ],
            [
              -64.237002,
              11.023675
            ],
            [
              -64.174943,
              10.970777
            ],
            [
              -64.168942,
              10.978701
            ],
            [
              -64.185912,
              11.012424
            ],
            [
              -64.204028,
              11.049083
            ],
            [
              -64.205328,
              11.053303
            ],
            [
              -64.200282,
              11.059456
            ],
            [
              -64.19539,
              11.06801
            ],
            [
              -64.191567,
              11.083015
            ],
            [
              -64.204564,
              11.086466
            ],
            [
              -64.212515,
              11.086766
            ],
            [
              -64.22016,
              11.083615
            ],
            [
              -64.226123,
              11.078063
            ],
            [
              -64.236724,
              11.076973
            ],
            [
              -64.245134,
              11.072772
            ],
            [
              -64.249568,
              11.06797
            ],
            [
              -64.255531,
              11.06752
            ],
            [
              -64.263635,
              11.067369
            ],
            [
              -64.268358,
              11.063048
            ],
            [
              -64.276938,
              11.063768
            ],
            [
              -64.28443,
              11.065419
            ],
            [
              -64.291922,
              11.06992
            ],
            [
              -64.297886,
              11.071121
            ],
            [
              -64.299262,
              11.064818
            ],
            [
              -64.305225,
              11.063768
            ],
            [
              -64.311188,
              11.064218
            ],
            [
              -64.314399,
              11.063168
            ],
            [
              -64.312742,
              11.058182
            ],
            [
              -64.321317,
              11.057999
            ],
            [
              -64.325763,
              11.058335
            ],
            [
              -64.32995,
              11.057057
            ]
          ]
        ]
      },
      "properties": {
        "Comuna Socialista Agro-Pesquera Virgen del Coromoto": 0,
        "id": "PoligonoCuadrantes_16"
      }
    },
    {
      "type": "Feature",
      "geometry": {
        "type": "Polygon",
        "crs": {
          "type": "name",
          "properties": {
            "name": "EPSG:4326"
          }
        },
        "coordinates": [
          [
            [
              -63.922497,
              10.989581
            ],
            [
              -63.93995,
              10.980049
            ],
            [
              -63.936628,
              10.978883
            ],
            [
              -63.936011,
              10.977294
            ],
            [
              -63.934778,
              10.975705
            ],
            [
              -63.934075,
              10.974754
            ],
            [
              -63.926705,
              10.958104
            ],
            [
              -63.915187,
              10.947603
            ],
            [
              -63.906869,
              10.946955
            ],
            [
              -63.922497,
              10.989581
            ]
          ]
        ]
      },
      "properties": {
        "Comuna Socialista San Antonio": 0,
        "id": "PoligonoCuadrantes_17"
      }
    },
    {
      "type": "Feature",
      "geometry": {
        "type": "Polygon",
        "crs": {
          "type": "name",
          "properties": {
            "name": "EPSG:4326"
          }
        },
        "coordinates": [
          [
            [
              -63.83655,
              10.974852
            ],
            [
              -63.837706,
              10.972001
            ],
            [
              -63.830593,
              10.958344
            ],
            [
              -63.830904,
              10.95791
            ],
            [
              -63.828901,
              10.956248
            ],
            [
              -63.827568,
              10.954769
            ],
            [
              -63.828959,
              10.954029
            ],
            [
              -63.828901,
              10.951867
            ],
            [
              -63.828032,
              10.951184
            ],
            [
              -63.825424,
              10.951469
            ],
            [
              -63.824265,
              10.950331
            ],
            [
              -63.825076,
              10.947998
            ],
            [
              -63.823395,
              10.946576
            ],
            [
              -63.82241,
              10.946177
            ],
            [
              -63.820846,
              10.945722
            ],
            [
              -63.819107,
              10.946405
            ],
            [
              -63.817832,
              10.947657
            ],
            [
              -63.817484,
              10.947145
            ],
            [
              -63.816847,
              10.944414
            ],
            [
              -63.816383,
              10.94447
            ],
            [
              -63.815978,
              10.949022
            ],
            [
              -63.816789,
              10.949933
            ],
            [
              -63.819259,
              10.970668
            ],
            [
              -63.83655,
              10.974852
            ]
          ]
        ]
      },
      "properties": {
        "Comuna Vista Al Mar, Perla del Caribe": 0,
        "id": "PoligonoCuadrantes_18"
      }
    },
    {
      "type": "Feature",
      "geometry": {
        "type": "Polygon",
        "crs": {
          "type": "name",
          "properties": {
            "name": "EPSG:4326"
          }
        },
        "coordinates": [
          [
            [
              -64.203031,
              11.048027
            ],
            [
              -64.167064,
              10.975705
            ],
            [
              -64.166539,
              10.970144
            ],
            [
              -64.163656,
              10.968059
            ],
            [
              -64.163781,
              10.965956
            ],
            [
              -64.162154,
              10.965942
            ],
            [
              -64.160604,
              10.966617
            ],
            [
              -64.160435,
              10.965245
            ],
            [
              -64.155973,
              10.96545
            ],
            [
              -64.159799,
              10.963125
            ],
            [
              -64.162907,
              10.962624
            ],
            [
              -64.15943,
              10.957386
            ],
            [
              -64.156481,
              10.95849
            ],
            [
              -64.15209,
              10.958381
            ],
            [
              -64.146271,
              10.953592
            ],
            [
              -64.140501,
              10.949168
            ],
            [
              -64.133969,
              10.94533
            ],
            [
              -64.11734,
              10.922358
            ],
            [
              -64.103883,
              10.925498
            ],
            [
              -64.07481,
              10.968487
            ],
            [
              -64.082482,
              10.982896
            ],
            [
              -64.111341,
              10.988102
            ],
            [
              -64.111575,
              10.988308
            ],
            [
              -64.111634,
              10.988176
            ],
            [
              -64.111634,
              10.988176
            ],
            [
              -64.111634,
              10.988176
            ],
            [
              -64.136036,
              10.997295
            ],
            [
              -64.203031,
              11.048027
            ]
          ]
        ]
      },
      "properties": {
        "•\tCuadrante 3: Jefeco-Comuna La Restinga": 0,
        "id": "PoligonoCuadrantes_19"
      }
    },
    {
      "type": "Feature",
      "geometry": {
        "type": "Polygon",
        "crs": {
          "type": "name",
          "properties": {
            "name": "EPSG:4326"
          }
        },
        "coordinates": [
          [
            [
              -64.020952,
              10.989257
            ],
            [
              -64.01092,
              10.991155
            ],
            [
              -64.005831,
              10.99437
            ],
            [
              -64.003012,
              11.004961
            ],
            [
              -64.005058,
              11.012191
            ],
            [
              -63.991266,
              11.034191
            ],
            [
              -64.007303,
              11.053371
            ],
            [
              -64.011537,
              11.067149
            ],
            [
              -64.013106,
              11.064685
            ],
            [
              -64.012667,
              11.061738
            ],
            [
              -64.014048,
              11.060885
            ],
            [
              -64.014588,
              11.057507
            ],
            [
              -64.013724,
              11.055562
            ],
            [
              -64.014791,
              11.054016
            ],
            [
              -64.014436,
              11.052521
            ],
            [
              -64.015909,
              11.050426
            ],
            [
              -64.014741,
              11.04923
            ],
            [
              -64.014283,
              11.048118
            ],
            [
              -64.014588,
              11.047071
            ],
            [
              -64.014182,
              11.043647
            ],
            [
              -64.014809,
              11.041062
            ],
            [
              -64.013107,
              11.036378
            ],
            [
              -64.014628,
              11.033988
            ],
            [
              -64.013427,
              11.031909
            ],
            [
              -64.015251,
              11.029151
            ],
            [
              -64.016844,
              11.028088
            ],
            [
              -64.01862,
              11.027036
            ],
            [
              -64.020132,
              11.023141
            ],
            [
              -64.02143,
              11.020467
            ],
            [
              -64.023069,
              11.020578
            ],
            [
              -64.022104,
              11.016997
            ],
            [
              -64.023336,
              11.014149
            ],
            [
              -64.023223,
              11.010763
            ],
            [
              -64.021169,
              11.009915
            ],
            [
              -64.021272,
              11.005772
            ],
            [
              -64.02075,
              11.003995
            ],
            [
              -64.02102,
              11.002254
            ],
            [
              -64.021848,
              11.001226
            ],
            [
              -64.022744,
              11.000781
            ],
            [
              -64.021815,
              10.999671
            ],
            [
              -64.022515,
              10.998972
            ],
            [
              -64.023818,
              10.997685
            ],
            [
              -64.024838,
              10.99867
            ],
            [
              -64.024263,
              10.99724
            ],
            [
              -64.024855,
              10.996546
            ],
            [
              -64.027435,
              10.994562
            ],
            [
              -64.020952,
              10.989257
            ]
          ]
        ]
      },
      "properties": {
        "Comuna Mar Bendito": 0,
        "id": "PoligonoCuadrantes_20"
      }
    },
    {
      "type": "Feature",
      "geometry": {
        "type": "Polygon",
        "crs": {
          "type": "name",
          "properties": {
            "name": "EPSG:4326"
          }
        },
        "coordinates": [
          [
            [
              -63.953187,
              11.11169
            ],
            [
              -63.956012,
              11.113158
            ],
            [
              -63.957341,
              11.111853
            ],
            [
              -63.959501,
              11.112342
            ],
            [
              -63.965317,
              11.111853
            ],
            [
              -63.9692,
              11.111309
            ],
            [
              -63.971225,
              11.110225
            ],
            [
              -63.97411,
              11.110165
            ],
            [
              -63.977364,
              11.111609
            ],
            [
              -63.973459,
              11.108918
            ],
            [
              -63.949199,
              11.085747
            ],
            [
              -63.897328,
              11.09152
            ],
            [
              -63.890783,
              11.103429
            ],
            [
              -63.92012,
              11.108918
            ],
            [
              -63.942054,
              11.117397
            ],
            [
              -63.94654,
              11.116093
            ],
            [
              -63.947537,
              11.112179
            ],
            [
              -63.953187,
              11.11169
            ]
          ]
        ]
      },
      "properties": {
        "Comuna Socialista Brisas del Caribe": 0,
        "id": "PoligonoCuadrantes_21"
      }
    },
    {
      "type": "Feature",
      "geometry": {
        "type": "Polygon",
        "crs": {
          "type": "name",
          "properties": {
            "name": "EPSG:4326"
          }
        },
        "coordinates": [
          [
            [
              -63.974373,
              11.07878
            ],
            [
              -63.980691,
              11.07407
            ],
            [
              -63.98868,
              11.070355
            ],
            [
              -63.988736,
              11.070355
            ],
            [
              -63.994176,
              11.068956
            ],
            [
              -63.99908,
              11.068355
            ],
            [
              -64.000205,
              11.069175
            ],
            [
              -64.002017,
              11.0699
            ],
            [
              -64.003696,
              11.068517
            ],
            [
              -64.007388,
              11.067265
            ],
            [
              -64.009402,
              11.068451
            ],
            [
              -64.011746,
              11.06846
            ],
            [
              -64.007339,
              11.05321
            ],
            [
              -64.002933,
              11.048279
            ],
            [
              -63.98296,
              11.058087
            ],
            [
              -63.983033,
              11.064066
            ],
            [
              -63.980857,
              11.068764
            ],
            [
              -63.969683,
              11.070183
            ],
            [
              -63.96959,
              11.078405
            ],
            [
              -63.969717,
              11.082281
            ],
            [
              -63.97201,
              11.082703
            ],
            [
              -63.973157,
              11.081438
            ],
            [
              -63.972583,
              11.079891
            ],
            [
              -63.974336,
              11.078182
            ],
            [
              -63.974373,
              11.07878
            ]
          ]
        ]
      },
      "properties": {
        " Comuna Las Salinas de Juan Griego": 0,
        "id": "PoligonoCuadrantes_22"
      }
    },
    {
      "type": "Feature",
      "geometry": {
        "type": "Polygon",
        "crs": {
          "type": "name",
          "properties": {
            "name": "EPSG:4326"
          }
        },
        "coordinates": [
          [
            [
              -63.848125,
              10.958795
            ],
            [
              -63.849791,
              10.960562
            ],
            [
              -63.850006,
              10.963436
            ],
            [
              -63.851752,
              10.967787
            ],
            [
              -63.859192,
              10.962381
            ],
            [
              -63.858574,
              10.955314
            ],
            [
              -63.848125,
              10.958795
            ]
          ]
        ]
      },
      "properties": {
        "Comuna Forjadores de la Patria": 0,
        "id": "PoligonoCuadrantes_23"
      }
    },
    {
      "type": "Feature",
      "geometry": {
        "type": "Polygon",
        "crs": {
          "type": "name",
          "properties": {
            "name": "EPSG:4326"
          }
        },
        "coordinates": [
          [
            [
              -63.836241,
              10.958239
            ],
            [
              -63.840334,
              10.965678
            ],
            [
              -63.848191,
              10.958748
            ],
            [
              -63.855603,
              10.956302
            ],
            [
              -63.854893,
              10.949933
            ],
            [
              -63.853987,
              10.950413
            ],
            [
              -63.852714,
              10.950918
            ],
            [
              -63.851808,
              10.950918
            ],
            [
              -63.851294,
              10.950269
            ],
            [
              -63.850095,
              10.950149
            ],
            [
              -63.849409,
              10.950149
            ],
            [
              -63.848773,
              10.949476
            ],
            [
              -63.849201,
              10.948654
            ],
            [
              -63.849554,
              10.948293
            ],
            [
              -63.84985,
              10.948106
            ],
            [
              -63.84936,
              10.947938
            ],
            [
              -63.848308,
              10.949284
            ],
            [
              -63.847769,
              10.949356
            ],
            [
              -63.846784,
              10.951417
            ],
            [
              -63.845713,
              10.953226
            ],
            [
              -63.845321,
              10.952937
            ],
            [
              -63.844856,
              10.952985
            ],
            [
              -63.843803,
              10.953538
            ],
            [
              -63.843558,
              10.954067
            ],
            [
              -63.842333,
              10.954686
            ],
            [
              -63.841918,
              10.954692
            ],
            [
              -63.841306,
              10.954067
            ],
            [
              -63.841417,
              10.954809
            ],
            [
              -63.838832,
              10.95696
            ],
            [
              -63.836241,
              10.958239
            ]
          ]
        ]
      },
      "properties": {
        "Comuna General en Jefe Santiago Mariño": 0,
        "id": "PoligonoCuadrantes_24"
      }
    },
    {
      "type": "Feature",
      "geometry": {
        "type": "Polygon",
        "crs": {
          "type": "name",
          "properties": {
            "name": "EPSG:4326"
          }
        },
        "coordinates": [
          [
            [
              -63.9164,
              10.796979
            ],
            [
              -63.917663,
              10.791374
            ],
            [
              -63.919174,
              10.789017
            ],
            [
              -63.919741,
              10.787394
            ],
            [
              -63.92079,
              10.784131
            ],
            [
              -63.922848,
              10.779785
            ],
            [
              -63.92521,
              10.774284
            ],
            [
              -63.931568,
              10.766114
            ],
            [
              -63.93697,
              10.761848
            ],
            [
              -63.941425,
              10.758451
            ],
            [
              -63.952679,
              10.759617
            ],
            [
              -63.964009,
              10.759565
            ],
            [
              -63.954934,
              10.75418
            ],
            [
              -63.943908,
              10.750457
            ],
            [
              -63.936247,
              10.74829
            ],
            [
              -63.929663,
              10.741157
            ],
            [
              -63.918012,
              10.735838
            ],
            [
              -63.893516,
              10.740113
            ],
            [
              -63.890268,
              10.748619
            ],
            [
              -63.88862,
              10.762811
            ],
            [
              -63.904335,
              10.791391
            ],
            [
              -63.9164,
              10.796979
            ]
          ]
        ]
      },
      "properties": {
        "•\tCuadrante 1: Comuna Vicente Fuentes": 0,
        "id": "PoligonoCuadrantes_25"
      }
    },
    {
      "type": "Feature",
      "geometry": {
        "type": "Polygon",
        "crs": {
          "type": "name",
          "properties": {
            "name": "EPSG:4326"
          }
        },
        "coordinates": [
          [
            [
              -63.977845,
              10.955714
            ],
            [
              -63.94653,
              10.950854
            ],
            [
              -63.943856,
              10.950477
            ],
            [
              -63.940964,
              10.956851
            ],
            [
              -63.947992,
              10.975866
            ],
            [
              -63.96673,
              10.975481
            ],
            [
              -63.97267,
              10.974189
            ],
            [
              -63.977845,
              10.955714
            ]
          ]
        ]
      },
      "properties": {
        "Comuna Socio Productiva El Dátil": 0,
        "id": "PoligonoCuadrantes_26"
      }
    },
    {
      "type": "Feature",
      "geometry": {
        "type": "Polygon",
        "crs": {
          "type": "name",
          "properties": {
            "name": "EPSG:4326"
          }
        },
        "coordinates": [
          [
            [
              -63.951963,
              10.947602
            ],
            [
              -63.952708,
              10.951674
            ],
            [
              -63.953885,
              10.951917
            ],
            [
              -63.956487,
              10.947417
            ],
            [
              -63.959213,
              10.943038
            ],
            [
              -63.9525,
              10.931122
            ],
            [
              -63.953142,
              10.927316
            ],
            [
              -63.952285,
              10.925018
            ],
            [
              -63.950943,
              10.923042
            ],
            [
              -63.956132,
              10.921135
            ],
            [
              -63.95204,
              10.920516
            ],
            [
              -63.948263,
              10.919589
            ],
            [
              -63.940568,
              10.912769
            ],
            [
              -63.914443,
              10.902261
            ],
            [
              -63.900734,
              10.913408
            ],
            [
              -63.910351,
              10.918487
            ],
            [
              -63.921666,
              10.91758
            ],
            [
              -63.919934,
              10.922525
            ],
            [
              -63.926072,
              10.928243
            ],
            [
              -63.943699,
              10.929016
            ],
            [
              -63.941271,
              10.938
            ],
            [
              -63.948823,
              10.939535
            ],
            [
              -63.951175,
              10.942997
            ],
            [
              -63.951963,
              10.947602
            ]
          ]
        ]
      },
      "properties": {
        "Comuna Laguna Las Marites": 0,
        "id": "PoligonoCuadrantes_27"
      }
    },
    {
      "type": "Feature",
      "geometry": {
        "type": "Polygon",
        "crs": {
          "type": "name",
          "properties": {
            "name": "EPSG:4326"
          }
        },
        "coordinates": [
          [
            [
              -63.965913,
              11.059757
            ],
            [
              -63.974278,
              11.050824
            ],
            [
              -63.974207,
              11.050824
            ],
            [
              -64.002939,
              11.048387
            ],
            [
              -63.991092,
              11.034391
            ],
            [
              -63.968969,
              11.040226
            ],
            [
              -63.947113,
              11.046667
            ],
            [
              -63.947609,
              11.050775
            ],
            [
              -63.965913,
              11.059757
            ]
          ]
        ]
      },
      "properties": {
        "Comuna Las Vicuñas": 0,
        "id": "PoligonoCuadrantes_28"
      }
    },
    {
      "type": "Feature",
      "geometry": {
        "type": "Polygon",
        "crs": {
          "type": "name",
          "properties": {
            "name": "EPSG:4326"
          }
        },
        "coordinates": [
          [
            [
              -63.866063,
              10.967162
            ],
            [
              -63.86648,
              10.974093
            ],
            [
              -63.867617,
              10.980256
            ],
            [
              -63.849582,
              10.985829
            ],
            [
              -63.856172,
              11.006095
            ],
            [
              -63.873926,
              10.993773
            ],
            [
              -63.878842,
              11.011369
            ],
            [
              -63.878842,
              11.011369
            ],
            [
              -63.884923,
              11.00884
            ],
            [
              -63.922391,
              10.98939
            ],
            [
              -63.915895,
              10.971808
            ],
            [
              -63.866063,
              10.967162
            ]
          ]
        ]
      },
      "properties": {
        "Comuna Charaguaray": 0,
        "id": "PoligonoCuadrantes_29"
      }
    },
    {
      "type": "Feature",
      "geometry": {
        "type": "Polygon",
        "crs": {
          "type": "name",
          "properties": {
            "name": "EPSG:4326"
          }
        },
        "coordinates": [
          [
            [
              -64.17502,
              10.970628
            ],
            [
              -64.237171,
              11.023553
            ],
            [
              -64.260829,
              11.027995
            ],
            [
              -64.261594,
              11.027995
            ],
            [
              -64.266882,
              11.016385
            ],
            [
              -64.179772,
              10.96209
            ],
            [
              -64.180055,
              10.96487
            ],
            [
              -64.176799,
              10.966399
            ],
            [
              -64.176233,
              10.968344
            ],
            [
              -64.173968,
              10.969317
            ],
            [
              -64.17502,
              10.970628
            ]
          ]
        ]
      },
      "properties": {
        "Comuna San Francisco de Asís": 0,
        "id": "PoligonoCuadrantes_30"
      }
    },
    {
      "type": "Feature",
      "geometry": {
        "type": "Polygon",
        "crs": {
          "type": "name",
          "properties": {
            "name": "EPSG:4326"
          }
        },
        "coordinates": [
          [
            [
              -63.837756,
              10.972095
            ],
            [
              -63.840334,
              10.965678
            ],
            [
              -63.836235,
              10.958228
            ],
            [
              -63.833963,
              10.95864
            ],
            [
              -63.832127,
              10.958318
            ],
            [
              -63.830904,
              10.95791
            ],
            [
              -63.830501,
              10.958473
            ],
            [
              -63.837756,
              10.972095
            ]
          ]
        ]
      },
      "properties": {
        "Comuna Pesquera Guaikeri": 0,
        "id": "PoligonoCuadrantes_31"
      }
    },
    {
      "type": "Feature",
      "geometry": {
        "type": "Polygon",
        "crs": {
          "type": "name",
          "properties": {
            "name": "EPSG:4326"
          }
        },
        "coordinates": [
          [
            [
              -64.103418,
              10.925957
            ],
            [
              -64.071002,
              10.914526
            ],
            [
              -64.061144,
              10.911172
            ],
            [
              -64.043806,
              10.910342
            ],
            [
              -64.017125,
              10.910377
            ],
            [
              -64.023459,
              10.939373
            ],
            [
              -64.031818,
              10.96437
            ],
            [
              -64.047533,
              10.962907
            ],
            [
              -64.0632,
              10.965885
            ],
            [
              -64.075423,
              10.968432
            ],
            [
              -64.103418,
              10.925957
            ]
          ]
        ]
      },
      "properties": {
        "Unión Las Guevaras": 0,
        "•\tCuadrante 1: Comuna Coronel José Celedonio Tubores": 0,
        "id": "PoligonoCuadrantes_32"
      }
    },
    {
      "type": "Feature",
      "geometry": {
        "type": "Polygon",
        "crs": {
          "type": "name",
          "properties": {
            "name": "EPSG:4326"
          }
        },
        "coordinates": [
          [
            [
              -64.028106,
              10.994834
            ],
            [
              -64.031607,
              10.993421
            ],
            [
              -64.082424,
              10.982764
            ],
            [
              -64.074716,
              10.968018
            ],
            [
              -64.047493,
              10.963057
            ],
            [
              -64.010831,
              10.965524
            ],
            [
              -64.014782,
              10.978357
            ],
            [
              -64.016881,
              10.985638
            ],
            [
              -64.017391,
              10.988803
            ],
            [
              -64.017578,
              10.98984
            ],
            [
              -64.018144,
              10.989783
            ],
            [
              -64.01914,
              10.989562
            ],
            [
              -64.020106,
              10.989437
            ],
            [
              -64.021391,
              10.989396
            ],
            [
              -64.021283,
              10.989396
            ],
            [
              -64.028106,
              10.994834
            ]
          ]
        ]
      },
      "properties": {
        "Comuna Bufadero": 0,
        "id": "PoligonoCuadrantes_33"
      }
    },
    {
      "type": "Feature",
      "geometry": {
        "type": "Polygon",
        "crs": {
          "type": "name",
          "properties": {
            "name": "EPSG:4326"
          }
        },
        "coordinates": [
          [
            [
              -64.031607,
              10.964157
            ],
            [
              -64.023451,
              10.939934
            ],
            [
              -64.016817,
              10.910161
            ],
            [
              -64.013663,
              10.909902
            ],
            [
              -63.988107,
              10.902293
            ],
            [
              -63.990255,
              10.916126
            ],
            [
              -63.990255,
              10.929632
            ],
            [
              -63.990552,
              10.957518
            ],
            [
              -63.997697,
              10.962278
            ],
            [
              -64.000631,
              10.967413
            ],
            [
              -64.010944,
              10.965292
            ],
            [
              -64.031607,
              10.964157
            ]
          ]
        ]
      },
      "properties": {
        "Unión Las Guevaras": 0,
        "id": "PoligonoCuadrantes_34"
      }
    },
    {
      "type": "Feature",
      "geometry": {
        "type": "Polygon",
        "crs": {
          "type": "name",
          "properties": {
            "name": "EPSG:4326"
          }
        },
        "coordinates": [
          [
            [
              -63.929381,
              11.087955
            ],
            [
              -63.928175,
              11.082695
            ],
            [
              -63.926969,
              11.078881
            ],
            [
              -63.9388,
              11.037245
            ],
            [
              -63.918003,
              11.044964
            ],
            [
              -63.911222,
              11.05796
            ],
            [
              -63.883283,
              11.078618
            ],
            [
              -63.897889,
              11.091637
            ],
            [
              -63.929381,
              11.087955
            ]
          ]
        ]
      },
      "properties": {
        "Comuna Villa Santa Ana del Norte": 0,
        "id": "PoligonoCuadrantes_35"
      }
    },
    {
      "type": "Feature",
      "geometry": {
        "type": "Polygon",
        "crs": {
          "type": "name",
          "properties": {
            "name": "EPSG:4326"
          }
        },
        "coordinates": [
          [
            [
              -63.918804,
              10.949956
            ],
            [
              -63.917943,
              10.950077
            ],
            [
              -63.926649,
              10.958084
            ],
            [
              -63.925089,
              10.954903
            ],
            [
              -63.924736,
              10.953517
            ],
            [
              -63.92709,
              10.951797
            ],
            [
              -63.928738,
              10.949486
            ],
            [
              -63.929797,
              10.948792
            ],
            [
              -63.935383,
              10.948969
            ],
            [
              -63.922042,
              10.946673
            ],
            [
              -63.920699,
              10.946767
            ],
            [
              -63.919297,
              10.946864
            ],
            [
              -63.918804,
              10.949956
            ]
          ]
        ]
      },
      "properties": {
        "Circuito 1 Villa Rosa": 0,
        "id": "PoligonoCuadrantes_36"
      }
    },
    {
      "type": "Feature",
      "geometry": {
        "type": "Polygon",
        "crs": {
          "type": "name",
          "properties": {
            "name": "EPSG:4326"
          }
        },
        "coordinates": [
          [
            [
              -63.951779,
              10.899779
            ],
            [
              -63.952433,
              10.898067
            ],
            [
              -63.950525,
              10.896943
            ],
            [
              -63.947474,
              10.896729
            ],
            [
              -63.945839,
              10.895231
            ],
            [
              -63.945457,
              10.893411
            ],
            [
              -63.94297,
              10.893367
            ],
            [
              -63.937232,
              10.895812
            ],
            [
              -63.931602,
              10.892623
            ],
            [
              -63.926947,
              10.890709
            ],
            [
              -63.921642,
              10.889646
            ],
            [
              -63.918178,
              10.889859
            ],
            [
              -63.917312,
              10.887945
            ],
            [
              -63.91558,
              10.887413
            ],
            [
              -63.914064,
              10.886776
            ],
            [
              -63.909842,
              10.887732
            ],
            [
              -63.906486,
              10.886882
            ],
            [
              -63.904753,
              10.8855
            ],
            [
              -63.904753,
              10.883055
            ],
            [
              -63.901506,
              10.88433
            ],
            [
              -63.901073,
              10.883905
            ],
            [
              -63.900315,
              10.884011
            ],
            [
              -63.899665,
              10.883267
            ],
            [
              -63.898258,
              10.883905
            ],
            [
              -63.896526,
              10.88348
            ],
            [
              -63.893494,
              10.885181
            ],
            [
              -63.892736,
              10.885181
            ],
            [
              -63.888298,
              10.889433
            ],
            [
              -63.887756,
              10.892835
            ],
            [
              -63.889456,
              10.900837
            ],
            [
              -63.889765,
              10.908949
            ],
            [
              -63.887298,
              10.919087
            ],
            [
              -63.886801,
              10.924889
            ],
            [
              -63.885211,
              10.929204
            ],
            [
              -63.884002,
              10.933988
            ],
            [
              -63.88195,
              10.937348
            ],
            [
              -63.879348,
              10.948102
            ],
            [
              -63.893021,
              10.943211
            ],
            [
              -63.90034,
              10.937935
            ],
            [
              -63.923424,
              10.932557
            ],
            [
              -63.924039,
              10.926307
            ],
            [
              -63.919748,
              10.92252
            ],
            [
              -63.921577,
              10.917648
            ],
            [
              -63.910356,
              10.918551
            ],
            [
              -63.900474,
              10.913522
            ],
            [
              -63.914401,
              10.902199
            ],
            [
              -63.927182,
              10.907273
            ],
            [
              -63.940479,
              10.912838
            ],
            [
              -63.946384,
              10.905826
            ],
            [
              -63.94186,
              10.900529
            ],
            [
              -63.951779,
              10.899779
            ]
          ]
        ]
      },
      "properties": {
        "Comuna Rosa Inés": 0,
        "id": "PoligonoCuadrantes_37"
      }
    },
    {
      "type": "Feature",
      "geometry": {
        "type": "Polygon",
        "crs": {
          "type": "name",
          "properties": {
            "name": "EPSG:4326"
          }
        },
        "coordinates": [
          [
            [
              -63.88272,
              11.078512
            ],
            [
              -63.876225,
              11.08208
            ],
            [
              -63.869924,
              11.085754
            ],
            [
              -63.866574,
              11.087782
            ],
            [
              -63.865797,
              11.087817
            ],
            [
              -63.86542,
              11.088015
            ],
            [
              -63.864907,
              11.087984
            ],
            [
              -63.863579,
              11.088156
            ],
            [
              -63.861416,
              11.088672
            ],
            [
              -63.857696,
              11.089285
            ],
            [
              -63.850652,
              11.09057
            ],
            [
              -63.833304,
              11.093496
            ],
            [
              -63.835298,
              11.097045
            ],
            [
              -63.835034,
              11.098266
            ],
            [
              -63.836054,
              11.098572
            ],
            [
              -63.837057,
              11.100606
            ],
            [
              -63.837328,
              11.101522
            ],
            [
              -63.83928,
              11.10384
            ],
            [
              -63.848937,
              11.099534
            ],
            [
              -63.854408,
              11.102917
            ],
            [
              -63.861497,
              11.107785
            ],
            [
              -63.890821,
              11.103445
            ],
            [
              -63.89737,
              11.091357
            ],
            [
              -63.88272,
              11.078512
            ]
          ]
        ]
      },
      "properties": {
        "Comuna Al Pie del Guayamurí": 0,
        "id": "PoligonoCuadrantes_38"
      }
    },
    {
      "type": "Feature",
      "geometry": {
        "type": "Polygon",
        "crs": {
          "type": "name",
          "properties": {
            "name": "EPSG:4326"
          }
        },
        "coordinates": [
          [
            [
              -63.805232,
              10.990514
            ],
            [
              -63.818283,
              11.005923
            ],
            [
              -63.821792,
              11.002317
            ],
            [
              -63.840656,
              11.006491
            ],
            [
              -63.840656,
              11.006491
            ],
            [
              -63.856099,
              11.006003
            ],
            [
              -63.849438,
              10.98578
            ],
            [
              -63.834952,
              10.979409
            ],
            [
              -63.832342,
              10.979962
            ],
            [
              -63.831861,
              10.984811
            ],
            [
              -63.827315,
              10.98399
            ],
            [
              -63.821347,
              10.982343
            ],
            [
              -63.819468,
              10.981973
            ],
            [
              -63.818029,
              10.981399
            ],
            [
              -63.817119,
              10.981101
            ],
            [
              -63.8164,
              10.980891
            ],
            [
              -63.815684,
              10.980417
            ],
            [
              -63.814138,
              10.981339
            ],
            [
              -63.810568,
              10.981406
            ],
            [
              -63.809605,
              10.979843
            ],
            [
              -63.808672,
              10.979302
            ],
            [
              -63.803891,
              10.982054
            ],
            [
              -63.802819,
              10.990137
            ],
            [
              -63.805232,
              10.990514
            ]
          ]
        ]
      },
      "properties": {
        "Comuna El Guanaguanare": "",
        "id": "PoligonoCuadrantes_39"
      }
    },
    {
      "type": "Feature",
      "geometry": {
        "type": "Polygon",
        "crs": {
          "type": "name",
          "properties": {
            "name": "EPSG:4326"
          }
        },
        "coordinates": [
          [
            [
              -63.817192,
              11.004758
            ],
            [
              -63.80242,
              11.009684
            ],
            [
              -63.80242,
              11.009684
            ],
            [
              -63.80465,
              11.021079
            ],
            [
              -63.799701,
              11.029078
            ],
            [
              -63.805695,
              11.037766
            ],
            [
              -63.811707,
              11.04807
            ],
            [
              -63.816635,
              11.036515
            ],
            [
              -63.818946,
              11.031651
            ],
            [
              -63.820039,
              11.029029
            ],
            [
              -63.820707,
              11.027897
            ],
            [
              -63.821193,
              11.027242
            ],
            [
              -63.830024,
              11.025247
            ],
            [
              -63.824002,
              11.021055
            ],
            [
              -63.824728,
              11.014777
            ],
            [
              -63.824429,
              11.012572
            ],
            [
              -63.822706,
              11.009779
            ],
            [
              -63.817192,
              11.004758
            ]
          ]
        ]
      },
      "properties": {
        "Comuna Sembrando Patria": 0,
        "id": "PoligonoCuadrantes_40"
      }
    },
    {
      "type": "Feature",
      "geometry": {
        "type": "Polygon",
        "crs": {
          "type": "name",
          "properties": {
            "name": "EPSG:4326"
          }
        },
        "coordinates": [
          [
            [
              -63.969718,
              11.08223
            ],
            [
              -63.969647,
              11.069683
            ],
            [
              -63.969325,
              11.068693
            ],
            [
              -63.96947,
              11.068551
            ],
            [
              -63.969035,
              11.067412
            ],
            [
              -63.967439,
              11.065561
            ],
            [
              -63.974471,
              11.050884
            ],
            [
              -63.96044,
              11.065076
            ],
            [
              -63.957966,
              11.078203
            ],
            [
              -63.969718,
              11.08223
            ]
          ]
        ]
      },
      "properties": {
        "Comuna Las Heroínas de la Sabaneta": 0,
        "id": "PoligonoCuadrantes_41"
      }
    },
    {
      "type": "Feature",
      "geometry": {
        "type": "Polygon",
        "crs": {
          "type": "name",
          "properties": {
            "name": "EPSG:4326"
          }
        },
        "coordinates": [
          [
            [
              -64.194165,
              10.942711
            ],
            [
              -64.296041,
              11.033811
            ],
            [
              -64.288009,
              10.993845
            ],
            [
              -64.269382,
              10.955365
            ],
            [
              -64.263754,
              10.943566
            ],
            [
              -64.256639,
              10.943016
            ],
            [
              -64.249965,
              10.94061
            ],
            [
              -64.245846,
              10.939405
            ],
            [
              -64.24009,
              10.939405
            ],
            [
              -64.238526,
              10.941059
            ],
            [
              -64.223535,
              10.940458
            ],
            [
              -64.209309,
              10.934751
            ],
            [
              -64.207353,
              10.934801
            ],
            [
              -64.205754,
              10.936528
            ],
            [
              -64.203676,
              10.93904
            ],
            [
              -64.202236,
              10.939354
            ],
            [
              -64.201597,
              10.938647
            ],
            [
              -64.195281,
              10.939275
            ],
            [
              -64.193282,
              10.941787
            ],
            [
              -64.194165,
              10.942711
            ]
          ]
        ]
      },
      "properties": {
        "Circuito Comunal Guayacancito": 0,
        "id": "PoligonoCuadrantes_42"
      }
    },
    {
      "type": "Feature",
      "geometry": {
        "type": "Polygon",
        "crs": {
          "type": "name",
          "properties": {
            "name": "EPSG:4326"
          }
        },
        "coordinates": [
          [
            [
              -63.867251,
              10.952327
            ],
            [
              -63.868216,
              10.94568
            ],
            [
              -63.868188,
              10.945675
            ],
            [
              -63.866979,
              10.945087
            ],
            [
              -63.866386,
              10.94529
            ],
            [
              -63.866076,
              10.945011
            ],
            [
              -63.865534,
              10.945011
            ],
            [
              -63.86476,
              10.945214
            ],
            [
              -63.864631,
              10.944859
            ],
            [
              -63.86396,
              10.945062
            ],
            [
              -63.862386,
              10.944682
            ],
            [
              -63.861095,
              10.944859
            ],
            [
              -63.860424,
              10.945315
            ],
            [
              -63.859753,
              10.945999
            ],
            [
              -63.859056,
              10.94719
            ],
            [
              -63.857276,
              10.949141
            ],
            [
              -63.854895,
              10.949949
            ],
            [
              -63.855603,
              10.956302
            ],
            [
              -63.867251,
              10.952327
            ]
          ]
        ]
      },
      "properties": {
        "Comuna Producción Brisas del Mar": 0,
        "id": "PoligonoCuadrantes_43"
      }
    },
    {
      "type": "Feature",
      "geometry": {
        "type": "Polygon",
        "crs": {
          "type": "name",
          "properties": {
            "name": "EPSG:4326"
          }
        },
        "coordinates": [
          [
            [
              -63.84677,
              11.129913
            ],
            [
              -63.870613,
              11.153905
            ],
            [
              -63.887385,
              11.135006
            ],
            [
              -63.882857,
              11.117588
            ],
            [
              -63.866648,
              11.11344
            ],
            [
              -63.866479,
              11.113527
            ],
            [
              -63.84677,
              11.129913
            ]
          ]
        ]
      },
      "properties": {
        "Comuna Socialista, Agroturística y Productiva Entre Aricagua, El Agua y La Mira Jamás Será Vencida": 0,
        "id": "PoligonoCuadrantes_44"
      }
    },
    {
      "type": "Feature",
      "geometry": {
        "type": "Polygon",
        "crs": {
          "type": "name",
          "properties": {
            "name": "EPSG:4326"
          }
        },
        "coordinates": [
          [
            [
              -63.821504,
              11.066513
            ],
            [
              -63.835232,
              11.063126
            ],
            [
              -63.837768,
              11.057818
            ],
            [
              -63.838892,
              11.05543
            ],
            [
              -63.839672,
              11.053926
            ],
            [
              -63.842335,
              11.048669
            ],
            [
              -63.853213,
              11.038381
            ],
            [
              -63.846773,
              11.028996
            ],
            [
              -63.835664,
              11.024021
            ],
            [
              -63.821018,
              11.027181
            ],
            [
              -63.81186,
              11.047738
            ],
            [
              -63.817296,
              11.060171
            ],
            [
              -63.821504,
              11.066513
            ]
          ]
        ]
      },
      "properties": {
        "Circuito #09 Batalla de Matasiete": 0,
        "id": "PoligonoCuadrantes_45"
      }
    },
    {
      "type": "Feature",
      "geometry": {
        "type": "Polygon",
        "crs": {
          "type": "name",
          "properties": {
            "name": "EPSG:4326"
          }
        },
        "coordinates": [
          [
            [
              -63.799703,
              11.028784
            ],
            [
              -63.804685,
              11.02108
            ],
            [
              -63.804685,
              11.02108
            ],
            [
              -63.802365,
              11.009758
            ],
            [
              -63.817186,
              11.004685
            ],
            [
              -63.805095,
              10.990462
            ],
            [
              -63.799945,
              10.990003
            ],
            [
              -63.801959,
              10.991075
            ],
            [
              -63.80131,
              10.99285
            ],
            [
              -63.800116,
              10.993319
            ],
            [
              -63.800048,
              10.994559
            ],
            [
              -63.79783,
              10.997339
            ],
            [
              -63.795987,
              10.996301
            ],
            [
              -63.796601,
              10.998009
            ],
            [
              -63.795441,
              10.998612
            ],
            [
              -63.794007,
              10.998813
            ],
            [
              -63.792711,
              10.998947
            ],
            [
              -63.791482,
              10.997741
            ],
            [
              -63.791892,
              10.996669
            ],
            [
              -63.791346,
              10.996234
            ],
            [
              -63.789503,
              10.995698
            ],
            [
              -63.789673,
              10.994056
            ],
            [
              -63.785753,
              10.996
            ],
            [
              -63.780907,
              10.99466
            ],
            [
              -63.777358,
              10.996201
            ],
            [
              -63.776811,
              10.998134
            ],
            [
              -63.787376,
              11.013199
            ],
            [
              -63.790258,
              11.016702
            ],
            [
              -63.789916,
              11.018377
            ],
            [
              -63.791213,
              11.017841
            ],
            [
              -63.79251,
              11.019181
            ],
            [
              -63.792715,
              11.021459
            ],
            [
              -63.793807,
              11.021191
            ],
            [
              -63.796946,
              11.024942
            ],
            [
              -63.798448,
              11.026885
            ],
            [
              -63.798107,
              11.028962
            ],
            [
              -63.799703,
              11.028784
            ]
          ]
        ]
      },
      "properties": {
        "Comuna Anacleta Laborí": 0,
        "id": "PoligonoCuadrantes_46"
      }
    },
    {
      "type": "Feature",
      "geometry": {
        "type": "Polygon",
        "crs": {
          "type": "name",
          "properties": {
            "name": "EPSG:4326"
          }
        },
        "coordinates": [
          [
            [
              -63.949413,
              11.085858
            ],
            [
              -63.957796,
              11.078263
            ],
            [
              -63.960304,
              11.065184
            ],
            [
              -63.965678,
              11.059558
            ],
            [
              -63.947335,
              11.050416
            ],
            [
              -63.947406,
              11.056534
            ],
            [
              -63.947406,
              11.056534
            ],
            [
              -63.947478,
              11.056605
            ],
            [
              -63.949413,
              11.085858
            ]
          ]
        ]
      },
      "properties": {
        "Comuna Renacer Socialista Los Millanes": 0,
        "id": "PoligonoCuadrantes_47"
      }
    },
    {
      "type": "Feature",
      "geometry": {
        "type": "Polygon",
        "crs": {
          "type": "name",
          "properties": {
            "name": "EPSG:4326"
          }
        },
        "coordinates": [
          [
            [
              -64.180164,
              10.962423
            ],
            [
              -64.237992,
              10.998029
            ],
            [
              -64.267031,
              11.016329
            ],
            [
              -64.261488,
              11.028227
            ],
            [
              -64.278635,
              11.030936
            ],
            [
              -64.294403,
              11.034224
            ],
            [
              -64.29598,
              11.034418
            ],
            [
              -64.296043,
              11.033826
            ],
            [
              -64.244716,
              10.988054
            ],
            [
              -64.193299,
              10.941955
            ],
            [
              -64.188113,
              10.947653
            ],
            [
              -64.186226,
              10.947961
            ],
            [
              -64.185702,
              10.947858
            ],
            [
              -64.183605,
              10.95002
            ],
            [
              -64.181612,
              10.95352
            ],
            [
              -64.180931,
              10.955167
            ],
            [
              -64.179477,
              10.956814
            ],
            [
              -64.178794,
              10.95836
            ],
            [
              -64.179009,
              10.959458
            ],
            [
              -64.179477,
              10.959822
            ],
            [
              -64.180164,
              10.962423
            ]
          ]
        ]
      },
      "properties": {
        "Circuito Comunal Simón Bolívar": 0,
        "id": "PoligonoCuadrantes_48"
      }
    },
    {
      "type": "Feature",
      "geometry": {
        "type": "Polygon",
        "crs": {
          "type": "name",
          "properties": {
            "name": "EPSG:4326"
          }
        },
        "coordinates": [
          [
            [
              -63.88193,
              10.937409
            ],
            [
              -63.880772,
              10.937743
            ],
            [
              -63.87798,
              10.939482
            ],
            [
              -63.877435,
              10.938947
            ],
            [
              -63.876822,
              10.93995
            ],
            [
              -63.875733,
              10.941822
            ],
            [
              -63.871325,
              10.945098
            ],
            [
              -63.870611,
              10.945022
            ],
            [
              -63.868938,
              10.945788
            ],
            [
              -63.868188,
              10.945675
            ],
            [
              -63.86724,
              10.952402
            ],
            [
              -63.879478,
              10.948041
            ],
            [
              -63.879478,
              10.948041
            ],
            [
              -63.88193,
              10.937409
            ]
          ]
        ]
      },
      "properties": {
        "Comuna María León La Leona de Chávez": 0,
        "id": "PoligonoCuadrantes_49"
      }
    },
    {
      "type": "Feature",
      "geometry": {
        "type": "Polygon",
        "crs": {
          "type": "name",
          "properties": {
            "name": "EPSG:4326"
          }
        },
        "coordinates": [
          [
            [
              -63.859681,
              11.057381
            ],
            [
              -63.868248,
              11.056435
            ],
            [
              -63.879342,
              11.057453
            ],
            [
              -63.874417,
              11.052106
            ],
            [
              -63.868952,
              11.047845
            ],
            [
              -63.869736,
              11.039451
            ],
            [
              -63.867539,
              11.034006
            ],
            [
              -63.864252,
              11.035958
            ],
            [
              -63.860885,
              11.037526
            ],
            [
              -63.857312,
              11.039948
            ],
            [
              -63.853208,
              11.038335
            ],
            [
              -63.842279,
              11.048971
            ],
            [
              -63.835326,
              11.063033
            ],
            [
              -63.839226,
              11.062259
            ],
            [
              -63.851628,
              11.059212
            ],
            [
              -63.859681,
              11.057381
            ]
          ]
        ]
      },
      "properties": {
        "": 0,
        "Comuna El Fortín de la Libertad": 0,
        "id": "PoligonoCuadrantes_50"
      }
    },
    {
      "type": "Feature",
      "geometry": {
        "type": "Polygon",
        "crs": {
          "type": "name",
          "properties": {
            "name": "EPSG:4326"
          }
        },
        "coordinates": [
          [
            [
              -63.869825,
              11.039665
            ],
            [
              -63.878998,
              11.034147
            ],
            [
              -63.884909,
              11.008737
            ],
            [
              -63.879019,
              11.011389
            ],
            [
              -63.873828,
              10.993756
            ],
            [
              -63.856313,
              11.006078
            ],
            [
              -63.852333,
              11.01731
            ],
            [
              -63.856959,
              11.020448
            ],
            [
              -63.856665,
              11.024624
            ],
            [
              -63.860435,
              11.030075
            ],
            [
              -63.859069,
              11.038722
            ],
            [
              -63.860793,
              11.037533
            ],
            [
              -63.863279,
              11.036431
            ],
            [
              -63.86543,
              11.035264
            ],
            [
              -63.867527,
              11.033962
            ],
            [
              -63.869825,
              11.039665
            ]
          ]
        ]
      },
      "properties": {
        "Circuito #8 Valle de Santa Lucía": 0,
        "id": "PoligonoCuadrantes_51"
      }
    },
    {
      "type": "Feature",
      "geometry": {
        "type": "Polygon",
        "crs": {
          "type": "name",
          "properties": {
            "name": "EPSG:4326"
          }
        },
        "coordinates": [
          [
            [
              -63.980789,
              11.068701
            ],
            [
              -63.982981,
              11.064158
            ],
            [
              -63.98302,
              11.05817
            ],
            [
              -64.00226,
              11.048553
            ],
            [
              -63.974572,
              11.050723
            ],
            [
              -63.967486,
              11.065484
            ],
            [
              -63.968777,
              11.066904
            ],
            [
              -63.969638,
              11.068708
            ],
            [
              -63.969951,
              11.070129
            ],
            [
              -63.978164,
              11.069054
            ],
            [
              -63.980789,
              11.068701
            ]
          ]
        ]
      },
      "properties": {
        "Comuna Alberto Lovera": 0,
        "id": "PoligonoCuadrantes_52"
      }
    },
    {
      "type": "Feature",
      "geometry": {
        "type": "Polygon",
        "crs": {
          "type": "name",
          "properties": {
            "name": "EPSG:4326"
          }
        },
        "coordinates": [
          [
            [
              -63.921931,
              10.946586
            ],
            [
              -63.931933,
              10.948281
            ],
            [
              -63.935261,
              10.948779
            ],
            [
              -63.941974,
              10.929063
            ],
            [
              -63.926067,
              10.928343
            ],
            [
              -63.92404,
              10.926179
            ],
            [
              -63.921931,
              10.946586
            ]
          ]
        ]
      },
      "properties": {
        "Comuna Cruz del Pastel": 0,
        "id": "PoligonoCuadrantes_53"
      }
    },
    {
      "type": "Feature",
      "geometry": {
        "type": "Polygon",
        "crs": {
          "type": "name",
          "properties": {
            "name": "EPSG:4326"
          }
        },
        "coordinates": [
          [
            [
              -64.330194,
              11.05708
            ],
            [
              -64.332437,
              11.055615
            ],
            [
              -64.335262,
              11.056946
            ],
            [
              -64.33741,
              11.054728
            ],
            [
              -64.341252,
              11.053064
            ],
            [
              -64.343513,
              11.048738
            ],
            [
              -64.350359,
              11.048707
            ],
            [
              -64.360183,
              11.052766
            ],
            [
              -64.365871,
              11.049214
            ],
            [
              -64.371558,
              11.048199
            ],
            [
              -64.377246,
              11.044901
            ],
            [
              -64.383968,
              11.043886
            ],
            [
              -64.382933,
              11.037288
            ],
            [
              -64.381382,
              11.035766
            ],
            [
              -64.383501,
              11.031556
            ],
            [
              -64.381986,
              11.029259
            ],
            [
              -64.378682,
              11.030069
            ],
            [
              -64.376736,
              11.027508
            ],
            [
              -64.375378,
              11.023854
            ],
            [
              -64.377155,
              11.019077
            ],
            [
              -64.382183,
              11.01332
            ],
            [
              -64.382602,
              11.004683
            ],
            [
              -64.391819,
              10.995841
            ],
            [
              -64.405645,
              10.984325
            ],
            [
              -64.406767,
              10.978135
            ],
            [
              -64.408787,
              10.975687
            ],
            [
              -64.407949,
              10.97178
            ],
            [
              -64.401246,
              10.974042
            ],
            [
              -64.398523,
              10.97178
            ],
            [
              -64.391296,
              10.968476
            ],
            [
              -64.387574,
              10.967878
            ],
            [
              -64.384326,
              10.968011
            ],
            [
              -64.383109,
              10.967347
            ],
            [
              -64.38277,
              10.965952
            ],
            [
              -64.375832,
              10.965539
            ],
            [
              -64.371028,
              10.964476
            ],
            [
              -64.367915,
              10.963413
            ],
            [
              -64.366359,
              10.961288
            ],
            [
              -64.362841,
              10.962749
            ],
            [
              -64.358578,
              10.962085
            ],
            [
              -64.35533,
              10.962018
            ],
            [
              -64.351179,
              10.959029
            ],
            [
              -64.346737,
              10.958896
            ],
            [
              -64.3397,
              10.956239
            ],
            [
              -64.337061,
              10.955442
            ],
            [
              -64.334896,
              10.957368
            ],
            [
              -64.317527,
              10.957095
            ],
            [
              -64.308478,
              10.952272
            ],
            [
              -64.300464,
              10.947957
            ],
            [
              -64.293225,
              10.945165
            ],
            [
              -64.263495,
              10.943134
            ],
            [
              -64.288213,
              10.994244
            ],
            [
              -64.296024,
              11.034361
            ],
            [
              -64.313238,
              11.046
            ],
            [
              -64.330194,
              11.05708
            ]
          ]
        ]
      },
      "properties": {
        "Comuna Roblepozo": 0,
        "id": "PoligonoCuadrantes_54"
      }
    },
    {
      "type": "Feature",
      "geometry": {
        "type": "Polygon",
        "crs": {
          "type": "name",
          "properties": {
            "name": "EPSG:4326"
          }
        },
        "coordinates": [
          [
            [
              -63.863437,
              10.98138
            ],
            [
              -63.856372,
              10.974035
            ],
            [
              -63.846218,
              10.975276
            ],
            [
              -63.843739,
              10.9833
            ],
            [
              -63.849653,
              10.985807
            ],
            [
              -63.863437,
              10.98138
            ]
          ]
        ]
      },
      "properties": {
        "Comuna Chotomaymu Tierra Fértil": 0,
        "id": "PoligonoCuadrantes_55"
      }
    },
    {
      "type": "Feature",
      "geometry": {
        "type": "Polygon",
        "crs": {
          "type": "name",
          "properties": {
            "name": "EPSG:4326"
          }
        },
        "coordinates": [
          [
            [
              -63.870674,
              11.154162
            ],
            [
              -63.871954,
              11.156194
            ],
            [
              -63.872862,
              11.15816
            ],
            [
              -63.872011,
              11.158136
            ],
            [
              -63.873597,
              11.162096
            ],
            [
              -63.875556,
              11.162659
            ],
            [
              -63.876589,
              11.164381
            ],
            [
              -63.87737,
              11.166524
            ],
            [
              -63.877135,
              11.16728
            ],
            [
              -63.876139,
              11.167706
            ],
            [
              -63.877025,
              11.169222
            ],
            [
              -63.878469,
              11.170096
            ],
            [
              -63.877982,
              11.172798
            ],
            [
              -63.880178,
              11.173138
            ],
            [
              -63.880424,
              11.176023
            ],
            [
              -63.878537,
              11.177003
            ],
            [
              -63.880123,
              11.180521
            ],
            [
              -63.882276,
              11.177469
            ],
            [
              -63.887608,
              11.174908
            ],
            [
              -63.889212,
              11.172744
            ],
            [
              -63.889828,
              11.171714
            ],
            [
              -63.889526,
              11.169885
            ],
            [
              -63.888262,
              11.169088
            ],
            [
              -63.889173,
              11.168289
            ],
            [
              -63.891692,
              11.168857
            ],
            [
              -63.890322,
              11.165575
            ],
            [
              -63.890646,
              11.163749
            ],
            [
              -63.892198,
              11.162272
            ],
            [
              -63.890729,
              11.160636
            ],
            [
              -63.891838,
              11.159954
            ],
            [
              -63.892023,
              11.158351
            ],
            [
              -63.896093,
              11.156516
            ],
            [
              -63.899755,
              11.156606
            ],
            [
              -63.90134,
              11.154979
            ],
            [
              -63.902355,
              11.155647
            ],
            [
              -63.905735,
              11.15454
            ],
            [
              -63.908011,
              11.154456
            ],
            [
              -63.90987,
              11.152882
            ],
            [
              -63.906685,
              11.153026
            ],
            [
              -63.906208,
              11.152336
            ],
            [
              -63.905378,
              11.151192
            ],
            [
              -63.905811,
              11.149786
            ],
            [
              -63.906033,
              11.148205
            ],
            [
              -63.907764,
              11.148468
            ],
            [
              -63.908008,
              11.14662
            ],
            [
              -63.887465,
              11.134943
            ],
            [
              -63.887465,
              11.134943
            ],
            [
              -63.870674,
              11.154162
            ]
          ]
        ]
      },
      "properties": {
        "Comuna Agro-Turística y Pesquera Manzanillo": 0,
        "id": "PoligonoCuadrantes_56"
      }
    },
    {
      "type": "Feature",
      "geometry": {
        "type": "Polygon",
        "crs": {
          "type": "name",
          "properties": {
            "name": "EPSG:4326"
          }
        },
        "coordinates": [
          [
            [
              -63.994616,
              10.968911
            ],
            [
              -64.000744,
              10.967671
            ],
            [
              -63.998173,
              10.962666
            ],
            [
              -63.990125,
              10.957564
            ],
            [
              -63.977993,
              10.955582
            ],
            [
              -63.972892,
              10.974079
            ],
            [
              -63.992233,
              10.999214
            ],
            [
              -63.992233,
              10.999214
            ],
            [
              -64.003775,
              11.014392
            ],
            [
              -64.005058,
              11.01238
            ],
            [
              -64.002885,
              11.004905
            ],
            [
              -64.005752,
              10.994352
            ],
            [
              -63.993234,
              10.990119
            ],
            [
              -63.997812,
              10.980165
            ],
            [
              -63.994616,
              10.968911
            ]
          ]
        ]
      },
      "properties": {
        "": 0,
        "Comuna Nuestra Palma Datilera": 0,
        "id": "PoligonoCuadrantes_57"
      }
    },
    {
      "type": "Feature",
      "geometry": {
        "type": "Polygon",
        "crs": {
          "type": "name",
          "properties": {
            "name": "EPSG:4326"
          }
        },
        "coordinates": [
          [
            [
              -63.884847,
              11.00903
            ],
            [
              -63.882827,
              11.017522
            ],
            [
              -63.89559,
              11.028281
            ],
            [
              -63.963233,
              11.041837
            ],
            [
              -63.945106,
              11.002703
            ],
            [
              -63.947994,
              10.975915
            ],
            [
              -63.884847,
              11.00903
            ]
          ]
        ]
      },
      "properties": {
        "Comuna El Valle de San Juan": 0,
        "id": "PoligonoCuadrantes_58"
      }
    },
    {
      "type": "Feature",
      "geometry": {
        "type": "Polygon",
        "crs": {
          "type": "name",
          "properties": {
            "name": "EPSG:4326"
          }
        },
        "coordinates": [
          [
            [
              -63.972801,
              11.085405
            ],
            [
              -63.972153,
              11.082844
            ],
            [
              -63.969717,
              11.082211
            ],
            [
              -63.958039,
              11.078011
            ],
            [
              -63.949368,
              11.085816
            ],
            [
              -63.955038,
              11.091338
            ],
            [
              -63.965683,
              11.101314
            ],
            [
              -63.973576,
              11.109104
            ],
            [
              -63.977216,
              11.111386
            ],
            [
              -63.97704,
              11.109271
            ],
            [
              -63.97891,
              11.107734
            ],
            [
              -63.979061,
              11.105552
            ],
            [
              -63.980072,
              11.105056
            ],
            [
              -63.98174,
              11.105056
            ],
            [
              -63.98259,
              11.100592
            ],
            [
              -63.982388,
              11.097716
            ],
            [
              -63.980973,
              11.094989
            ],
            [
              -63.977132,
              11.095385
            ],
            [
              -63.976323,
              11.092906
            ],
            [
              -63.976727,
              11.091517
            ],
            [
              -63.97698,
              11.090079
            ],
            [
              -63.977991,
              11.088393
            ],
            [
              -63.978951,
              11.086955
            ],
            [
              -63.979719,
              11.08517
            ],
            [
              -63.979456,
              11.085665
            ],
            [
              -63.978547,
              11.085864
            ],
            [
              -63.977334,
              11.085864
            ],
            [
              -63.976323,
              11.085169
            ],
            [
              -63.974352,
              11.086161
            ],
            [
              -63.972801,
              11.085405
            ]
          ]
        ]
      },
      "properties": {
        "Comuna Los Héroes de la Laguna de los Mártires": 0,
        "id": "PoligonoCuadrantes_59"
      }
    },
    {
      "type": "Feature",
      "geometry": {
        "type": "Polygon",
        "crs": {
          "type": "name",
          "properties": {
            "name": "EPSG:4326"
          }
        },
        "coordinates": [
          [
            [
              -63.880395,
              10.96838
            ],
            [
              -63.871324,
              10.95098
            ],
            [
              -63.858625,
              10.955319
            ],
            [
              -63.859186,
              10.96236
            ],
            [
              -63.866021,
              10.967101
            ],
            [
              -63.880395,
              10.96838
            ]
          ]
        ]
      },
      "properties": {
        "Comuna Cacique Isabel": 0,
        "id": "PoligonoCuadrantes_60"
      }
    },
    {
      "type": "Feature",
      "geometry": {
        "type": "Polygon",
        "crs": {
          "type": "name",
          "properties": {
            "name": "EPSG:4326"
          }
        },
        "coordinates": [
          [
            [
              -63.916046,
              10.97183
            ],
            [
              -63.906759,
              10.946826
            ],
            [
              -63.906759,
              10.946826
            ],
            [
              -63.915437,
              10.947651
            ],
            [
              -63.917917,
              10.950029
            ],
            [
              -63.91876,
              10.9499
            ],
            [
              -63.919186,
              10.946801
            ],
            [
              -63.921954,
              10.946632
            ],
            [
              -63.9223,
              10.941988
            ],
            [
              -63.923323,
              10.932566
            ],
            [
              -63.900328,
              10.937997
            ],
            [
              -63.892979,
              10.943272
            ],
            [
              -63.871375,
              10.950909
            ],
            [
              -63.880428,
              10.968602
            ],
            [
              -63.880606,
              10.968418
            ],
            [
              -63.916046,
              10.97183
            ]
          ]
        ]
      },
      "properties": {
        "Comuna Camarada Roberto Cabello": 0,
        "id": "PoligonoCuadrantes_61"
      }
    },
    {
      "type": "Feature",
      "geometry": {
        "type": "Polygon",
        "crs": {
          "type": "name",
          "properties": {
            "name": "EPSG:4326"
          }
        },
        "coordinates": [
          [
            [
              -63.865993,
              10.967144
            ],
            [
              -63.85915,
              10.962352
            ],
            [
              -63.847577,
              10.970874
            ],
            [
              -63.846223,
              10.975259
            ],
            [
              -63.856372,
              10.974035
            ],
            [
              -63.863519,
              10.981523
            ],
            [
              -63.867514,
              10.980288
            ],
            [
              -63.86657,
              10.974931
            ],
            [
              -63.865993,
              10.967144
            ]
          ]
        ]
      },
      "properties": {
        "Comuna Waikerí Charaima": 0,
        "id": "PoligonoCuadrantes_62"
      }
    },
    {
      "type": "Feature",
      "geometry": {
        "type": "Polygon",
        "crs": {
          "type": "name",
          "properties": {
            "name": "EPSG:4326"
          }
        },
        "coordinates": [
          [
            [
              -63.819187,
              10.97065
            ],
            [
              -63.818618,
              10.971617
            ],
            [
              -63.818139,
              10.971617
            ],
            [
              -63.817942,
              10.97228
            ],
            [
              -63.818336,
              10.972363
            ],
            [
              -63.818364,
              10.973054
            ],
            [
              -63.817774,
              10.973136
            ],
            [
              -63.817464,
              10.97438
            ],
            [
              -63.81828,
              10.97496
            ],
            [
              -63.81828,
              10.976009
            ],
            [
              -63.818027,
              10.976921
            ],
            [
              -63.816845,
              10.976479
            ],
            [
              -63.817126,
              10.973357
            ],
            [
              -63.817098,
              10.972556
            ],
            [
              -63.816085,
              10.972501
            ],
            [
              -63.816226,
              10.976755
            ],
            [
              -63.81738,
              10.977418
            ],
            [
              -63.817436,
              10.978191
            ],
            [
              -63.816536,
              10.979987
            ],
            [
              -63.815848,
              10.980525
            ],
            [
              -63.819804,
              10.982039
            ],
            [
              -63.827351,
              10.983997
            ],
            [
              -63.831841,
              10.984807
            ],
            [
              -63.832342,
              10.979962
            ],
            [
              -63.834815,
              10.979283
            ],
            [
              -63.836529,
              10.975063
            ],
            [
              -63.836529,
              10.975063
            ],
            [
              -63.819187,
              10.97065
            ]
          ]
        ]
      },
      "properties": {
        "Circuito La Auyama": 0,
        "id": "PoligonoCuadrantes_63"
      }
    }
  ]
}