{
  "type": "FeatureCollection",
  "features": [
    {
      "type": "Feature",
      "geometry": {
        "type": "Point",
        "crs": {
          "type": "name",
          "properties": {
            "name": "EPSG:4326"
          }
        },
        "coordinates": [
          -63.857350000000004,
          11.02419
        ]
      },
      "properties": {
        "Zona": "02",
        "MESAS": 3,
        "CENTRO": "UNIDAD EDUCATIVA LICEO BOLIVARIANO DOCTOR FRANCISCO ANTONIO RISQUEZ",
        "ESTADO": "EDO. NVA. ESPARTA",
        "ALTITUD": 45.1,
        "LATITUD": 11.02419,
        "LONGITUD": -63.85735,
        "Cod_Agrup": "1502",
        "DIRECCION": "SECTOR LOS ALMENDRONES FRENTE AVENIDA JUAN BAUTISTA ARISMENDI. DERECHA CALLE 4 DE MAYO A 50 METROS DE LA CASA DEL MAESTRO EDIFICIO",
        "ELECTORES": 1638,
        "Estado_ID": "15",
        "MUNICIPIO": "CE. ARISMENDI",
        "PARROQUIA": "CM. LA ASUNCION",
        "COD_CENTRO": "150101002",
        "Municipio_": "01",
        "Prrquia_ID": "01",
        "id": "votacion_0"
      }
    },
    {
      "type": "Feature",
      "geometry": {
        "type": "Point",
        "crs": {
          "type": "name",
          "properties": {
            "name": "EPSG:4326"
          }
        },
        "coordinates": [
          -63.87201,
          11.04026
        ]
      },
      "properties": {
        "Zona": "02",
        "MESAS": 4,
        "CENTRO": "UNIDAD EDUCATIVA RAMONA CARABALLO GUZMAN",
        "ESTADO": "EDO. NVA. ESPARTA",
        "ALTITUD": 36.8,
        "LATITUD": 11.04026,
        "LONGITUD": -63.87201,
        "Cod_Agrup": "1502",
        "DIRECCION": "URBANIZACIÓN SAN MARTIN DE PORRES FRENTE CALLE MARIA LUSINA SALAZAR AL FINAL DE LA CALLE MARIA LUSINA SALAZAR EDIFICIO",
        "ELECTORES": 1830,
        "Estado_ID": "15",
        "MUNICIPIO": "CE. ARISMENDI",
        "PARROQUIA": "CM. LA ASUNCION",
        "COD_CENTRO": "150101008",
        "Municipio_": "01",
        "Prrquia_ID": "01",
        "id": "votacion_1"
      }
    },
    {
      "type": "Feature",
      "geometry": {
        "type": "Point",
        "crs": {
          "type": "name",
          "properties": {
            "name": "EPSG:4326"
          }
        },
        "coordinates": [
          -63.9784,
          10.97279
        ]
      },
      "properties": {
        "Zona": "01",
        "MESAS": 6,
        "CENTRO": "UNIDAD EDUCATIVA ESTADAL ANIBAL LAREZ",
        "ESTADO": "EDO. NVA. ESPARTA",
        "ALTITUD": 48.4,
        "LATITUD": 10.97279,
        "LONGITUD": -63.9784,
        "Cod_Agrup": "1501",
        "DIRECCION": "SECTOR EL ESPINAL DERECHA CALLE EL CARDON. FRENTE CALLE GOMEZ. IZQUIERDA CALLEJÓN SIN NOMBRE CERCA DE LA CANCHA TECHADA DEL ESPINAL EDIFICIO",
        "ELECTORES": 3303,
        "Estado_ID": "15",
        "MUNICIPIO": "MP. DIAZ",
        "PARROQUIA": "CM. SAN JUAN BAUTISTA",
        "COD_CENTRO": "150201005",
        "Municipio_": "02",
        "Prrquia_ID": "01",
        "id": "votacion_2"
      }
    },
    {
      "type": "Feature",
      "geometry": {
        "type": "Point",
        "crs": {
          "type": "name",
          "properties": {
            "name": "EPSG:4326"
          }
        },
        "coordinates": [
          -63.983520000000006,
          10.97064
        ]
      },
      "properties": {
        "Zona": "01",
        "MESAS": 3,
        "CENTRO": "CENTRO DE EDUCACION INICIAL YNES MERCEDES SALAZAR DE RONDON",
        "ESTADO": "EDO. NVA. ESPARTA",
        "ALTITUD": 52.9,
        "LATITUD": 10.97064,
        "LONGITUD": -63.98352,
        "Cod_Agrup": "1501",
        "DIRECCION": "SECTOR EL PROGRESO I DERECHA CALLE LUISA CACERES. IZQUIERDA CALLE INCE. FRENTE CALLE LUISA CACERES AL LADO DE LA ALDEA BOLIVARIANA EL ESPINAL EDIFICIO",
        "ELECTORES": 1217,
        "Estado_ID": "15",
        "MUNICIPIO": "MP. DIAZ",
        "PARROQUIA": "CM. SAN JUAN BAUTISTA",
        "COD_CENTRO": "150201015",
        "Municipio_": "02",
        "Prrquia_ID": "01",
        "id": "votacion_3"
      }
    },
    {
      "type": "Feature",
      "geometry": {
        "type": "Point",
        "crs": {
          "type": "name",
          "properties": {
            "name": "EPSG:4326"
          }
        },
        "coordinates": [
          -64.01934,
          10.99629
        ]
      },
      "properties": {
        "Zona": "01",
        "MESAS": 5,
        "CENTRO": "UNIDAD EDUCATIVA NACIONAL BOLIVARIANA MIGUEL SUNIAGA",
        "ESTADO": "EDO. NVA. ESPARTA",
        "ALTITUD": 24.1,
        "LATITUD": 10.99629,
        "LONGITUD": -64.01934,
        "Cod_Agrup": "1501",
        "DIRECCION": "SECTOR LA GUARDIA FRENTE CALLE NUEVA. DERECHA CALLEJÓN CIEGO FRENTE A LA TORRE DE SENAL DE CANTV EDIFICIO",
        "ELECTORES": 2738,
        "Estado_ID": "15",
        "MUNICIPIO": "MP. DIAZ",
        "PARROQUIA": "PQ. ZABALA",
        "COD_CENTRO": "150202001",
        "Municipio_": "02",
        "Prrquia_ID": "02",
        "id": "votacion_4"
      }
    },
    {
      "type": "Feature",
      "geometry": {
        "type": "Point",
        "crs": {
          "type": "name",
          "properties": {
            "name": "EPSG:4326"
          }
        },
        "coordinates": [
          -63.94496,
          11.07901
        ]
      },
      "properties": {
        "Zona": "01",
        "MESAS": 1,
        "CENTRO": "CENTRO DE EDUCACION INICIAL CONSUELO DE NATERA",
        "ESTADO": "EDO. NVA. ESPARTA",
        "ALTITUD": 30.2,
        "LATITUD": 11.07901,
        "LONGITUD": -63.94496,
        "Cod_Agrup": "1501",
        "DIRECCION": "SECTOR LOS PENEROS DERECHA CALLE K. IZQUIERDA CALLE PRINCIPAL. FRENTE CALLE PRINCIPAL ENTRADA DE LA URBANIZACION LOS PENEROS",
        "ELECTORES": 537,
        "Estado_ID": "15",
        "MUNICIPIO": "MP. GOMEZ",
        "PARROQUIA": "CM. SANTA ANA",
        "COD_CENTRO": "150301007",
        "Municipio_": "03",
        "Prrquia_ID": "01",
        "id": "votacion_5"
      }
    },
    {
      "type": "Feature",
      "geometry": {
        "type": "Point",
        "crs": {
          "type": "name",
          "properties": {
            "name": "EPSG:4326"
          }
        },
        "coordinates": [
          -63.88047000000001,
          11.00851
        ]
      },
      "properties": {
        "Zona": "02",
        "MESAS": 2,
        "CENTRO": "UNIDAD EDUCATIVA ESTADAL ENCARNACION RODRIGUEZ DE ROJAS",
        "ESTADO": "EDO. NVA. ESPARTA",
        "ALTITUD": 305,
        "LATITUD": 11.00851,
        "LONGITUD": -63.88047,
        "Cod_Agrup": "1502",
        "DIRECCION": "SECTOR: LA SIERRA. FRENTE CALLE SAN MIGUEL. REFERENCIA AL LADO DEL MODULO BARRIO ADENTRO",
        "ELECTORES": 785,
        "Estado_ID": "15",
        "MUNICIPIO": "CE. ARISMENDI",
        "PARROQUIA": "CM. LA ASUNCION",
        "COD_CENTRO": "150101006",
        "Municipio_": "01",
        "Prrquia_ID": "01",
        "id": "votacion_6"
      }
    },
    {
      "type": "Feature",
      "geometry": {
        "type": "Point",
        "crs": {
          "type": "name",
          "properties": {
            "name": "EPSG:4326"
          }
        },
        "coordinates": [
          -63.98644000000001,
          10.9881
        ]
      },
      "properties": {
        "Zona": "01",
        "MESAS": 2,
        "CENTRO": "UNIDAD EDUCATIVA ESTHELA ZABALA DE SOTO",
        "ESTADO": "EDO. NVA. ESPARTA",
        "ALTITUD": 61.3,
        "LATITUD": 10.9881,
        "LONGITUD": -63.98644,
        "Cod_Agrup": "1501",
        "DIRECCION": "SECTOR LOS VILLARROELES DERECHA CALLE PRINCIPAL LOS VILLARROELES. FRENTE CALLE RICAUTE. IZQUIERDA CARRETERA PRINCIPAL VIA LA GUARDIA CERCA DEL TANQUE EDIFICIO",
        "ELECTORES": 1062,
        "Estado_ID": "15",
        "MUNICIPIO": "MP. DIAZ",
        "PARROQUIA": "CM. SAN JUAN BAUTISTA",
        "COD_CENTRO": "150201006",
        "Municipio_": "02",
        "Prrquia_ID": "01",
        "id": "votacion_7"
      }
    },
    {
      "type": "Feature",
      "geometry": {
        "type": "Point",
        "crs": {
          "type": "name",
          "properties": {
            "name": "EPSG:4326"
          }
        },
        "coordinates": [
          -63.97843,
          10.9908
        ]
      },
      "properties": {
        "Zona": "01",
        "MESAS": 3,
        "CENTRO": "UNIDAD EDUCATIVA ESTADAL MARIA AUXILIADORA ZABALA DE MILLAN",
        "ESTADO": "EDO. NVA. ESPARTA",
        "ALTITUD": 47,
        "LATITUD": 10.9908,
        "LONGITUD": -63.97843,
        "Cod_Agrup": "1501",
        "DIRECCION": "SECTOR: LAS BARRANCAS. FRENTE CALLE PRINCIPAL. IZQUIERDA CALLE LATERAL. REFERENCIA DIAGONAL AL AMBULATORIO DE LAS BARRANCAS",
        "ELECTORES": 1194,
        "Estado_ID": "15",
        "MUNICIPIO": "MP. DIAZ",
        "PARROQUIA": "CM. SAN JUAN BAUTISTA",
        "COD_CENTRO": "150201010",
        "Municipio_": "02",
        "Prrquia_ID": "01",
        "id": "votacion_8"
      }
    },
    {
      "type": "Feature",
      "geometry": {
        "type": "Point",
        "crs": {
          "type": "name",
          "properties": {
            "name": "EPSG:4326"
          }
        },
        "coordinates": [
          -63.84087,
          11.02377
        ]
      },
      "properties": {
        "Zona": "02",
        "MESAS": 3,
        "CENTRO": "UNIDAD EDUCATIVA PROFESOR JOSE INOCENTE ALFARO",
        "ESTADO": "EDO. NVA. ESPARTA",
        "ALTITUD": 47,
        "LATITUD": 11.02377,
        "LONGITUD": -63.84087,
        "Cod_Agrup": "1502",
        "DIRECCION": "SECTOR: ATAMO SUR. FRENTE AVENIDA PRINCIPAL ATAMO SUR. REFERENCIA A 50 METROS DEL CENTRO CULTURAL",
        "ELECTORES": 1743,
        "Estado_ID": "15",
        "MUNICIPIO": "CE. ARISMENDI",
        "PARROQUIA": "CM. LA ASUNCION",
        "COD_CENTRO": "150101010",
        "Municipio_": "01",
        "Prrquia_ID": "01",
        "id": "votacion_9"
      }
    },
    {
      "type": "Feature",
      "geometry": {
        "type": "Point",
        "crs": {
          "type": "name",
          "properties": {
            "name": "EPSG:4326"
          }
        },
        "coordinates": [
          -63.93193,
          11.01335
        ]
      },
      "properties": {
        "Zona": "01",
        "MESAS": 3,
        "CENTRO": "UNIDAD EDUCATIVA DOÑA EMILIA DE VELASQUEZ",
        "ESTADO": "EDO. NVA. ESPARTA",
        "ALTITUD": 113,
        "LATITUD": 11.01335,
        "LONGITUD": -63.93193,
        "Cod_Agrup": "1501",
        "DIRECCION": "SECTOR: PUNTA CUJI. FRENTE CALLE CEDENO. REFERENCIA A 500 METROS DE LA CRUZ VIA ENTRADA DEL SECTOR FUENTIDUENO",
        "ELECTORES": 1366,
        "Estado_ID": "15",
        "MUNICIPIO": "MP. DIAZ",
        "PARROQUIA": "CM. SAN JUAN BAUTISTA",
        "COD_CENTRO": "150201007",
        "Municipio_": "02",
        "Prrquia_ID": "01",
        "id": "votacion_10"
      }
    },
    {
      "type": "Feature",
      "geometry": {
        "type": "Point",
        "crs": {
          "type": "name",
          "properties": {
            "name": "EPSG:4326"
          }
        },
        "coordinates": [
          -64.01024,
          10.99271
        ]
      },
      "properties": {
        "Zona": "01",
        "MESAS": 2,
        "CENTRO": "CENTRO DE EDUCACION INICIAL ESTADAL LAS CASAS",
        "ESTADO": "EDO. NVA. ESPARTA",
        "ALTITUD": 27.8,
        "LATITUD": 10.99271,
        "LONGITUD": -64.01024,
        "Cod_Agrup": "1501",
        "DIRECCION": "SECTOR LAS CASAS DERECHA CALLE BELLO MONTE. FRENTE CALLE ARISMENDI DIAGONAL SEDE LINEA LA GUARDIA",
        "ELECTORES": 968,
        "Estado_ID": "15",
        "MUNICIPIO": "MP. DIAZ",
        "PARROQUIA": "PQ. ZABALA",
        "COD_CENTRO": "150202007",
        "Municipio_": "02",
        "Prrquia_ID": "02",
        "id": "votacion_11"
      }
    },
    {
      "type": "Feature",
      "geometry": {
        "type": "Point",
        "crs": {
          "type": "name",
          "properties": {
            "name": "EPSG:4326"
          }
        },
        "coordinates": [
          -63.968250000000005,
          10.95659
        ]
      },
      "properties": {
        "Zona": "01",
        "MESAS": 4,
        "CENTRO": "UNIDAD EDUCATIVA ESTADAL JOAQUINA VELASQUEZ DE ROMERO",
        "ESTADO": "EDO. NVA. ESPARTA",
        "ALTITUD": 19.6,
        "LATITUD": 10.95659,
        "LONGITUD": -63.96825,
        "Cod_Agrup": "1501",
        "DIRECCION": "SECTOR: EL DATIL. FRENTE CALLE MARCANO. IZQUIERDA CALLE CATIA. REFERENCIA FRENTE AL TALLER DE LATONERIA Y PINTURA CUELLAR",
        "ELECTORES": 2114,
        "Estado_ID": "15",
        "MUNICIPIO": "MP. DIAZ",
        "PARROQUIA": "CM. SAN JUAN BAUTISTA",
        "COD_CENTRO": "150201012",
        "Municipio_": "02",
        "Prrquia_ID": "01",
        "id": "votacion_12"
      }
    },
    {
      "type": "Feature",
      "geometry": {
        "type": "Point",
        "crs": {
          "type": "name",
          "properties": {
            "name": "EPSG:4326"
          }
        },
        "coordinates": [
          -63.93146,
          11.05815
        ]
      },
      "properties": {
        "Zona": "01",
        "MESAS": 2,
        "CENTRO": "UNIDAD EDUCATIVA JOSE RAMON LOPEZ VELASQUEZ",
        "ESTADO": "EDO. NVA. ESPARTA",
        "ALTITUD": 27.9,
        "LATITUD": 11.05815,
        "LONGITUD": -63.93146,
        "Cod_Agrup": "1501",
        "DIRECCION": "SECTOR: EL CERCADO. FRENTE CALLE EL SACO. REFERENCIA DETRAS DE LA IGLESIA",
        "ELECTORES": 1073,
        "Estado_ID": "15",
        "MUNICIPIO": "MP. GOMEZ",
        "PARROQUIA": "CM. SANTA ANA",
        "COD_CENTRO": "150301003",
        "Municipio_": "03",
        "Prrquia_ID": "01",
        "id": "votacion_13"
      }
    },
    {
      "type": "Feature",
      "geometry": {
        "type": "Point",
        "crs": {
          "type": "name",
          "properties": {
            "name": "EPSG:4326"
          }
        },
        "coordinates": [
          -63.94778999999999,
          11.09427
        ]
      },
      "properties": {
        "Zona": "01",
        "MESAS": 5,
        "CENTRO": "UNIDAD EDUCATIVA ESTADAL NUESTRA SEÑORA DE ALTAGRACIA",
        "ESTADO": "EDO. NVA. ESPARTA",
        "ALTITUD": 99.2,
        "LATITUD": 11.09427,
        "LONGITUD": -63.94779,
        "Cod_Agrup": "1501",
        "DIRECCION": "BARRIO: MARIA AUXILIADORA. FRENTE CALLE MARIA AUXILIADORA. REFERENCIA FRENTE A LA FARMACIA ALTAGRACIA",
        "ELECTORES": 2355,
        "Estado_ID": "15",
        "MUNICIPIO": "MP. GOMEZ",
        "PARROQUIA": "PQ. SUCRE",
        "COD_CENTRO": "150305001",
        "Municipio_": "03",
        "Prrquia_ID": "05",
        "id": "votacion_14"
      }
    },
    {
      "type": "Feature",
      "geometry": {
        "type": "Point",
        "crs": {
          "type": "name",
          "properties": {
            "name": "EPSG:4326"
          }
        },
        "coordinates": [
          -63.95865,
          11.09858
        ]
      },
      "properties": {
        "Zona": "01",
        "MESAS": 1,
        "CENTRO": "CENTRO DE EDUCACION INICIAL BRISAS DE ALTAGRACIA",
        "ESTADO": "EDO. NVA. ESPARTA",
        "ALTITUD": 2.4,
        "LATITUD": 11.09858,
        "LONGITUD": -63.95865,
        "Cod_Agrup": "1501",
        "DIRECCION": "SECTOR: BRISAS DE ALTAGRACIA. FRENTE CALLE DIVINO NINO. REFERENCIA A 100 METRO DE LA PANADERIA",
        "ELECTORES": 538,
        "Estado_ID": "15",
        "MUNICIPIO": "MP. GOMEZ",
        "PARROQUIA": "PQ. SUCRE",
        "COD_CENTRO": "150305004",
        "Municipio_": "03",
        "Prrquia_ID": "05",
        "id": "votacion_15"
      }
    },
    {
      "type": "Feature",
      "geometry": {
        "type": "Point",
        "crs": {
          "type": "name",
          "properties": {
            "name": "EPSG:4326"
          }
        },
        "coordinates": [
          -63.82561,
          11.04591
        ]
      },
      "properties": {
        "Zona": "02",
        "MESAS": 4,
        "CENTRO": "UNIDAD EDUCATIVA ESTADAL JUAN CANCIO RODRIGUEZ",
        "ESTADO": "EDO. NVA. ESPARTA",
        "ALTITUD": 79.7,
        "LATITUD": 11.04591,
        "LONGITUD": -63.82561,
        "Cod_Agrup": "1502",
        "DIRECCION": "SECTOR SABANA DE GUACUCO FRENTE CALLE CAROCUESTA A 500 METROS DE LA CANCHA TECHADA EDIFICIO",
        "ELECTORES": 2258,
        "Estado_ID": "15",
        "MUNICIPIO": "CE. ARISMENDI",
        "PARROQUIA": "CM. LA ASUNCION",
        "COD_CENTRO": "150101005",
        "Municipio_": "01",
        "Prrquia_ID": "01",
        "id": "votacion_16"
      }
    },
    {
      "type": "Feature",
      "geometry": {
        "type": "Point",
        "crs": {
          "type": "name",
          "properties": {
            "name": "EPSG:4326"
          }
        },
        "coordinates": [
          -63.85551,
          11.03002
        ]
      },
      "properties": {
        "Zona": "02",
        "MESAS": 4,
        "CENTRO": "UNIDAD EDUCATIVA ESTADAL DOCTOR ANDRES ELOY BLANCO",
        "ESTADO": "EDO. NVA. ESPARTA",
        "ALTITUD": 56.9,
        "LATITUD": 11.03002,
        "LONGITUD": -63.85551,
        "Cod_Agrup": "1502",
        "DIRECCION": "SECTOR: LAS HUERTAS. FRENTE CALLE PRINCIPAL. REFERENCIA CERCA DEL SUPERMERCADO EL CRUCERO DE GUACUCO",
        "ELECTORES": 2286,
        "Estado_ID": "15",
        "MUNICIPIO": "CE. ARISMENDI",
        "PARROQUIA": "CM. LA ASUNCION",
        "COD_CENTRO": "150101004",
        "Municipio_": "01",
        "Prrquia_ID": "01",
        "id": "votacion_17"
      }
    },
    {
      "type": "Feature",
      "geometry": {
        "type": "Point",
        "crs": {
          "type": "name",
          "properties": {
            "name": "EPSG:4326"
          }
        },
        "coordinates": [
          -63.941950000000006,
          11.01102
        ]
      },
      "properties": {
        "Zona": "01",
        "MESAS": 5,
        "CENTRO": "UNIDAD EDUCATIVA LICEO BOLIVARIANO FRANCISCO FAJARDO",
        "ESTADO": "EDO. NVA. ESPARTA",
        "ALTITUD": 125.2,
        "LATITUD": 11.01102,
        "LONGITUD": -63.94195,
        "Cod_Agrup": "1501",
        "DIRECCION": "SECTOR: LA PLAZA. IZQUIERDA CALLE BOLIVAR. REFERENCIA A 100 METROS DE LA IGLESIA SAN JUAN BAUTISTA",
        "ELECTORES": 2470,
        "Estado_ID": "15",
        "MUNICIPIO": "MP. DIAZ",
        "PARROQUIA": "CM. SAN JUAN BAUTISTA",
        "COD_CENTRO": "150201001",
        "Municipio_": "02",
        "Prrquia_ID": "01",
        "id": "votacion_18"
      }
    },
    {
      "type": "Feature",
      "geometry": {
        "type": "Point",
        "crs": {
          "type": "name",
          "properties": {
            "name": "EPSG:4326"
          }
        },
        "coordinates": [
          -63.96794,
          10.94351
        ]
      },
      "properties": {
        "Zona": "01",
        "MESAS": 4,
        "CENTRO": "CENTRO DE EDUCACION INICIAL MARIA GUEVARA",
        "ESTADO": "EDO. NVA. ESPARTA",
        "ALTITUD": 29.7,
        "LATITUD": 10.94351,
        "LONGITUD": -63.96794,
        "Cod_Agrup": "1501",
        "DIRECCION": "URBANIZACIÓN COTOPERIZ FRENTE CALLE PRINCIPAL AL LADO DE LA ESCUELA BASICA ESTADAL COTOPERIZ EDIFICIO",
        "ELECTORES": 1991,
        "Estado_ID": "15",
        "MUNICIPIO": "MP. DIAZ",
        "PARROQUIA": "CM. SAN JUAN BAUTISTA",
        "COD_CENTRO": "150201014",
        "Municipio_": "02",
        "Prrquia_ID": "01",
        "id": "votacion_19"
      }
    },
    {
      "type": "Feature",
      "geometry": {
        "type": "Point",
        "crs": {
          "type": "name",
          "properties": {
            "name": "EPSG:4326"
          }
        },
        "coordinates": [
          -64.0152,
          10.99975
        ]
      },
      "properties": {
        "Zona": "01",
        "MESAS": 3,
        "CENTRO": "UNIDAD EDUCATIVA LICEO BOLIVARIANO LA GUARDIA",
        "ESTADO": "EDO. NVA. ESPARTA",
        "ALTITUD": 12,
        "LATITUD": 10.99975,
        "LONGITUD": -64.0152,
        "Cod_Agrup": "1501",
        "DIRECCION": "SECTOR LA GUARDIA FRENTE CALLE ANTONIO DIAZ CERCA DE LA LICORERIA CRISTINA EDIFICIO",
        "ELECTORES": 1628,
        "Estado_ID": "15",
        "MUNICIPIO": "MP. DIAZ",
        "PARROQUIA": "PQ. ZABALA",
        "COD_CENTRO": "150202004",
        "Municipio_": "02",
        "Prrquia_ID": "02",
        "id": "votacion_20"
      }
    },
    {
      "type": "Feature",
      "geometry": {
        "type": "Point",
        "crs": {
          "type": "name",
          "properties": {
            "name": "EPSG:4326"
          }
        },
        "coordinates": [
          -63.94288000000001,
          11.07011
        ]
      },
      "properties": {
        "Zona": "01",
        "MESAS": 1,
        "CENTRO": "ESCUELA PRIMARIA BOLIVARIANA BACHILLER JUAN JOSE FERNANDEZ",
        "ESTADO": "EDO. NVA. ESPARTA",
        "ALTITUD": 39.6,
        "LATITUD": 11.07011,
        "LONGITUD": -63.94288,
        "Cod_Agrup": "1501",
        "DIRECCION": "SECTOR: LA VECINDAD. FRENTE CALLE LIBERTAD. IZQUIERDA CALLE ARISMENDI. DERECHA CALLE SANTA RITA. REFERENCIA FRENTA AL CLUB AMIGOS DE LA VECINDAD",
        "ELECTORES": 460,
        "Estado_ID": "15",
        "MUNICIPIO": "MP. GOMEZ",
        "PARROQUIA": "CM. SANTA ANA",
        "COD_CENTRO": "150301002",
        "Municipio_": "03",
        "Prrquia_ID": "01",
        "id": "votacion_21"
      }
    },
    {
      "type": "Feature",
      "geometry": {
        "type": "Point",
        "crs": {
          "type": "name",
          "properties": {
            "name": "EPSG:4326"
          }
        },
        "coordinates": [
          -63.79319000000001,
          11.00403
        ]
      },
      "properties": {
        "Zona": "02",
        "MESAS": 2,
        "CENTRO": "CENTRO DE EDUCACION INICIAL PROFESOR BERNARDO ACOSTA",
        "ESTADO": "EDO. NVA. ESPARTA",
        "ALTITUD": 25.9,
        "LATITUD": 11.00403,
        "LONGITUD": -63.79319,
        "Cod_Agrup": "1502",
        "DIRECCION": "SECTOR: CAMPEARE. FRENTE CALLE 3 DE MAYO. REFERENCIA EN LA CALLE ANTES DE LA CALLE EL LICEO",
        "ELECTORES": 978,
        "Estado_ID": "15",
        "MUNICIPIO": "MP. MANEIRO",
        "PARROQUIA": "CM. PAMPATAR",
        "COD_CENTRO": "150401007",
        "Municipio_": "04",
        "Prrquia_ID": "01",
        "id": "votacion_22"
      }
    },
    {
      "type": "Feature",
      "geometry": {
        "type": "Point",
        "crs": {
          "type": "name",
          "properties": {
            "name": "EPSG:4326"
          }
        },
        "coordinates": [
          -63.82899,
          11.01893
        ]
      },
      "properties": {
        "Zona": "02",
        "MESAS": 2,
        "CENTRO": "UNIDAD EDUCATIVA JOSE CONCEPCION SALCEDO AVILA",
        "ESTADO": "EDO. NVA. ESPARTA",
        "ALTITUD": 65.8,
        "LATITUD": 11.01893,
        "LONGITUD": -63.82899,
        "Cod_Agrup": "1502",
        "DIRECCION": "SECTOR: LOS CERRITOS. FRENTE CALLE TUMBA VIEJA. REFERENCIA AL LADO DEL AMBULATORIO",
        "ELECTORES": 1180,
        "Estado_ID": "15",
        "MUNICIPIO": "MP. MANEIRO",
        "PARROQUIA": "CM. PAMPATAR",
        "COD_CENTRO": "150401006",
        "Municipio_": "04",
        "Prrquia_ID": "01",
        "id": "votacion_23"
      }
    },
    {
      "type": "Feature",
      "geometry": {
        "type": "Point",
        "crs": {
          "type": "name",
          "properties": {
            "name": "EPSG:4326"
          }
        },
        "coordinates": [
          -63.86661,
          11.03009
        ]
      },
      "properties": {
        "Zona": "02",
        "MESAS": 2,
        "CENTRO": "CENTRO DE EDUCACION INICIAL LA ASUNCION",
        "ESTADO": "EDO. NVA. ESPARTA",
        "ALTITUD": 84.8,
        "LATITUD": 11.03009,
        "LONGITUD": -63.86661,
        "Cod_Agrup": "1502",
        "DIRECCION": "SECTOR: LA ASUNCION. FRENTE CALLEJÓN CEDENO. IZQUIERDA CALLE PAZ. DERECHA CALLE INDEPENDENCIA. REFERENCIA FRENTE A LA PREFECTURA",
        "ELECTORES": 1136,
        "Estado_ID": "15",
        "MUNICIPIO": "CE. ARISMENDI",
        "PARROQUIA": "CM. LA ASUNCION",
        "COD_CENTRO": "150101003",
        "Municipio_": "01",
        "Prrquia_ID": "01",
        "id": "votacion_24"
      }
    },
    {
      "type": "Feature",
      "geometry": {
        "type": "Point",
        "crs": {
          "type": "name",
          "properties": {
            "name": "EPSG:4326"
          }
        },
        "coordinates": [
          -63.96098,
          11.018220000000001
        ]
      },
      "properties": {
        "Zona": "01",
        "MESAS": 3,
        "CENTRO": "UNIDAD EDUCATIVA CESAREA DIAZ DE HERRERA",
        "ESTADO": "EDO. NVA. ESPARTA",
        "ALTITUD": 69.2,
        "LATITUD": 11.01822,
        "LONGITUD": -63.96098,
        "Cod_Agrup": "1501",
        "DIRECCION": "SECTOR EL TUEY FRENTE CALLE PRINCIPAL EL TUEY A 50 METROS DE LA CRUZ EDIFICIO",
        "ELECTORES": 1319,
        "Estado_ID": "15",
        "MUNICIPIO": "MP. DIAZ",
        "PARROQUIA": "CM. SAN JUAN BAUTISTA",
        "COD_CENTRO": "150201003",
        "Municipio_": "02",
        "Prrquia_ID": "01",
        "id": "votacion_25"
      }
    },
    {
      "type": "Feature",
      "geometry": {
        "type": "Point",
        "crs": {
          "type": "name",
          "properties": {
            "name": "EPSG:4326"
          }
        },
        "coordinates": [
          -63.96067000000001,
          11.00891
        ]
      },
      "properties": {
        "Zona": "01",
        "MESAS": 2,
        "CENTRO": "UNIDAD EDUCATIVA JUANA SALAZAR DE MORENO",
        "ESTADO": "EDO. NVA. ESPARTA",
        "ALTITUD": 47.8,
        "LATITUD": 11.00891,
        "LONGITUD": -63.96067,
        "Cod_Agrup": "1501",
        "DIRECCION": "SECTOR: AGUA DE VACA. FRENTE CALLE MANEIRO. REFERENCIA FRENTE A LA CANCHA DE AGUA DE VACA",
        "ELECTORES": 694,
        "Estado_ID": "15",
        "MUNICIPIO": "MP. DIAZ",
        "PARROQUIA": "CM. SAN JUAN BAUTISTA",
        "COD_CENTRO": "150201009",
        "Municipio_": "02",
        "Prrquia_ID": "01",
        "id": "votacion_26"
      }
    },
    {
      "type": "Feature",
      "geometry": {
        "type": "Point",
        "crs": {
          "type": "name",
          "properties": {
            "name": "EPSG:4326"
          }
        },
        "coordinates": [
          -64.01962,
          10.99673
        ]
      },
      "properties": {
        "Zona": "01",
        "MESAS": 4,
        "CENTRO": "CENTRO DE EDUCACION INICIAL MIGUEL SUNIAGA",
        "ESTADO": "EDO. NVA. ESPARTA",
        "ALTITUD": 36.2,
        "LATITUD": 10.99673,
        "LONGITUD": -64.01962,
        "Cod_Agrup": "1501",
        "DIRECCION": "SECTOR LA GUARDIA FRENTE CALLE NUEVA AL LADO DE LA UNIDAD EDUCATIVA MIGUEL SUNIAGA EDIFICIO",
        "ELECTORES": 2054,
        "Estado_ID": "15",
        "MUNICIPIO": "MP. DIAZ",
        "PARROQUIA": "PQ. ZABALA",
        "COD_CENTRO": "150202002",
        "Municipio_": "02",
        "Prrquia_ID": "02",
        "id": "votacion_27"
      }
    },
    {
      "type": "Feature",
      "geometry": {
        "type": "Point",
        "crs": {
          "type": "name",
          "properties": {
            "name": "EPSG:4326"
          }
        },
        "coordinates": [
          -63.8639,
          11.02889
        ]
      },
      "properties": {
        "Zona": "02",
        "MESAS": 6,
        "CENTRO": "UNIDAD EDUCATIVA NACIONAL BOLIVARIANA FRANCISCO ESTEBAN GOMEZ",
        "ESTADO": "EDO. NVA. ESPARTA",
        "ALTITUD": 62.3,
        "LATITUD": 11.02889,
        "LONGITUD": -63.8639,
        "Cod_Agrup": "1502",
        "DIRECCION": "SECTOR CASCO CENTRAL IZQUIERDA CALLE PASEO VARGAS MACHUCA. FRENTE CALLE MATASIETE DIAGONAL AL CONSEJO LEGISLATIVO EDIFICIO",
        "ELECTORES": 3436,
        "Estado_ID": "15",
        "MUNICIPIO": "CE. ARISMENDI",
        "PARROQUIA": "CM. LA ASUNCION",
        "COD_CENTRO": "150101007",
        "Municipio_": "01",
        "Prrquia_ID": "01",
        "id": "votacion_28"
      }
    },
    {
      "type": "Feature",
      "geometry": {
        "type": "Point",
        "crs": {
          "type": "name",
          "properties": {
            "name": "EPSG:4326"
          }
        },
        "coordinates": [
          -63.86731000000001,
          11.0317
        ]
      },
      "properties": {
        "Zona": "02",
        "MESAS": 5,
        "CENTRO": "UNIDAD EDUCATIVA BOLIVARIANA LUISA CACERES DE ARISMENDI",
        "ESTADO": "EDO. NVA. ESPARTA",
        "ALTITUD": 59.7,
        "LATITUD": 11.0317,
        "LONGITUD": -63.86731,
        "Cod_Agrup": "1502",
        "DIRECCION": "SECTOR: LA OTRA BANDA. FRENTE AVENIDA JUAN CANCIO RODRIGUEZ. REFERENCIA AL FRENTE DEL PUENTE COLONIAL",
        "ELECTORES": 2419,
        "Estado_ID": "15",
        "MUNICIPIO": "CE. ARISMENDI",
        "PARROQUIA": "CM. LA ASUNCION",
        "COD_CENTRO": "150101001",
        "Municipio_": "01",
        "Prrquia_ID": "01",
        "id": "votacion_29"
      }
    },
    {
      "type": "Feature",
      "geometry": {
        "type": "Point",
        "crs": {
          "type": "name",
          "properties": {
            "name": "EPSG:4326"
          }
        },
        "coordinates": [
          -63.85387000000001,
          11.02652
        ]
      },
      "properties": {
        "Zona": "02",
        "MESAS": 1,
        "CENTRO": "UNIDAD EDUCATIVA ESPECIAL BOLIVARIANA LUISA CÁCERES DE ARISMENDI",
        "ESTADO": "EDO. NVA. ESPARTA",
        "ALTITUD": 56.9,
        "LATITUD": 11.02652,
        "LONGITUD": -63.85387,
        "Cod_Agrup": "1502",
        "DIRECCION": "URBANIZACIÓN: PALO SANO. FRENTE CALLE LAS MARGARITAS. REFERENCIA A 150 METROS DE LA CANCHA",
        "ELECTORES": 286,
        "Estado_ID": "15",
        "MUNICIPIO": "CE. ARISMENDI",
        "PARROQUIA": "CM. LA ASUNCION",
        "COD_CENTRO": "150101016",
        "Municipio_": "01",
        "Prrquia_ID": "01",
        "id": "votacion_30"
      }
    },
    {
      "type": "Feature",
      "geometry": {
        "type": "Point",
        "crs": {
          "type": "name",
          "properties": {
            "name": "EPSG:4326"
          }
        },
        "coordinates": [
          -63.98093,
          10.98193
        ]
      },
      "properties": {
        "Zona": "01",
        "MESAS": 3,
        "CENTRO": "CENTRO DE EDUCACION INICIAL CERROMAR",
        "ESTADO": "EDO. NVA. ESPARTA",
        "ALTITUD": 66.7,
        "LATITUD": 10.98193,
        "LONGITUD": -63.98093,
        "Cod_Agrup": "1501",
        "DIRECCION": "URBANIZACIÓN: CERROMAR. FRENTE CALLE SAN JUAN. REFERENCIA AL LADO PANADERIA EL TRIGAL",
        "ELECTORES": 1395,
        "Estado_ID": "15",
        "MUNICIPIO": "MP. DIAZ",
        "PARROQUIA": "CM. SAN JUAN BAUTISTA",
        "COD_CENTRO": "150201019",
        "Municipio_": "02",
        "Prrquia_ID": "01",
        "id": "votacion_31"
      }
    },
    {
      "type": "Feature",
      "geometry": {
        "type": "Point",
        "crs": {
          "type": "name",
          "properties": {
            "name": "EPSG:4326"
          }
        },
        "coordinates": [
          -64.02542,
          10.99385
        ]
      },
      "properties": {
        "Zona": "01",
        "MESAS": 2,
        "CENTRO": "UNIDAD EDUCATIVA ESTADAL MARIA ROSARIO LAREZ",
        "ESTADO": "EDO. NVA. ESPARTA",
        "ALTITUD": 29.1,
        "LATITUD": 10.99385,
        "LONGITUD": -64.02542,
        "Cod_Agrup": "1501",
        "DIRECCION": "SECTOR: EL PALOTAL. FRENTE CALLE BERMUDEZ. IZQUIERDA CALLE BELLO MONTE. REFERENCIA CERCA DE LA PLAZA DE LOS PESCADORES",
        "ELECTORES": 1049,
        "Estado_ID": "15",
        "MUNICIPIO": "MP. DIAZ",
        "PARROQUIA": "PQ. ZABALA",
        "COD_CENTRO": "150202005",
        "Municipio_": "02",
        "Prrquia_ID": "02",
        "id": "votacion_32"
      }
    },
    {
      "type": "Feature",
      "geometry": {
        "type": "Point",
        "crs": {
          "type": "name",
          "properties": {
            "name": "EPSG:4326"
          }
        },
        "coordinates": [
          -63.942,
          11.06926
        ]
      },
      "properties": {
        "Zona": "01",
        "MESAS": 5,
        "CENTRO": "CENTRO DE EDUCACION INICIAL SIMONCITO MAESTRO JESUS MANUEL MARIN",
        "ESTADO": "EDO. NVA. ESPARTA",
        "ALTITUD": 44.7,
        "LATITUD": 11.06926,
        "LONGITUD": -63.942,
        "Cod_Agrup": "1501",
        "DIRECCION": "SECTOR: LA VECINDAD. DERECHA CALLE EL POZO. REFERENCIA CERCA DE LA IGLESIA SAN JOSE",
        "ELECTORES": 2691,
        "Estado_ID": "15",
        "MUNICIPIO": "MP. GOMEZ",
        "PARROQUIA": "CM. SANTA ANA",
        "COD_CENTRO": "150301005",
        "Municipio_": "03",
        "Prrquia_ID": "01",
        "id": "votacion_33"
      }
    },
    {
      "type": "Feature",
      "geometry": {
        "type": "Point",
        "crs": {
          "type": "name",
          "properties": {
            "name": "EPSG:4326"
          }
        },
        "coordinates": [
          -63.94312,
          11.04737
        ]
      },
      "properties": {
        "Zona": "01",
        "MESAS": 3,
        "CENTRO": "UNIDAD EDUCATIVA NACIONAL BOLIVARIANA APOLINAR FIGUEROA CORONADO",
        "ESTADO": "EDO. NVA. ESPARTA",
        "ALTITUD": 83.7,
        "LATITUD": 11.04737,
        "LONGITUD": -63.94312,
        "Cod_Agrup": "1501",
        "DIRECCION": "SECTOR EL MACO FRENTE CALLE BOLIVAR CERCA DE LA FUNDACION DEL NINO EDIFICIO",
        "ELECTORES": 1765,
        "Estado_ID": "15",
        "MUNICIPIO": "MP. GOMEZ",
        "PARROQUIA": "PQ. BOLIVAR",
        "COD_CENTRO": "150304001",
        "Municipio_": "03",
        "Prrquia_ID": "04",
        "id": "votacion_34"
      }
    },
    {
      "type": "Feature",
      "geometry": {
        "type": "Point",
        "crs": {
          "type": "name",
          "properties": {
            "name": "EPSG:4326"
          }
        },
        "coordinates": [
          -63.83413000000001,
          10.99102
        ]
      },
      "properties": {
        "Zona": "02",
        "MESAS": 1,
        "CENTRO": "UNIDAD EDUCATIVA INSTITUTO MARIA AUXILIADORA I",
        "ESTADO": "EDO. NVA. ESPARTA",
        "ALTITUD": 55.6,
        "LATITUD": 10.99102,
        "LONGITUD": -63.83413,
        "Cod_Agrup": "1502",
        "DIRECCION": "URBANIZACIÓN: SAN JUDAS TADEO, LOS ROBLES. FRENTE CALLE EL CALVARIO. REFERENCIA AL FRENTE DEL EDIFICIO DON RENE",
        "ELECTORES": 297,
        "Estado_ID": "15",
        "MUNICIPIO": "MP. MANEIRO",
        "PARROQUIA": "PQ. AGUIRRE",
        "COD_CENTRO": "150402008",
        "Municipio_": "04",
        "Prrquia_ID": "02",
        "id": "votacion_35"
      }
    },
    {
      "type": "Feature",
      "geometry": {
        "type": "Point",
        "crs": {
          "type": "name",
          "properties": {
            "name": "EPSG:4326"
          }
        },
        "coordinates": [
          -63.83637000000001,
          10.98879
        ]
      },
      "properties": {
        "Zona": "02",
        "MESAS": 4,
        "CENTRO": "UNIDAD EDUCATIVA LICEO BOLIVARIANO JOSE AUGUSTO DE LEON",
        "ESTADO": "EDO. NVA. ESPARTA",
        "ALTITUD": 44.7,
        "LATITUD": 10.98879,
        "LONGITUD": -63.83637,
        "Cod_Agrup": "1502",
        "DIRECCION": "SECTOR: LOS ROBLES. FRENTE AVENIDA JOVITO VILLALBA. IZQUIERDA CALLE LAZARO. REFERENCIA FRENTE A LA REDOMA DE LOS ROBLES",
        "ELECTORES": 1963,
        "Estado_ID": "15",
        "MUNICIPIO": "MP. MANEIRO",
        "PARROQUIA": "PQ. AGUIRRE",
        "COD_CENTRO": "150402005",
        "Municipio_": "04",
        "Prrquia_ID": "02",
        "id": "votacion_36"
      }
    },
    {
      "type": "Feature",
      "geometry": {
        "type": "Point",
        "crs": {
          "type": "name",
          "properties": {
            "name": "EPSG:4326"
          }
        },
        "coordinates": [
          -63.83854,
          11.00801
        ]
      },
      "properties": {
        "Zona": "02",
        "MESAS": 2,
        "CENTRO": "UNIDAD EDUCATIVA INSTITUTO EDUCACIONAL RENACER",
        "ESTADO": "EDO. NVA. ESPARTA",
        "ALTITUD": 74,
        "LATITUD": 11.00801,
        "LONGITUD": -63.83854,
        "Cod_Agrup": "1502",
        "DIRECCION": "URBANIZACIÓN: IGINIA CARABALLO. FRENTE CALLE PRINCIPAL. REFERENCIA CERCA DE LA PANADERIA JORDAN",
        "ELECTORES": 739,
        "Estado_ID": "15",
        "MUNICIPIO": "MP. MANEIRO",
        "PARROQUIA": "PQ. AGUIRRE",
        "COD_CENTRO": "150402010",
        "Municipio_": "04",
        "Prrquia_ID": "02",
        "id": "votacion_37"
      }
    },
    {
      "type": "Feature",
      "geometry": {
        "type": "Point",
        "crs": {
          "type": "name",
          "properties": {
            "name": "EPSG:4326"
          }
        },
        "coordinates": [
          -63.86165,
          11.04623
        ]
      },
      "properties": {
        "Zona": "02",
        "MESAS": 5,
        "CENTRO": "UNIDAD EDUCATIVA ESTADAL PROFESOR JULIO VILLARROEL",
        "ESTADO": "EDO. NVA. ESPARTA",
        "ALTITUD": 45.4,
        "LATITUD": 11.04623,
        "LONGITUD": -63.86165,
        "Cod_Agrup": "1502",
        "DIRECCION": "SECTOR SALAMANCA FRENTE CALLE CAZORLA AL LADO DEL MINISTERIO DEL AMBIENTE EDIFICIO",
        "ELECTORES": 2389,
        "Estado_ID": "15",
        "MUNICIPIO": "CE. ARISMENDI",
        "PARROQUIA": "CM. LA ASUNCION",
        "COD_CENTRO": "150101009",
        "Municipio_": "01",
        "Prrquia_ID": "01",
        "id": "votacion_38"
      }
    },
    {
      "type": "Feature",
      "geometry": {
        "type": "Point",
        "crs": {
          "type": "name",
          "properties": {
            "name": "EPSG:4326"
          }
        },
        "coordinates": [
          -63.86499,
          11.033870000000002
        ]
      },
      "properties": {
        "Zona": "02",
        "MESAS": 2,
        "CENTRO": "UNIVERSIDAD NACIONAL ABIERTA",
        "ESTADO": "EDO. NVA. ESPARTA",
        "ALTITUD": 56.4,
        "LATITUD": 11.03387,
        "LONGITUD": -63.86499,
        "Cod_Agrup": "1502",
        "DIRECCION": "SECTOR: EL OTRO LADO DEL RIO. FRENTE CALLE LA CEIBA. IZQUIERDA AVENIDA JUAN CANCIO RODRIGUEZ. DERECHA CALLE EL MAMEY. REFERENCIA CERCA DE LA ESQUINA EL TOCO",
        "ELECTORES": 828,
        "Estado_ID": "15",
        "MUNICIPIO": "CE. ARISMENDI",
        "PARROQUIA": "CM. LA ASUNCION",
        "COD_CENTRO": "150101015",
        "Municipio_": "01",
        "Prrquia_ID": "01",
        "id": "votacion_39"
      }
    },
    {
      "type": "Feature",
      "geometry": {
        "type": "Point",
        "crs": {
          "type": "name",
          "properties": {
            "name": "EPSG:4326"
          }
        },
        "coordinates": [
          -63.968109999999996,
          10.94419
        ]
      },
      "properties": {
        "Zona": "01",
        "MESAS": 2,
        "CENTRO": "UNIDAD EDUCATIVA ESTADAL PROFESOR OVIDIO VALERIO",
        "ESTADO": "EDO. NVA. ESPARTA",
        "ALTITUD": 15.8,
        "LATITUD": 10.94419,
        "LONGITUD": -63.96811,
        "Cod_Agrup": "1501",
        "DIRECCION": "URBANIZACIÓN COTOPERIZ DERECHA CALLE LAS AMERICAS. FRENTE CALLE PRINCIPAL AL LADO DEL CENTRO DE EDUCACION INICIAL MARIA GUEVARA EDIFICIO",
        "ELECTORES": 1065,
        "Estado_ID": "15",
        "MUNICIPIO": "MP. DIAZ",
        "PARROQUIA": "CM. SAN JUAN BAUTISTA",
        "COD_CENTRO": "150201021",
        "Municipio_": "02",
        "Prrquia_ID": "01",
        "id": "votacion_40"
      }
    },
    {
      "type": "Feature",
      "geometry": {
        "type": "Point",
        "crs": {
          "type": "name",
          "properties": {
            "name": "EPSG:4326"
          }
        },
        "coordinates": [
          -63.9373,
          11.01115
        ]
      },
      "properties": {
        "Zona": "01",
        "MESAS": 2,
        "CENTRO": "UNIDAD EDUCATIVA LICEO BOLIVARIANO GASPAR MARCANO",
        "ESTADO": "EDO. NVA. ESPARTA",
        "ALTITUD": 103.8,
        "LATITUD": 11.01115,
        "LONGITUD": -63.9373,
        "Cod_Agrup": "1501",
        "DIRECCION": "SECTOR: CAICARA. FRENTE CALLE BOLIVAR. REFERENCIA A 100 METROS DE LA PLAZA PUNTA CUJI",
        "ELECTORES": 1177,
        "Estado_ID": "15",
        "MUNICIPIO": "MP. DIAZ",
        "PARROQUIA": "CM. SAN JUAN BAUTISTA",
        "COD_CENTRO": "150201002",
        "Municipio_": "02",
        "Prrquia_ID": "01",
        "id": "votacion_41"
      }
    },
    {
      "type": "Feature",
      "geometry": {
        "type": "Point",
        "crs": {
          "type": "name",
          "properties": {
            "name": "EPSG:4326"
          }
        },
        "coordinates": [
          -63.95159,
          11.03225
        ]
      },
      "properties": {
        "Zona": "01",
        "MESAS": 1,
        "CENTRO": "CENTRO DE EDUCACIÓN INICIAL PRESBITERO MONSEÑOR JOSÉ ANTONIO CÓNSTENLA GARRIDO",
        "ESTADO": "EDO. NVA. ESPARTA",
        "ALTITUD": 93,
        "LATITUD": 11.03225,
        "LONGITUD": -63.95159,
        "Cod_Agrup": "1501",
        "DIRECCION": "URBANIZACIÓN: COLINAS DE BOQUERON. FRENTE CALLE ANTONIO DIAZ. IZQUIERDA CALLE JUAN DE CASTELLANO. DERECHA CALLE SANTIAGO MARINO. REFERENCIA AL LADO DEL CENTRO ASISTENCIAL",
        "ELECTORES": 471,
        "Estado_ID": "15",
        "MUNICIPIO": "MP. DIAZ",
        "PARROQUIA": "CM. SAN JUAN BAUTISTA",
        "COD_CENTRO": "150201016",
        "Municipio_": "02",
        "Prrquia_ID": "01",
        "id": "votacion_42"
      }
    },
    {
      "type": "Feature",
      "geometry": {
        "type": "Point",
        "crs": {
          "type": "name",
          "properties": {
            "name": "EPSG:4326"
          }
        },
        "coordinates": [
          -64.02089,
          10.9875
        ]
      },
      "properties": {
        "Zona": "01",
        "MESAS": 2,
        "CENTRO": "MODULO DE BARRIO ADENTRO BARRIO UNION",
        "ESTADO": "EDO. NVA. ESPARTA",
        "ALTITUD": 11.8,
        "LATITUD": 10.9875,
        "LONGITUD": -64.02089,
        "Cod_Agrup": "1501",
        "DIRECCION": "SECTOR BARRIO UNION FRENTE CALLE ARISMENDI AL LADO DE LA BODEGA MERCAL EDIFICIO",
        "ELECTORES": 989,
        "Estado_ID": "15",
        "MUNICIPIO": "MP. DIAZ",
        "PARROQUIA": "PQ. ZABALA",
        "COD_CENTRO": "150202006",
        "Municipio_": "02",
        "Prrquia_ID": "02",
        "id": "votacion_43"
      }
    },
    {
      "type": "Feature",
      "geometry": {
        "type": "Point",
        "crs": {
          "type": "name",
          "properties": {
            "name": "EPSG:4326"
          }
        },
        "coordinates": [
          -63.923120000000004,
          11.06801
        ]
      },
      "properties": {
        "Zona": "01",
        "MESAS": 2,
        "CENTRO": "BIBLIOTECA PUBLICA JUSTA MATA GAMBOA",
        "ESTADO": "EDO. NVA. ESPARTA",
        "ALTITUD": 32.1,
        "LATITUD": 11.06801,
        "LONGITUD": -63.92312,
        "Cod_Agrup": "1501",
        "DIRECCION": "SECTOR: LA PLAZA DE SANTA ANA. FRENTE CALLE CARABOBO. REFERENCIA DETRAS DEL CLUB DE LEONES",
        "ELECTORES": 858,
        "Estado_ID": "15",
        "MUNICIPIO": "MP. GOMEZ",
        "PARROQUIA": "CM. SANTA ANA",
        "COD_CENTRO": "150301006",
        "Municipio_": "03",
        "Prrquia_ID": "01",
        "id": "votacion_44"
      }
    },
    {
      "type": "Feature",
      "geometry": {
        "type": "Point",
        "crs": {
          "type": "name",
          "properties": {
            "name": "EPSG:4326"
          }
        },
        "coordinates": [
          -63.91269,
          11.13616
        ]
      },
      "properties": {
        "Zona": "01",
        "MESAS": 1,
        "CENTRO": "UNIDAD EDUCATIVA CONCENTRADA NUMERO 24",
        "ESTADO": "EDO. NVA. ESPARTA",
        "ALTITUD": 37.6,
        "LATITUD": 11.13616,
        "LONGITUD": -63.91269,
        "Cod_Agrup": "1501",
        "DIRECCION": "SECTOR: GUAYACAN. FRENTE CALLE LA MARINA. REFERENCIA FRENTE A LA PLAYA",
        "ELECTORES": 386,
        "Estado_ID": "15",
        "MUNICIPIO": "MP. GOMEZ",
        "PARROQUIA": "PQ. MATASIETE",
        "COD_CENTRO": "150303002",
        "Municipio_": "03",
        "Prrquia_ID": "03",
        "id": "votacion_45"
      }
    },
    {
      "type": "Feature",
      "geometry": {
        "type": "Point",
        "crs": {
          "type": "name",
          "properties": {
            "name": "EPSG:4326"
          }
        },
        "coordinates": [
          -63.79376,
          11.00404
        ]
      },
      "properties": {
        "Zona": "02",
        "MESAS": 7,
        "CENTRO": "UNIDAD EDUCATIVA ESTADAL LUISA ROSAS DE VELASQUEZ",
        "ESTADO": "EDO. NVA. ESPARTA",
        "ALTITUD": 54.9,
        "LATITUD": 11.00404,
        "LONGITUD": -63.79376,
        "Cod_Agrup": "1502",
        "DIRECCION": "SECTOR: CAMPEARE. FRENTE CALLE EL LICEO. REFERENCIA DIAGONAL A LA UNIDAD EDUCATIVA ANGEL NORIEGA PEREZ",
        "ELECTORES": 3646,
        "Estado_ID": "15",
        "MUNICIPIO": "MP. MANEIRO",
        "PARROQUIA": "CM. PAMPATAR",
        "COD_CENTRO": "150401002",
        "Municipio_": "04",
        "Prrquia_ID": "01",
        "id": "votacion_46"
      }
    },
    {
      "type": "Feature",
      "geometry": {
        "type": "Point",
        "crs": {
          "type": "name",
          "properties": {
            "name": "EPSG:4326"
          }
        },
        "coordinates": [
          -63.94164,
          11.09952
        ]
      },
      "properties": {
        "Zona": "01",
        "MESAS": 2,
        "CENTRO": "CENTRO DE EDUCACION INICIAL SOL Y ARENA",
        "ESTADO": "EDO. NVA. ESPARTA",
        "ALTITUD": 41.2,
        "LATITUD": 11.09952,
        "LONGITUD": -63.94164,
        "Cod_Agrup": "1501",
        "DIRECCION": "SECTOR PUEBLO NUEVO FRENTE CALLE PUEBLO NUEVO A 50 METROS DE LA URBANIZACION BAHIA DE PLATA",
        "ELECTORES": 746,
        "Estado_ID": "15",
        "MUNICIPIO": "MP. GOMEZ",
        "PARROQUIA": "PQ. SUCRE",
        "COD_CENTRO": "150305005",
        "Municipio_": "03",
        "Prrquia_ID": "05",
        "id": "votacion_47"
      }
    },
    {
      "type": "Feature",
      "geometry": {
        "type": "Point",
        "crs": {
          "type": "name",
          "properties": {
            "name": "EPSG:4326"
          }
        },
        "coordinates": [
          -63.97709,
          11.07506
        ]
      },
      "properties": {
        "Zona": "01",
        "MESAS": 3,
        "CENTRO": "UNIDAD EDUCATIVA FRANCISCO SALAZAR SABINO",
        "ESTADO": "EDO. NVA. ESPARTA",
        "ALTITUD": 18.6,
        "LATITUD": 11.07506,
        "LONGITUD": -63.97709,
        "Cod_Agrup": "1501",
        "DIRECCION": "SECTOR: LAS PIEDRAS. FRENTE CALLE CEDENO. REFERENCIA AL LADO DE LA CASA DE LA CULTURA",
        "ELECTORES": 1530,
        "Estado_ID": "15",
        "MUNICIPIO": "MP. MARCANO",
        "PARROQUIA": "CM. JUAN GRIEGO",
        "COD_CENTRO": "150501005",
        "Municipio_": "05",
        "Prrquia_ID": "01",
        "id": "votacion_48"
      }
    },
    {
      "type": "Feature",
      "geometry": {
        "type": "Point",
        "crs": {
          "type": "name",
          "properties": {
            "name": "EPSG:4326"
          }
        },
        "coordinates": [
          -63.95815,
          11.07276
        ]
      },
      "properties": {
        "Zona": "01",
        "MESAS": 1,
        "CENTRO": "UNIDAD EDUCATIVA LICEO BOLIVARIANO JUAN DE CASTELLANOS",
        "ESTADO": "EDO. NVA. ESPARTA",
        "ALTITUD": 29.3,
        "LATITUD": 11.07276,
        "LONGITUD": -63.95815,
        "Cod_Agrup": "1501",
        "DIRECCION": "SECTOR: LAGUNA HONDA. FRENTE AVENIDA JUAN DE CASTELLANOS. DERECHA CALLE EL SOL. REFERENCIA DETRAS DEL GERIATRICO",
        "ELECTORES": 474,
        "Estado_ID": "15",
        "MUNICIPIO": "MP. MARCANO",
        "PARROQUIA": "CM. JUAN GRIEGO",
        "COD_CENTRO": "150501009",
        "Municipio_": "05",
        "Prrquia_ID": "01",
        "id": "votacion_49"
      }
    },
    {
      "type": "Feature",
      "geometry": {
        "type": "Point",
        "crs": {
          "type": "name",
          "properties": {
            "name": "EPSG:4326"
          }
        },
        "coordinates": [
          -63.96824,
          11.059540000000002
        ]
      },
      "properties": {
        "Zona": "01",
        "MESAS": 1,
        "CENTRO": "SEDE DE LA CASA COMUNAL DE CHORO CHORO",
        "ESTADO": "EDO. NVA. ESPARTA",
        "ALTITUD": 31.5,
        "LATITUD": 11.05954,
        "LONGITUD": -63.96824,
        "Cod_Agrup": "1501",
        "DIRECCION": "SECTOR CHORO CHORO FRENTE CALLE PRINCIPAL CERCA DE LA FERRETERIA CHORO CHORO",
        "ELECTORES": 600,
        "Estado_ID": "15",
        "MUNICIPIO": "MP. MARCANO",
        "PARROQUIA": "PQ. ADRIAN",
        "COD_CENTRO": "150502008",
        "Municipio_": "05",
        "Prrquia_ID": "02",
        "id": "votacion_50"
      }
    },
    {
      "type": "Feature",
      "geometry": {
        "type": "Point",
        "crs": {
          "type": "name",
          "properties": {
            "name": "EPSG:4326"
          }
        },
        "coordinates": [
          -63.83616000000001,
          10.97045
        ]
      },
      "properties": {
        "Zona": "02",
        "MESAS": 4,
        "CENTRO": "UNIDAD EDUCATIVA DOCTOR ARTURO USLAR PIETRI",
        "ESTADO": "EDO. NVA. ESPARTA",
        "ALTITUD": 69.3,
        "LATITUD": 10.97045,
        "LONGITUD": -63.83616,
        "Cod_Agrup": "1502",
        "DIRECCION": "URBANIZACIÓN: SABANAMAR. FRENTE AVENIDA ROMULO BETANCUR. DERECHA CALLE JESUS MARIA SUAREZ. REFERENCIA FRENTE A LA PANADERIA SABANAMAR",
        "ELECTORES": 1839,
        "Estado_ID": "15",
        "MUNICIPIO": "MP. MARIÑO",
        "PARROQUIA": "CM. PORLAMAR",
        "COD_CENTRO": "150601017",
        "Municipio_": "06",
        "Prrquia_ID": "01",
        "id": "votacion_51"
      }
    },
    {
      "type": "Feature",
      "geometry": {
        "type": "Point",
        "crs": {
          "type": "name",
          "properties": {
            "name": "EPSG:4326"
          }
        },
        "coordinates": [
          -63.8566,
          10.96385
        ]
      },
      "properties": {
        "Zona": "02",
        "MESAS": 6,
        "CENTRO": "UNIDAD EDUCATIVA NACIONAL BOLIVARIANA CACIQUE CHARAIMA",
        "ESTADO": "EDO. NVA. ESPARTA",
        "ALTITUD": 43.4,
        "LATITUD": 10.96385,
        "LONGITUD": -63.8566,
        "Cod_Agrup": "1502",
        "DIRECCION": "SECTOR EL POBLADO DERECHA CALLEJÓN EL OLIVO. FRENTE BULEVAR FRANCISCO FAJARDO CERCA DE LA ESTACION DE SERVICIO FAJARDO EDIFICIO",
        "ELECTORES": 3103,
        "Estado_ID": "15",
        "MUNICIPIO": "MP. MARIÑO",
        "PARROQUIA": "CM. PORLAMAR",
        "COD_CENTRO": "150601021",
        "Municipio_": "06",
        "Prrquia_ID": "01",
        "id": "votacion_52"
      }
    },
    {
      "type": "Feature",
      "geometry": {
        "type": "Point",
        "crs": {
          "type": "name",
          "properties": {
            "name": "EPSG:4326"
          }
        },
        "coordinates": [
          -63.95935999999999,
          11.00255
        ]
      },
      "properties": {
        "Zona": "01",
        "MESAS": 4,
        "CENTRO": "ESCUELA BASICA BOLIVARIANA FRANCISCO BOADAS DIAZ",
        "ESTADO": "EDO. NVA. ESPARTA",
        "ALTITUD": 74.1,
        "LATITUD": 11.00255,
        "LONGITUD": -63.95936,
        "Cod_Agrup": "1501",
        "DIRECCION": "URBANIZACIÓN: CARAPACHO. FRENTE CALLE MARCANO. REFERENCIA AL FRENTE DE LA CAPILLA SANTA TERESITA",
        "ELECTORES": 1902,
        "Estado_ID": "15",
        "MUNICIPIO": "MP. DIAZ",
        "PARROQUIA": "CM. SAN JUAN BAUTISTA",
        "COD_CENTRO": "150201004",
        "Municipio_": "02",
        "Prrquia_ID": "01",
        "id": "votacion_53"
      }
    },
    {
      "type": "Feature",
      "geometry": {
        "type": "Point",
        "crs": {
          "type": "name",
          "properties": {
            "name": "EPSG:4326"
          }
        },
        "coordinates": [
          -63.980470000000004,
          10.94584
        ]
      },
      "properties": {
        "Zona": "01",
        "MESAS": 4,
        "CENTRO": "UNIDAD EDUCATIVA ESCOLAR FELICIANO HERNANDEZ",
        "ESTADO": "EDO. NVA. ESPARTA",
        "ALTITUD": 35.7,
        "LATITUD": 10.94584,
        "LONGITUD": -63.98047,
        "Cod_Agrup": "1501",
        "DIRECCION": "SECTOR LOS BAGRES FRENTE CALLE PRINCIPAL FRENTE A INVERSIONES EL TAPARO EDIFICIO",
        "ELECTORES": 2232,
        "Estado_ID": "15",
        "MUNICIPIO": "MP. DIAZ",
        "PARROQUIA": "CM. SAN JUAN BAUTISTA",
        "COD_CENTRO": "150201011",
        "Municipio_": "02",
        "Prrquia_ID": "01",
        "id": "votacion_54"
      }
    },
    {
      "type": "Feature",
      "geometry": {
        "type": "Point",
        "crs": {
          "type": "name",
          "properties": {
            "name": "EPSG:4326"
          }
        },
        "coordinates": [
          -63.99457,
          10.95707
        ]
      },
      "properties": {
        "Zona": "01",
        "MESAS": 5,
        "CENTRO": "UNIDAD EDUCATIVA PROFESOR  ASCANIO J. VELASQUEZ",
        "ESTADO": "EDO. NVA. ESPARTA",
        "ALTITUD": 44.8,
        "LATITUD": 10.95707,
        "LONGITUD": -63.99457,
        "Cod_Agrup": "1501",
        "DIRECCION": "SECTOR LAS GUEVARAS NORTE DERECHA CALLE EL MOLINO. FRENTE CALLE LA AVENIDA AL LADO DE LA FARMACIA LAS GUEVARAS EDIFICIO",
        "ELECTORES": 2450,
        "Estado_ID": "15",
        "MUNICIPIO": "MP. DIAZ",
        "PARROQUIA": "PQ. ZABALA",
        "COD_CENTRO": "150202003",
        "Municipio_": "02",
        "Prrquia_ID": "02",
        "id": "votacion_55"
      }
    },
    {
      "type": "Feature",
      "geometry": {
        "type": "Point",
        "crs": {
          "type": "name",
          "properties": {
            "name": "EPSG:4326"
          }
        },
        "coordinates": [
          -63.92573,
          11.06771
        ]
      },
      "properties": {
        "Zona": "01",
        "MESAS": 1,
        "CENTRO": "UNIDAD EDUCATIVA LICEO BOLIVARIANO RICARDO MARQUEZ MORENO",
        "ESTADO": "EDO. NVA. ESPARTA",
        "ALTITUD": 56.5,
        "LATITUD": 11.06771,
        "LONGITUD": -63.92573,
        "Cod_Agrup": "1501",
        "DIRECCION": "SECTOR SANTA ANA DEL NORTE IZQUIERDA CALLE CARABOBO. FRENTE CALLE NUEVO MUNDO DETRAS DE LA UNIDAD EDUCATIVA MATASIETE EDIFICIO",
        "ELECTORES": 537,
        "Estado_ID": "15",
        "MUNICIPIO": "MP. GOMEZ",
        "PARROQUIA": "CM. SANTA ANA",
        "COD_CENTRO": "150301004",
        "Municipio_": "03",
        "Prrquia_ID": "01",
        "id": "votacion_56"
      }
    },
    {
      "type": "Feature",
      "geometry": {
        "type": "Point",
        "crs": {
          "type": "name",
          "properties": {
            "name": "EPSG:4326"
          }
        },
        "coordinates": [
          -63.91974,
          11.114670000000002
        ]
      },
      "properties": {
        "Zona": "01",
        "MESAS": 5,
        "CENTRO": "UNIDAD EDUCATIVA NACIONAL BOLIVARIANA JUAN BAUTISTA ARISMENDI",
        "ESTADO": "EDO. NVA. ESPARTA",
        "ALTITUD": 35.4,
        "LATITUD": 11.11467,
        "LONGITUD": -63.91974,
        "Cod_Agrup": "1501",
        "DIRECCION": "SECTOR EL VALLE DE PEDRO GONZALEZ FRENTE CALLE SAN MIGUEL DIAGONAL A LA QUINCALLA VARIEDADES EDITA EDIFICIO",
        "ELECTORES": 2714,
        "Estado_ID": "15",
        "MUNICIPIO": "MP. GOMEZ",
        "PARROQUIA": "PQ. MATASIETE",
        "COD_CENTRO": "150303001",
        "Municipio_": "03",
        "Prrquia_ID": "03",
        "id": "votacion_57"
      }
    },
    {
      "type": "Feature",
      "geometry": {
        "type": "Point",
        "crs": {
          "type": "name",
          "properties": {
            "name": "EPSG:4326"
          }
        },
        "coordinates": [
          -63.81958999999999,
          11.02503
        ]
      },
      "properties": {
        "Zona": "02",
        "MESAS": 4,
        "CENTRO": "UNIDAD EDUCATIVA CASTA JOSEFINA SALAZAR DE LOPEZ",
        "ESTADO": "EDO. NVA. ESPARTA",
        "ALTITUD": 46.6,
        "LATITUD": 11.02503,
        "LONGITUD": -63.81959,
        "Cod_Agrup": "1502",
        "DIRECCION": "SECTOR: AGUA DE VACA. FRENTE CALLE LAREZ. DERECHA CALLE PRINCIPAL. REFERENCIA CERCA DE LA CRUZ",
        "ELECTORES": 1853,
        "Estado_ID": "15",
        "MUNICIPIO": "MP. MANEIRO",
        "PARROQUIA": "CM. PAMPATAR",
        "COD_CENTRO": "150401004",
        "Municipio_": "04",
        "Prrquia_ID": "01",
        "id": "votacion_58"
      }
    },
    {
      "type": "Feature",
      "geometry": {
        "type": "Point",
        "crs": {
          "type": "name",
          "properties": {
            "name": "EPSG:4326"
          }
        },
        "coordinates": [
          -63.81568000000001,
          10.98857
        ]
      },
      "properties": {
        "Zona": "02",
        "MESAS": 3,
        "CENTRO": "UNIDAD EDUCATIVA EL ANGEL",
        "ESTADO": "EDO. NVA. ESPARTA",
        "ALTITUD": 22.2,
        "LATITUD": 10.98857,
        "LONGITUD": -63.81568,
        "Cod_Agrup": "1502",
        "DIRECCION": "URBANIZACIÓN: PLAYA ANGEL. FRENTE AVENIDA BOLIVAR. REFERENCIA AL LADO DEL CENTRO COMERCIAL PROVEMED",
        "ELECTORES": 1505,
        "Estado_ID": "15",
        "MUNICIPIO": "MP. MANEIRO",
        "PARROQUIA": "PQ. AGUIRRE",
        "COD_CENTRO": "150402007",
        "Municipio_": "04",
        "Prrquia_ID": "02",
        "id": "votacion_59"
      }
    },
    {
      "type": "Feature",
      "geometry": {
        "type": "Point",
        "crs": {
          "type": "name",
          "properties": {
            "name": "EPSG:4326"
          }
        },
        "coordinates": [
          -63.95347000000001,
          11.05232
        ]
      },
      "properties": {
        "Zona": "01",
        "MESAS": 1,
        "CENTRO": "CENTRO DE EDUCACION INICIAL SIMONCITO VICUÑA",
        "ESTADO": "EDO. NVA. ESPARTA",
        "ALTITUD": 58.6,
        "LATITUD": 11.05232,
        "LONGITUD": -63.95347,
        "Cod_Agrup": "1501",
        "DIRECCION": "URBANIZACIÓN: VICUNA 1, LOS MILLANES. FRENTE VEREDA NUMERO 8. IZQUIERDA CALLE NUMERO 1. DERECHA CALLE BOLIVAR. REFERENCIA AL LADO DE LA CANCHA,",
        "ELECTORES": 335,
        "Estado_ID": "15",
        "MUNICIPIO": "MP. MARCANO",
        "PARROQUIA": "PQ. ADRIAN",
        "COD_CENTRO": "150502006",
        "Municipio_": "05",
        "Prrquia_ID": "02",
        "id": "votacion_60"
      }
    },
    {
      "type": "Feature",
      "geometry": {
        "type": "Point",
        "crs": {
          "type": "name",
          "properties": {
            "name": "EPSG:4326"
          }
        },
        "coordinates": [
          -63.964710000000004,
          11.0677
        ]
      },
      "properties": {
        "Zona": "01",
        "MESAS": 2,
        "CENTRO": "CENTRO DE EDUCACION INICIAL LA SABANETA",
        "ESTADO": "EDO. NVA. ESPARTA",
        "ALTITUD": 25.8,
        "LATITUD": 11.0677,
        "LONGITUD": -63.96471,
        "Cod_Agrup": "1501",
        "DIRECCION": "SECTOR LA SABANETA FRENTE CALLE FIGUEROA CERCA DE LA CANCHA DEPORTIVA EDIFICIO",
        "ELECTORES": 611,
        "Estado_ID": "15",
        "MUNICIPIO": "MP. MARCANO",
        "PARROQUIA": "CM. JUAN GRIEGO",
        "COD_CENTRO": "150501008",
        "Municipio_": "05",
        "Prrquia_ID": "01",
        "id": "votacion_61"
      }
    },
    {
      "type": "Feature",
      "geometry": {
        "type": "Point",
        "crs": {
          "type": "name",
          "properties": {
            "name": "EPSG:4326"
          }
        },
        "coordinates": [
          -63.84534000000001,
          10.95928
        ]
      },
      "properties": {
        "Zona": "02",
        "MESAS": 4,
        "CENTRO": "UNIDAD EDUCATIVA INDEPENDENCIA",
        "ESTADO": "EDO. NVA. ESPARTA",
        "ALTITUD": 18.8,
        "LATITUD": 10.95928,
        "LONGITUD": -63.84534,
        "Cod_Agrup": "1502",
        "DIRECCION": "SECTOR: TACHIRA. FRENTE CALLE CEDENO. IZQUIERDA CALLE AMADOR HERNANDEZ. DERECHA CALLE SAN RAFAEL. REFERENCIA AL LADO DEL ABASTO ESQUINA FRESCA",
        "ELECTORES": 1996,
        "Estado_ID": "15",
        "MUNICIPIO": "MP. MARIÑO",
        "PARROQUIA": "CM. PORLAMAR",
        "COD_CENTRO": "150601005",
        "Municipio_": "06",
        "Prrquia_ID": "01",
        "id": "votacion_62"
      }
    },
    {
      "type": "Feature",
      "geometry": {
        "type": "Point",
        "crs": {
          "type": "name",
          "properties": {
            "name": "EPSG:4326"
          }
        },
        "coordinates": [
          -63.85472,
          10.97964
        ]
      },
      "properties": {
        "Zona": "02",
        "MESAS": 6,
        "CENTRO": "UNIDAD EDUCATIVA JOSÉ JESÚS GARCÍA RODRÍGUEZ",
        "ESTADO": "EDO. NVA. ESPARTA",
        "ALTITUD": 61.3,
        "LATITUD": 10.97964,
        "LONGITUD": -63.85472,
        "Cod_Agrup": "1502",
        "DIRECCION": "SECTOR: ACHIPANO II. FRENTE CALLE LA ESPERANZA. DERECHA CALLE CAPITAN ALFONZO. REFERENCIA UNA CUADRA ANTES DEL POLIGONO",
        "ELECTORES": 3442,
        "Estado_ID": "15",
        "MUNICIPIO": "MP. MARIÑO",
        "PARROQUIA": "CM. PORLAMAR",
        "COD_CENTRO": "150601013",
        "Municipio_": "06",
        "Prrquia_ID": "01",
        "id": "votacion_63"
      }
    },
    {
      "type": "Feature",
      "geometry": {
        "type": "Point",
        "crs": {
          "type": "name",
          "properties": {
            "name": "EPSG:4326"
          }
        },
        "coordinates": [
          -63.86441000000001,
          10.94791
        ]
      },
      "properties": {
        "Zona": "02",
        "MESAS": 6,
        "CENTRO": "UNIDAD EDUCATIVA LICEO BOLIVARIANO LUISA CÁCERES DE ARISMENDI",
        "ESTADO": "EDO. NVA. ESPARTA",
        "ALTITUD": 29.9,
        "LATITUD": 10.94791,
        "LONGITUD": -63.86441,
        "Cod_Agrup": "1502",
        "DIRECCION": "SECTOR LOS COCOS DERECHA CALLE RAUL LEONI. IZQUIERDA CALLE LUISA CACERES DE ARISMENDI. FRENTE CALLE GREGORIO ROMERO DETRAS DE LA CANCHA DE USOS MULTIPLES EDIFICIO",
        "ELECTORES": 3157,
        "Estado_ID": "15",
        "MUNICIPIO": "MP. MARIÑO",
        "PARROQUIA": "CM. PORLAMAR",
        "COD_CENTRO": "150601027",
        "Municipio_": "06",
        "Prrquia_ID": "01",
        "id": "votacion_64"
      }
    },
    {
      "type": "Feature",
      "geometry": {
        "type": "Point",
        "crs": {
          "type": "name",
          "properties": {
            "name": "EPSG:4326"
          }
        },
        "coordinates": [
          -63.86456,
          11.02654
        ]
      },
      "properties": {
        "Zona": "02",
        "MESAS": 1,
        "CENTRO": "INSTITUTO DE EDUCACION ESPECIAL BOLIVARIANO NUEVA ESPARTA",
        "ESTADO": "EDO. NVA. ESPARTA",
        "ALTITUD": 76.3,
        "LATITUD": 11.02654,
        "LONGITUD": -63.86456,
        "Cod_Agrup": "1502",
        "DIRECCION": "SECTOR: SANTA LUCIA. FRENTE CALLEJÓN MARIA ACOSTA. IZQUIERDA CALLE GONZALEZ. REFERENCIA FRENTE AL KIOSCO MERCAL",
        "ELECTORES": 339,
        "Estado_ID": "15",
        "MUNICIPIO": "CE. ARISMENDI",
        "PARROQUIA": "CM. LA ASUNCION",
        "COD_CENTRO": "150101014",
        "Municipio_": "01",
        "Prrquia_ID": "01",
        "id": "votacion_65"
      }
    },
    {
      "type": "Feature",
      "geometry": {
        "type": "Point",
        "crs": {
          "type": "name",
          "properties": {
            "name": "EPSG:4326"
          }
        },
        "coordinates": [
          -63.98521999999999,
          10.97496
        ]
      },
      "properties": {
        "Zona": "01",
        "MESAS": 4,
        "CENTRO": "CENTRO DE EDUCACION INICIAL LA LAGUNITA",
        "ESTADO": "EDO. NVA. ESPARTA",
        "ALTITUD": 50.8,
        "LATITUD": 10.97496,
        "LONGITUD": -63.98522,
        "Cod_Agrup": "1501",
        "DIRECCION": "URBANIZACIÓN LA LAGUNITA DERECHA CALLE BICENTENARIO. FRENTE CALLE MANEIRO AL LADO DEL BARRIO ADENTRO EDIFICIO",
        "ELECTORES": 1983,
        "Estado_ID": "15",
        "MUNICIPIO": "MP. DIAZ",
        "PARROQUIA": "CM. SAN JUAN BAUTISTA",
        "COD_CENTRO": "150201008",
        "Municipio_": "02",
        "Prrquia_ID": "01",
        "id": "votacion_66"
      }
    },
    {
      "type": "Feature",
      "geometry": {
        "type": "Point",
        "crs": {
          "type": "name",
          "properties": {
            "name": "EPSG:4326"
          }
        },
        "coordinates": [
          -64.00571,
          10.95375
        ]
      },
      "properties": {
        "Zona": "01",
        "MESAS": 2,
        "CENTRO": "CENTRO DE EDUCACION INICIAL BRISAS DEL VALLE",
        "ESTADO": "EDO. NVA. ESPARTA",
        "ALTITUD": 28.7,
        "LATITUD": 10.95375,
        "LONGITUD": -64.00571,
        "Cod_Agrup": "1501",
        "DIRECCION": "SECTOR BRISAS DEL VALLE DERECHA CALLE SECTOR 4. IZQUIERDA CALLE MARINO. FRENTE CALLE ANZOATEGUI CERCA DEL FESTEJO BRISAS DEL VALLE EDIFICIO",
        "ELECTORES": 954,
        "Estado_ID": "15",
        "MUNICIPIO": "MP. DIAZ",
        "PARROQUIA": "PQ. ZABALA",
        "COD_CENTRO": "150202008",
        "Municipio_": "02",
        "Prrquia_ID": "02",
        "id": "votacion_67"
      }
    },
    {
      "type": "Feature",
      "geometry": {
        "type": "Point",
        "crs": {
          "type": "name",
          "properties": {
            "name": "EPSG:4326"
          }
        },
        "coordinates": [
          -63.95035,
          11.09213
        ]
      },
      "properties": {
        "Zona": "01",
        "MESAS": 2,
        "CENTRO": "CENTRO DE EDUCACION INICIAL SIMONCITO MAESTRA MARIA GERTRUDIS GONZALEZ",
        "ESTADO": "EDO. NVA. ESPARTA",
        "ALTITUD": 5.3,
        "LATITUD": 11.09213,
        "LONGITUD": -63.95035,
        "Cod_Agrup": "1501",
        "DIRECCION": "SECTOR: ALTAGRACIA. FRENTE CALLE GONZALEZ. IZQUIERDA CALLE JOSE CORTES DE MADARIAGA. DERECHA CALLE PRINCIPAL . REFERENCIA DIAGONAL A LA ESTACION DE SERVICIO BP",
        "ELECTORES": 824,
        "Estado_ID": "15",
        "MUNICIPIO": "MP. GOMEZ",
        "PARROQUIA": "PQ. SUCRE",
        "COD_CENTRO": "150305003",
        "Municipio_": "03",
        "Prrquia_ID": "05",
        "id": "votacion_68"
      }
    },
    {
      "type": "Feature",
      "geometry": {
        "type": "Point",
        "crs": {
          "type": "name",
          "properties": {
            "name": "EPSG:4326"
          }
        },
        "coordinates": [
          -63.925810000000006,
          11.06848
        ]
      },
      "properties": {
        "Zona": "01",
        "MESAS": 6,
        "CENTRO": "UNIDAD EDUCATIVA BOLIVARIANA MATASIETE",
        "ESTADO": "EDO. NVA. ESPARTA",
        "ALTITUD": 53,
        "LATITUD": 11.06848,
        "LONGITUD": -63.92581,
        "Cod_Agrup": "1501",
        "DIRECCION": "SECTOR: SANTA ANA DEL NORTE. FRENTE CALLE CARABOBO. DERECHA CALLE TRANSVERSAL NUEVO MUNDO. REFERENCIA DIAGONAL AL AMBULATORIO",
        "ELECTORES": 3091,
        "Estado_ID": "15",
        "MUNICIPIO": "MP. GOMEZ",
        "PARROQUIA": "CM. SANTA ANA",
        "COD_CENTRO": "150301001",
        "Municipio_": "03",
        "Prrquia_ID": "01",
        "id": "votacion_69"
      }
    },
    {
      "type": "Feature",
      "geometry": {
        "type": "Point",
        "crs": {
          "type": "name",
          "properties": {
            "name": "EPSG:4326"
          }
        },
        "coordinates": [
          -63.822900000000004,
          11.00234
        ]
      },
      "properties": {
        "Zona": "02",
        "MESAS": 3,
        "CENTRO": "UNIDAD EDUCATIVA INSTITUTO MARIA AUXILIADORA II",
        "ESTADO": "EDO. NVA. ESPARTA",
        "ALTITUD": 43,
        "LATITUD": 11.00234,
        "LONGITUD": -63.8229,
        "Cod_Agrup": "1502",
        "DIRECCION": "URBANIZACIÓN: JORGE COLL. FRENTE AVENIDA DAMASO VILLALBA. REFERENCIA AL LADO DEL ISLA",
        "ELECTORES": 1196,
        "Estado_ID": "15",
        "MUNICIPIO": "MP. MANEIRO",
        "PARROQUIA": "PQ. AGUIRRE",
        "COD_CENTRO": "150402009",
        "Municipio_": "04",
        "Prrquia_ID": "02",
        "id": "votacion_70"
      }
    },
    {
      "type": "Feature",
      "geometry": {
        "type": "Point",
        "crs": {
          "type": "name",
          "properties": {
            "name": "EPSG:4326"
          }
        },
        "coordinates": [
          -63.81123,
          10.98331
        ]
      },
      "properties": {
        "Zona": "02",
        "MESAS": 3,
        "CENTRO": "UNIDAD EDUCATIVA ESTADAL PROFESOR  JESUS MANUEL SUBERO",
        "ESTADO": "EDO. NVA. ESPARTA",
        "ALTITUD": 23.8,
        "LATITUD": 10.98331,
        "LONGITUD": -63.81123,
        "Cod_Agrup": "1502",
        "DIRECCION": "SECTOR PUERTO MORENO DERECHA AVENIDA ALDONZA MANRIQUE. FRENTE CALLE MONTERO AL LADO DEL AMBULATORIO PUERTO MORENO EDIFICIO",
        "ELECTORES": 1746,
        "Estado_ID": "15",
        "MUNICIPIO": "MP. MANEIRO",
        "PARROQUIA": "PQ. AGUIRRE",
        "COD_CENTRO": "150402006",
        "Municipio_": "04",
        "Prrquia_ID": "02",
        "id": "votacion_71"
      }
    },
    {
      "type": "Feature",
      "geometry": {
        "type": "Point",
        "crs": {
          "type": "name",
          "properties": {
            "name": "EPSG:4326"
          }
        },
        "coordinates": [
          -63.96441,
          11.07003
        ]
      },
      "properties": {
        "Zona": "01",
        "MESAS": 1,
        "CENTRO": "SIMONCITO COMUNITARIO LOS TUCANES",
        "ESTADO": "EDO. NVA. ESPARTA",
        "ALTITUD": 34.5,
        "LATITUD": 11.07003,
        "LONGITUD": -63.96441,
        "Cod_Agrup": "1501",
        "DIRECCION": "SECTOR LA SABANETA DERECHA CALLE EL POBLADO. FRENTE CALLE ALI PRIMERA AL LADO DE LA BODEGA MERCAL",
        "ELECTORES": 332,
        "Estado_ID": "15",
        "MUNICIPIO": "MP. MARCANO",
        "PARROQUIA": "CM. JUAN GRIEGO",
        "COD_CENTRO": "150501012",
        "Municipio_": "05",
        "Prrquia_ID": "01",
        "id": "votacion_72"
      }
    },
    {
      "type": "Feature",
      "geometry": {
        "type": "Point",
        "crs": {
          "type": "name",
          "properties": {
            "name": "EPSG:4326"
          }
        },
        "coordinates": [
          -63.97310000000001,
          11.06646
        ]
      },
      "properties": {
        "Zona": "01",
        "MESAS": 4,
        "CENTRO": "UNIDAD EDUCATIVA NACIONAL BOLIVARIANA RAFAEL VALERY MAZA",
        "ESTADO": "EDO. NVA. ESPARTA",
        "ALTITUD": 14.6,
        "LATITUD": 11.06646,
        "LONGITUD": -63.9731,
        "Cod_Agrup": "1501",
        "DIRECCION": "SECTOR PEDREGALES IZQUIERDA CALLE MAMA CHALIA. FRENTE CALLE SANTA CRUZ. DERECHA CALLEJÓN NUMERO 2 AL LADO DEL AMBULATORIO MAMA CHALIA EDIFICIO",
        "ELECTORES": 2328,
        "Estado_ID": "15",
        "MUNICIPIO": "MP. MARCANO",
        "PARROQUIA": "PQ. ADRIAN",
        "COD_CENTRO": "150502002",
        "Municipio_": "05",
        "Prrquia_ID": "02",
        "id": "votacion_73"
      }
    },
    {
      "type": "Feature",
      "geometry": {
        "type": "Point",
        "crs": {
          "type": "name",
          "properties": {
            "name": "EPSG:4326"
          }
        },
        "coordinates": [
          -63.84378000000001,
          10.9585
        ]
      },
      "properties": {
        "Zona": "02",
        "MESAS": 6,
        "CENTRO": "UNIDAD EDUCATIVA BACHILLER SANTIAGO SALAZAR FERMIN",
        "ESTADO": "EDO. NVA. ESPARTA",
        "ALTITUD": 30.9,
        "LATITUD": 10.9585,
        "LONGITUD": -63.84378,
        "Cod_Agrup": "1502",
        "DIRECCION": "SECTOR: TACHIRA. FRENTE CALLE NARVAEZ. IZQUIERDA CALLE MARCANO. DERECHA CALLE CEDENO. REFERENCIA A UNA CUADRA DE LA IGLESIA EPIFANIA",
        "ELECTORES": 2924,
        "Estado_ID": "15",
        "MUNICIPIO": "MP. MARIÑO",
        "PARROQUIA": "CM. PORLAMAR",
        "COD_CENTRO": "150601018",
        "Municipio_": "06",
        "Prrquia_ID": "01",
        "id": "votacion_74"
      }
    },
    {
      "type": "Feature",
      "geometry": {
        "type": "Point",
        "crs": {
          "type": "name",
          "properties": {
            "name": "EPSG:4326"
          }
        },
        "coordinates": [
          -63.83511,
          10.976390000000002
        ]
      },
      "properties": {
        "Zona": "02",
        "MESAS": 4,
        "CENTRO": "UNIDAD EDUCATIVA MUNICIPAL MAESTRO GREGORIO ROMERO",
        "ESTADO": "EDO. NVA. ESPARTA",
        "ALTITUD": 42,
        "LATITUD": 10.97639,
        "LONGITUD": -63.83511,
        "Cod_Agrup": "1502",
        "DIRECCION": "URBANIZACIÓN: LA ARBOLEDA. FRENTE CALLE NUMERO 6. IZQUIERDA SENDERO TERRENO VALDIO. REFERENCIA CERCA DE LA CANCHA TECHADA DE LA ARBOLEDA",
        "ELECTORES": 2125,
        "Estado_ID": "15",
        "MUNICIPIO": "MP. MARIÑO",
        "PARROQUIA": "CM. PORLAMAR",
        "COD_CENTRO": "150601010",
        "Municipio_": "06",
        "Prrquia_ID": "01",
        "id": "votacion_75"
      }
    },
    {
      "type": "Feature",
      "geometry": {
        "type": "Point",
        "crs": {
          "type": "name",
          "properties": {
            "name": "EPSG:4326"
          }
        },
        "coordinates": [
          -63.83646000000001,
          10.96887
        ]
      },
      "properties": {
        "Zona": "02",
        "MESAS": 5,
        "CENTRO": "CASA DE LA CULTURA PUEBLO DE LA MAR RAMON VASQUEZ BRITO",
        "ESTADO": "EDO. NVA. ESPARTA",
        "ALTITUD": 36,
        "LATITUD": 10.96887,
        "LONGITUD": -63.83646,
        "Cod_Agrup": "1502",
        "DIRECCION": "SECTOR SABANAMAR DERECHA AVENIDA 4 DE MAYO. IZQUIERDA AVENIDA ROMULO BETANCOURT. FRENTE PASAJE RAMON VASQUEZ BRITO FRENTE AL CONCESIONARIO MITSUBISHI EDIFICIO",
        "ELECTORES": 2500,
        "Estado_ID": "15",
        "MUNICIPIO": "MP. MARIÑO",
        "PARROQUIA": "CM. PORLAMAR",
        "COD_CENTRO": "150601030",
        "Municipio_": "06",
        "Prrquia_ID": "01",
        "id": "votacion_76"
      }
    },
    {
      "type": "Feature",
      "geometry": {
        "type": "Point",
        "crs": {
          "type": "name",
          "properties": {
            "name": "EPSG:4326"
          }
        },
        "coordinates": [
          -63.96516,
          10.89844
        ]
      },
      "properties": {
        "Zona": "01",
        "MESAS": 1,
        "CENTRO": "UNIDAD EDUCATIVA CONCENTRADA NUMERO 69",
        "ESTADO": "EDO. NVA. ESPARTA",
        "ALTITUD": 14.3,
        "LATITUD": 10.89844,
        "LONGITUD": -63.96516,
        "Cod_Agrup": "1501",
        "DIRECCION": "SECTOR PLAYA EL YAQUE FRENTE CALLE PRINCIPAL AL LADO DEL AMBULATORIO RURAL EDIFICIO",
        "ELECTORES": 306,
        "Estado_ID": "15",
        "MUNICIPIO": "MP. DIAZ",
        "PARROQUIA": "CM. SAN JUAN BAUTISTA",
        "COD_CENTRO": "150201020",
        "Municipio_": "02",
        "Prrquia_ID": "01",
        "id": "votacion_77"
      }
    },
    {
      "type": "Feature",
      "geometry": {
        "type": "Point",
        "crs": {
          "type": "name",
          "properties": {
            "name": "EPSG:4326"
          }
        },
        "coordinates": [
          -63.9496,
          11.068
        ]
      },
      "properties": {
        "Zona": "01",
        "MESAS": 1,
        "CENTRO": "CENTRO CULTURAL EL MORO",
        "ESTADO": "EDO. NVA. ESPARTA",
        "ALTITUD": 48.4,
        "LATITUD": 11.068,
        "LONGITUD": -63.9496,
        "Cod_Agrup": "1501",
        "DIRECCION": "SECTOR LA VECINDAD FRENTE CALLE PRINCIPAL EL MORO AL LADO DE LA CANCHA EL MORO",
        "ELECTORES": 475,
        "Estado_ID": "15",
        "MUNICIPIO": "MP. GOMEZ",
        "PARROQUIA": "CM. SANTA ANA",
        "COD_CENTRO": "150301009",
        "Municipio_": "03",
        "Prrquia_ID": "01",
        "id": "votacion_78"
      }
    },
    {
      "type": "Feature",
      "geometry": {
        "type": "Point",
        "crs": {
          "type": "name",
          "properties": {
            "name": "EPSG:4326"
          }
        },
        "coordinates": [
          -63.90523,
          11.05243
        ]
      },
      "properties": {
        "Zona": "01",
        "MESAS": 4,
        "CENTRO": "UNIDAD EDUCATIVA BOLIVARIANA NAPOLEON NARVAEZ",
        "ESTADO": "EDO. NVA. ESPARTA",
        "ALTITUD": 51,
        "LATITUD": 11.05243,
        "LONGITUD": -63.90523,
        "Cod_Agrup": "1501",
        "DIRECCION": "SECTOR TACARIGUA FRENTE CALLE UNION A 200 METROS DE LA PREFECTURA EDIFICIO",
        "ELECTORES": 1928,
        "Estado_ID": "15",
        "MUNICIPIO": "MP. GOMEZ",
        "PARROQUIA": "PQ. GUEVARA",
        "COD_CENTRO": "150302001",
        "Municipio_": "03",
        "Prrquia_ID": "02",
        "id": "votacion_79"
      }
    },
    {
      "type": "Feature",
      "geometry": {
        "type": "Point",
        "crs": {
          "type": "name",
          "properties": {
            "name": "EPSG:4326"
          }
        },
        "coordinates": [
          -63.8135,
          11.001410000000002
        ]
      },
      "properties": {
        "Zona": "02",
        "MESAS": 2,
        "CENTRO": "UNIDAD EDUCATIVA BOLIVARIANA PETRA SUÁREZ DE PIÑERUA",
        "ESTADO": "EDO. NVA. ESPARTA",
        "ALTITUD": 15.5,
        "LATITUD": 11.00141,
        "LONGITUD": -63.8135,
        "Cod_Agrup": "1502",
        "DIRECCION": "SECTOR: SAN LORENZO. FRENTE CALLE MANUEL GUERRA. DERECHA CALLE PRINCIPAL. REFERENCIA DETRAS DEL CENTRO COMERCIAL SAMBIL MARGARITA",
        "ELECTORES": 684,
        "Estado_ID": "15",
        "MUNICIPIO": "MP. MANEIRO",
        "PARROQUIA": "CM. PAMPATAR",
        "COD_CENTRO": "150401008",
        "Municipio_": "04",
        "Prrquia_ID": "01",
        "id": "votacion_80"
      }
    },
    {
      "type": "Feature",
      "geometry": {
        "type": "Point",
        "crs": {
          "type": "name",
          "properties": {
            "name": "EPSG:4326"
          }
        },
        "coordinates": [
          -63.82295,
          11.00196
        ]
      },
      "properties": {
        "Zona": "02",
        "MESAS": 4,
        "CENTRO": "UNIDAD EDUCATIVA INSTITUTO SURAMERICANO LIBRE APRENDIZAJE (ISLA)",
        "ESTADO": "EDO. NVA. ESPARTA",
        "ALTITUD": 41.6,
        "LATITUD": 11.00196,
        "LONGITUD": -63.82295,
        "Cod_Agrup": "1502",
        "DIRECCION": "URBANIZACIÓN: JORGE COLL. FRENTE AVENIDA DAMASO VILLALBA. REFERENCIA A CUADRA Y MEDIA DEL COLEGIO DE LAS MONJAS",
        "ELECTORES": 2144,
        "Estado_ID": "15",
        "MUNICIPIO": "MP. MANEIRO",
        "PARROQUIA": "PQ. AGUIRRE",
        "COD_CENTRO": "150402002",
        "Municipio_": "04",
        "Prrquia_ID": "02",
        "id": "votacion_81"
      }
    },
    {
      "type": "Feature",
      "geometry": {
        "type": "Point",
        "crs": {
          "type": "name",
          "properties": {
            "name": "EPSG:4326"
          }
        },
        "coordinates": [
          -63.95746,
          11.06951
        ]
      },
      "properties": {
        "Zona": "01",
        "MESAS": 4,
        "CENTRO": "UNIDAD EDUCATIVA PRESBITERO MANUEL MONTANER SALAZAR",
        "ESTADO": "EDO. NVA. ESPARTA",
        "ALTITUD": 25.3,
        "LATITUD": 11.06951,
        "LONGITUD": -63.95746,
        "Cod_Agrup": "1501",
        "DIRECCION": "URBANIZACIÓN TARITARI DERECHA CALLE SANTIAGO LAREZ. FRENTE CALLE FELIPE ROMERO. IZQUIERDA CALLEJÓN SIN NOMBRE DETRAS DE LA IGLESIA SANTA EDUVIGIS EDIFICIO",
        "ELECTORES": 1798,
        "Estado_ID": "15",
        "MUNICIPIO": "MP. MARCANO",
        "PARROQUIA": "CM. JUAN GRIEGO",
        "COD_CENTRO": "150501007",
        "Municipio_": "05",
        "Prrquia_ID": "01",
        "id": "votacion_82"
      }
    },
    {
      "type": "Feature",
      "geometry": {
        "type": "Point",
        "crs": {
          "type": "name",
          "properties": {
            "name": "EPSG:4326"
          }
        },
        "coordinates": [
          -63.95495,
          11.0619
        ]
      },
      "properties": {
        "Zona": "01",
        "MESAS": 6,
        "CENTRO": "UNIDAD EDUCATIVA DOCTOR FRANCISCO ANTONIO RISQUEZ",
        "ESTADO": "EDO. NVA. ESPARTA",
        "ALTITUD": 27.8,
        "LATITUD": 11.0619,
        "LONGITUD": -63.95495,
        "Cod_Agrup": "1501",
        "DIRECCION": "SECTOR LOS MILLANES IZQUIERDA CALLE PRESENTE MARCANO. FRENTE CALLE LA ESCUELA CERCA DEL ESTADIO ORANGEL MILLAN EDIFICIO",
        "ELECTORES": 3002,
        "Estado_ID": "15",
        "MUNICIPIO": "MP. MARCANO",
        "PARROQUIA": "PQ. ADRIAN",
        "COD_CENTRO": "150502001",
        "Municipio_": "05",
        "Prrquia_ID": "02",
        "id": "votacion_83"
      }
    },
    {
      "type": "Feature",
      "geometry": {
        "type": "Point",
        "crs": {
          "type": "name",
          "properties": {
            "name": "EPSG:4326"
          }
        },
        "coordinates": [
          -63.85494,
          10.9569
        ]
      },
      "properties": {
        "Zona": "02",
        "MESAS": 4,
        "CENTRO": "UNIDAD EDUCATIVA SAN JOSÉ",
        "ESTADO": "EDO. NVA. ESPARTA",
        "ALTITUD": 40.1,
        "LATITUD": 10.9569,
        "LONGITUD": -63.85494,
        "Cod_Agrup": "1502",
        "DIRECCION": "SECTOR PORLAMAR CENTRO DERECHA CALLE MENESES. FRENTE CALLE IGUALDAD FRENTE AL LOCAL DE PDVSA GAS EDIFICIO",
        "ELECTORES": 1899,
        "Estado_ID": "15",
        "MUNICIPIO": "MP. MARIÑO",
        "PARROQUIA": "CM. PORLAMAR",
        "COD_CENTRO": "150601006",
        "Municipio_": "06",
        "Prrquia_ID": "01",
        "id": "votacion_84"
      }
    },
    {
      "type": "Feature",
      "geometry": {
        "type": "Point",
        "crs": {
          "type": "name",
          "properties": {
            "name": "EPSG:4326"
          }
        },
        "coordinates": [
          -63.88782,
          10.94333
        ]
      },
      "properties": {
        "Zona": "02",
        "MESAS": 7,
        "CENTRO": "UNIDAD EDUCATIVA DOCTOR RAÚL LEONI",
        "ESTADO": "EDO. NVA. ESPARTA",
        "ALTITUD": 14.3,
        "LATITUD": 10.94333,
        "LONGITUD": -63.88782,
        "Cod_Agrup": "1502",
        "DIRECCION": "SECTOR: MACHO MUERTO. FRENTE CALLE 19 DE MARZO. IZQUIERDA CAMINO MACHO MUERTO. DERECHA CALLE EL PIACHE. REFERENCIA AL FINAL CALLE DE LA IGLESIA",
        "ELECTORES": 3780,
        "Estado_ID": "15",
        "MUNICIPIO": "MP. MARIÑO",
        "PARROQUIA": "CM. PORLAMAR",
        "COD_CENTRO": "150601008",
        "Municipio_": "06",
        "Prrquia_ID": "01",
        "id": "votacion_85"
      }
    },
    {
      "type": "Feature",
      "geometry": {
        "type": "Point",
        "crs": {
          "type": "name",
          "properties": {
            "name": "EPSG:4326"
          }
        },
        "coordinates": [
          -63.86557,
          10.95035
        ]
      },
      "properties": {
        "Zona": "02",
        "MESAS": 5,
        "CENTRO": "UNIDAD EDUCATIVA DOCTOR LEONARDO RUIZ PINEDA",
        "ESTADO": "EDO. NVA. ESPARTA",
        "ALTITUD": 41,
        "LATITUD": 10.95035,
        "LONGITUD": -63.86557,
        "Cod_Agrup": "1502",
        "DIRECCION": "SECTOR: LOS COCOS. FRENTE CALLE TRANSMISORA. IZQUIERDA CALLE MANEIRO. DERECHA CALLE MARINA. REFERENCIA AL LADO DE LA ANTIGUA EFE",
        "ELECTORES": 2646,
        "Estado_ID": "15",
        "MUNICIPIO": "MP. MARIÑO",
        "PARROQUIA": "CM. PORLAMAR",
        "COD_CENTRO": "150601029",
        "Municipio_": "06",
        "Prrquia_ID": "01",
        "id": "votacion_86"
      }
    },
    {
      "type": "Feature",
      "geometry": {
        "type": "Point",
        "crs": {
          "type": "name",
          "properties": {
            "name": "EPSG:4326"
          }
        },
        "coordinates": [
          -63.8581,
          10.95043
        ]
      },
      "properties": {
        "Zona": "02",
        "MESAS": 2,
        "CENTRO": "ESCUELA NACIONAL BOLIVARIANA BACHILLER JOSÉ JOAQUÍN DE LEÓN",
        "ESTADO": "EDO. NVA. ESPARTA",
        "ALTITUD": 27.5,
        "LATITUD": 10.95043,
        "LONGITUD": -63.8581,
        "Cod_Agrup": "1502",
        "DIRECCION": "SECTOR: PUNDA. FRENTE CALLE LUIS CASTRO. DERECHA CALLE LA MARINA. REFERENCIA AL LADO DEL COMANDO DE VIGILANCIA COSTERA",
        "ELECTORES": 878,
        "Estado_ID": "15",
        "MUNICIPIO": "MP. MARIÑO",
        "PARROQUIA": "CM. PORLAMAR",
        "COD_CENTRO": "150601032",
        "Municipio_": "06",
        "Prrquia_ID": "01",
        "id": "votacion_87"
      }
    },
    {
      "type": "Feature",
      "geometry": {
        "type": "Point",
        "crs": {
          "type": "name",
          "properties": {
            "name": "EPSG:4326"
          }
        },
        "coordinates": [
          -64.18159,
          10.95767
        ]
      },
      "properties": {
        "Zona": "01",
        "MESAS": 5,
        "CENTRO": "UNIDAD EDUCATIVA LICEO BOLIVARIANO LUIS CASTRO",
        "ESTADO": "EDO. NVA. ESPARTA",
        "ALTITUD": 13.2,
        "LATITUD": 10.95767,
        "LONGITUD": -64.18159,
        "Cod_Agrup": "1501",
        "DIRECCION": "BARRIO: CARACAS. FRENTE CALLE ANDRES BELLO. REFERENCIA A 100 METROS DEL CENTRO DE EDUCACION INICIAL EMILIA MARIA MATA",
        "ELECTORES": 2688,
        "Estado_ID": "15",
        "MUNICIPIO": "MP.PENIN. DE MACANAO",
        "PARROQUIA": "CM. BOCA DEL RIO",
        "COD_CENTRO": "150701001",
        "Municipio_": "07",
        "Prrquia_ID": "01",
        "id": "votacion_88"
      }
    },
    {
      "type": "Feature",
      "geometry": {
        "type": "Point",
        "crs": {
          "type": "name",
          "properties": {
            "name": "EPSG:4326"
          }
        },
        "coordinates": [
          -63.95449,
          11.02457
        ]
      },
      "properties": {
        "Zona": "01",
        "MESAS": 2,
        "CENTRO": "UNIDAD EDUCATIVA SIMON JOSE ARISMENDI",
        "ESTADO": "EDO. NVA. ESPARTA",
        "ALTITUD": 89.4,
        "LATITUD": 11.02457,
        "LONGITUD": -63.95449,
        "Cod_Agrup": "1501",
        "DIRECCION": "SECTOR: EL MACHO. FRENTE CALLE NUEVA. DERECHA CALLEJÓN MEANOS. REFERENCIA A 50 METROS DE COMERCIAL LEVIS",
        "ELECTORES": 817,
        "Estado_ID": "15",
        "MUNICIPIO": "MP. DIAZ",
        "PARROQUIA": "CM. SAN JUAN BAUTISTA",
        "COD_CENTRO": "150201013",
        "Municipio_": "02",
        "Prrquia_ID": "01",
        "id": "votacion_89"
      }
    },
    {
      "type": "Feature",
      "geometry": {
        "type": "Point",
        "crs": {
          "type": "name",
          "properties": {
            "name": "EPSG:4326"
          }
        },
        "coordinates": [
          -63.906530000000004,
          11.04763
        ]
      },
      "properties": {
        "Zona": "01",
        "MESAS": 4,
        "CENTRO": "UNIDAD EDUCATIVA CRUZ MILLAN GARCIA",
        "ESTADO": "EDO. NVA. ESPARTA",
        "ALTITUD": 74.8,
        "LATITUD": 11.04763,
        "LONGITUD": -63.90653,
        "Cod_Agrup": "1501",
        "DIRECCION": "SECTOR: SAN SEBASTIAN. FRENTE CALLE UNION. REFERENCIA A 1 KILOMETRO DE LA PREFECTURA",
        "ELECTORES": 2091,
        "Estado_ID": "15",
        "MUNICIPIO": "MP. GOMEZ",
        "PARROQUIA": "PQ. GUEVARA",
        "COD_CENTRO": "150302002",
        "Municipio_": "03",
        "Prrquia_ID": "02",
        "id": "votacion_90"
      }
    },
    {
      "type": "Feature",
      "geometry": {
        "type": "Point",
        "crs": {
          "type": "name",
          "properties": {
            "name": "EPSG:4326"
          }
        },
        "coordinates": [
          -63.95003,
          11.09254
        ]
      },
      "properties": {
        "Zona": "01",
        "MESAS": 5,
        "CENTRO": "UNIDAD EDUCATIVA BOLIVARIANA JOSE CORTES DE MADARIAGA",
        "ESTADO": "EDO. NVA. ESPARTA",
        "ALTITUD": 29.8,
        "LATITUD": 11.09254,
        "LONGITUD": -63.95003,
        "Cod_Agrup": "1501",
        "DIRECCION": "SECTOR ALTAGRACIA DERECHA CALLE INDEPENDENCIA. IZQUIERDA CALLE GONZALEZ. FRENTE CALLE JOSE CORTES DE MADARIAGA FRENTE A LA NESTLE EDIFICIO",
        "ELECTORES": 2678,
        "Estado_ID": "15",
        "MUNICIPIO": "MP. GOMEZ",
        "PARROQUIA": "PQ. SUCRE",
        "COD_CENTRO": "150305002",
        "Municipio_": "03",
        "Prrquia_ID": "05",
        "id": "votacion_91"
      }
    },
    {
      "type": "Feature",
      "geometry": {
        "type": "Point",
        "crs": {
          "type": "name",
          "properties": {
            "name": "EPSG:4326"
          }
        },
        "coordinates": [
          -63.83281,
          10.9946
        ]
      },
      "properties": {
        "Zona": "02",
        "MESAS": 5,
        "CENTRO": "CASA DE LA CULTURA JUAN FERMIN MILLAN",
        "ESTADO": "EDO. NVA. ESPARTA",
        "ALTITUD": 72.3,
        "LATITUD": 10.9946,
        "LONGITUD": -63.83281,
        "Cod_Agrup": "1502",
        "DIRECCION": "SECTOR LOS ROBLES FRENTE CALLE LIBERTAD FRENTE A LA PREFECTURA DE LOS ROBLES EDIFICIO",
        "ELECTORES": 2731,
        "Estado_ID": "15",
        "MUNICIPIO": "MP. MANEIRO",
        "PARROQUIA": "PQ. AGUIRRE",
        "COD_CENTRO": "150402003",
        "Municipio_": "04",
        "Prrquia_ID": "02",
        "id": "votacion_92"
      }
    },
    {
      "type": "Feature",
      "geometry": {
        "type": "Point",
        "crs": {
          "type": "name",
          "properties": {
            "name": "EPSG:4326"
          }
        },
        "coordinates": [
          -63.79862,
          10.998160000000002
        ]
      },
      "properties": {
        "Zona": "02",
        "MESAS": 1,
        "CENTRO": "CASA DE LA CULTURA MANUEL PLACIDO MANEIRO",
        "ESTADO": "EDO. NVA. ESPARTA",
        "ALTITUD": 32.5,
        "LATITUD": 10.99816,
        "LONGITUD": -63.79862,
        "Cod_Agrup": "1502",
        "DIRECCION": "SECTOR: PAMPATAR. FRENTE AVENIDA JOAQUIN MANEIRO. REFERENCIA AL LADO DE LA ALCALDIA",
        "ELECTORES": 576,
        "Estado_ID": "15",
        "MUNICIPIO": "MP. MANEIRO",
        "PARROQUIA": "CM. PAMPATAR",
        "COD_CENTRO": "150401012",
        "Municipio_": "04",
        "Prrquia_ID": "01",
        "id": "votacion_93"
      }
    },
    {
      "type": "Feature",
      "geometry": {
        "type": "Point",
        "crs": {
          "type": "name",
          "properties": {
            "name": "EPSG:4326"
          }
        },
        "coordinates": [
          -63.96961,
          11.07689
        ]
      },
      "properties": {
        "Zona": "01",
        "MESAS": 4,
        "CENTRO": "CENTRO DE EDUCACION INICIAL DOÑANA",
        "ESTADO": "EDO. NVA. ESPARTA",
        "ALTITUD": 23.2,
        "LATITUD": 11.07689,
        "LONGITUD": -63.96961,
        "Cod_Agrup": "1501",
        "DIRECCION": "SECTOR VALPARAISO DERECHA CALLE MIRANDA. IZQUIERDA CALLE LAGO. FRENTE CALLE VALPARAISO DETRAS DE LA OFICINA DE SENECA EDIFICIO",
        "ELECTORES": 1977,
        "Estado_ID": "15",
        "MUNICIPIO": "MP. MARCANO",
        "PARROQUIA": "CM. JUAN GRIEGO",
        "COD_CENTRO": "150501006",
        "Municipio_": "05",
        "Prrquia_ID": "01",
        "id": "votacion_94"
      }
    },
    {
      "type": "Feature",
      "geometry": {
        "type": "Point",
        "crs": {
          "type": "name",
          "properties": {
            "name": "EPSG:4326"
          }
        },
        "coordinates": [
          -63.96883999999999,
          11.080390000000001
        ]
      },
      "properties": {
        "Zona": "01",
        "MESAS": 2,
        "CENTRO": "CENTRO DE EDUCACION INTEGRAL INICIAL JUAN GRIEGO",
        "ESTADO": "EDO. NVA. ESPARTA",
        "ALTITUD": 21.4,
        "LATITUD": 11.08039,
        "LONGITUD": -63.96884,
        "Cod_Agrup": "1501",
        "DIRECCION": "SECTOR: JUAN GRIEGO. FRENTE CALLE BUENAVISTA. IZQUIERDA CALLE BERMUDEZ. REFERENCIA FRENTE AL INCES",
        "ELECTORES": 1166,
        "Estado_ID": "15",
        "MUNICIPIO": "MP. MARCANO",
        "PARROQUIA": "CM. JUAN GRIEGO",
        "COD_CENTRO": "150501010",
        "Municipio_": "05",
        "Prrquia_ID": "01",
        "id": "votacion_95"
      }
    },
    {
      "type": "Feature",
      "geometry": {
        "type": "Point",
        "crs": {
          "type": "name",
          "properties": {
            "name": "EPSG:4326"
          }
        },
        "coordinates": [
          -63.86545000000001,
          10.95393
        ]
      },
      "properties": {
        "Zona": "02",
        "MESAS": 6,
        "CENTRO": "UNIDAD EDUCATIVA DOÑA MENCA DE LEONI",
        "ESTADO": "EDO. NVA. ESPARTA",
        "ALTITUD": 34.2,
        "LATITUD": 10.95393,
        "LONGITUD": -63.86545,
        "Cod_Agrup": "1502",
        "DIRECCION": "SECTOR: CIUDAD CARTON. FRENTE CALLE LUISA CACERES DE ARISMENDI. REFERENCIA DIAGONAL AL COMANDO DE LA POLICIA",
        "ELECTORES": 2967,
        "Estado_ID": "15",
        "MUNICIPIO": "MP. MARIÑO",
        "PARROQUIA": "CM. PORLAMAR",
        "COD_CENTRO": "150601002",
        "Municipio_": "06",
        "Prrquia_ID": "01",
        "id": "votacion_96"
      }
    },
    {
      "type": "Feature",
      "geometry": {
        "type": "Point",
        "crs": {
          "type": "name",
          "properties": {
            "name": "EPSG:4326"
          }
        },
        "coordinates": [
          -63.84114,
          10.96926
        ]
      },
      "properties": {
        "Zona": "02",
        "MESAS": 3,
        "CENTRO": "ESCUELA BASICA MUNICIPAL BACHILLER ELEUTERIO ROSARIO CAMPOS",
        "ESTADO": "EDO. NVA. ESPARTA",
        "ALTITUD": 41.3,
        "LATITUD": 10.96926,
        "LONGITUD": -63.84114,
        "Cod_Agrup": "1502",
        "DIRECCION": "SECTOR: GENOVES. FRENTE CALLE CAMPO. REFERENCIA DETRAS DEL INCES GENOVES",
        "ELECTORES": 1751,
        "Estado_ID": "15",
        "MUNICIPIO": "MP. MARIÑO",
        "PARROQUIA": "CM. PORLAMAR",
        "COD_CENTRO": "150601011",
        "Municipio_": "06",
        "Prrquia_ID": "01",
        "id": "votacion_97"
      }
    },
    {
      "type": "Feature",
      "geometry": {
        "type": "Point",
        "crs": {
          "type": "name",
          "properties": {
            "name": "EPSG:4326"
          }
        },
        "coordinates": [
          -63.85746,
          10.95055
        ]
      },
      "properties": {
        "Zona": "02",
        "MESAS": 5,
        "CENTRO": "CENTRO DE EDUCACIÓN INICIAL BACHILLER JOSÉ JOAQUÍN DE LEÓN",
        "ESTADO": "EDO. NVA. ESPARTA",
        "ALTITUD": 28.2,
        "LATITUD": 10.95055,
        "LONGITUD": -63.85746,
        "Cod_Agrup": "1502",
        "DIRECCION": "SECTOR: PUNDA. FRENTE CALLE LA MARINA. IZQUIERDA CALLE LUIS CASTRO. DERECHA CALLE BUENAVENTURA. REFERENCIA FRENTE AL COMANDO DE LA GUARDIA",
        "ELECTORES": 2709,
        "Estado_ID": "15",
        "MUNICIPIO": "MP. MARIÑO",
        "PARROQUIA": "CM. PORLAMAR",
        "COD_CENTRO": "150601024",
        "Municipio_": "06",
        "Prrquia_ID": "01",
        "id": "votacion_98"
      }
    },
    {
      "type": "Feature",
      "geometry": {
        "type": "Point",
        "crs": {
          "type": "name",
          "properties": {
            "name": "EPSG:4326"
          }
        },
        "coordinates": [
          -63.83275,
          10.96318
        ]
      },
      "properties": {
        "Zona": "02",
        "MESAS": 1,
        "CENTRO": "CASA INTEGRAL DEL CONSEJO COMUNAL CAMPOMAR, MANZANA II",
        "ESTADO": "EDO. NVA. ESPARTA",
        "ALTITUD": 14.7,
        "LATITUD": 10.96318,
        "LONGITUD": -63.83275,
        "Cod_Agrup": "1502",
        "DIRECCION": "SECTOR CAMPOMAR FRENTE CALLE PRINCIPAL PARALELA A LA AVENIDA ROMULO BETANCOURT DETRAS DE LOS BLOQUES CASA",
        "ELECTORES": 254,
        "Estado_ID": "15",
        "MUNICIPIO": "MP. MARIÑO",
        "PARROQUIA": "CM. PORLAMAR",
        "COD_CENTRO": "150601041",
        "Municipio_": "06",
        "Prrquia_ID": "01",
        "id": "votacion_99"
      }
    },
    {
      "type": "Feature",
      "geometry": {
        "type": "Point",
        "crs": {
          "type": "name",
          "properties": {
            "name": "EPSG:4326"
          }
        },
        "coordinates": [
          -64.18385,
          10.96768
        ]
      },
      "properties": {
        "Zona": "01",
        "MESAS": 5,
        "CENTRO": "ESCUELA BASICA MONSENOR NICOLAS EUGENIO NAVARRO",
        "ESTADO": "EDO. NVA. ESPARTA",
        "ALTITUD": 20.7,
        "LATITUD": 10.96768,
        "LONGITUD": -64.18385,
        "Cod_Agrup": "1501",
        "DIRECCION": "SECTOR CARUJO DERECHA CALLE ARISMENDI. FRENTE CALLE ARISMENDI A 20 METROS DE LA SEDE LINEA LA RESTINGA EDIFICIO",
        "ELECTORES": 2801,
        "Estado_ID": "15",
        "MUNICIPIO": "MP.PENIN. DE MACANAO",
        "PARROQUIA": "CM. BOCA DEL RIO",
        "COD_CENTRO": "150701002",
        "Municipio_": "07",
        "Prrquia_ID": "01",
        "id": "votacion_100"
      }
    },
    {
      "type": "Feature",
      "geometry": {
        "type": "Point",
        "crs": {
          "type": "name",
          "properties": {
            "name": "EPSG:4326"
          }
        },
        "coordinates": [
          -63.9408,
          11.06731
        ]
      },
      "properties": {
        "Zona": "01",
        "MESAS": 1,
        "CENTRO": "CENTRO DE EDUCACION INICIAL VALERIANO LAREZ",
        "ESTADO": "EDO. NVA. ESPARTA",
        "ALTITUD": 47.4,
        "LATITUD": 11.06731,
        "LONGITUD": -63.9408,
        "Cod_Agrup": "1501",
        "DIRECCION": "SECTOR LA VECINDAD DERECHA CALLE INDEPENDENCIA. IZQUIERDA CALLE SAN JOSE. FRENTE CALLE NUEVA DETRAS DE LA BOMBA DE LA VECINDAD FRENTE AL TALLER MECANICO",
        "ELECTORES": 506,
        "Estado_ID": "15",
        "MUNICIPIO": "MP. GOMEZ",
        "PARROQUIA": "CM. SANTA ANA",
        "COD_CENTRO": "150301008",
        "Municipio_": "03",
        "Prrquia_ID": "01",
        "id": "votacion_101"
      }
    },
    {
      "type": "Feature",
      "geometry": {
        "type": "Point",
        "crs": {
          "type": "name",
          "properties": {
            "name": "EPSG:4326"
          }
        },
        "coordinates": [
          -63.9206,
          11.11335
        ]
      },
      "properties": {
        "Zona": "01",
        "MESAS": 1,
        "CENTRO": "CENTRO DE EDUCACION INICIAL SIMONCITO ARCELIA MORENO DE GONZALEZ",
        "ESTADO": "EDO. NVA. ESPARTA",
        "ALTITUD": 19.6,
        "LATITUD": 11.11335,
        "LONGITUD": -63.9206,
        "Cod_Agrup": "1501",
        "DIRECCION": "SECTOR PEDRO GONZALEZ DERECHA CALLE MARCANO. FRENTE CALLE SAN MIGUEL A 100 METROS DE LA MEDICATURA EDIFICIO",
        "ELECTORES": 402,
        "Estado_ID": "15",
        "MUNICIPIO": "MP. GOMEZ",
        "PARROQUIA": "PQ. MATASIETE",
        "COD_CENTRO": "150303004",
        "Municipio_": "03",
        "Prrquia_ID": "03",
        "id": "votacion_102"
      }
    },
    {
      "type": "Feature",
      "geometry": {
        "type": "Point",
        "crs": {
          "type": "name",
          "properties": {
            "name": "EPSG:4326"
          }
        },
        "coordinates": [
          -63.799350000000004,
          10.997120000000002
        ]
      },
      "properties": {
        "Zona": "02",
        "MESAS": 3,
        "CENTRO": "BIBLIOTECA ROSAURA ROSA ACOSTA",
        "ESTADO": "EDO. NVA. ESPARTA",
        "ALTITUD": 25,
        "LATITUD": 10.99712,
        "LONGITUD": -63.79935,
        "Cod_Agrup": "1502",
        "DIRECCION": "SECTOR CASCO HISTORICO IZQUIERDA AVENIDA JOAQUIN MANEIRO. DERECHA CALLE LUISA CACERES DE ARISMENDI FRENTE A LA PLAZA LOS LEONES EDIFICIO",
        "ELECTORES": 1294,
        "Estado_ID": "15",
        "MUNICIPIO": "MP. MANEIRO",
        "PARROQUIA": "CM. PAMPATAR",
        "COD_CENTRO": "150401009",
        "Municipio_": "04",
        "Prrquia_ID": "01",
        "id": "votacion_103"
      }
    },
    {
      "type": "Feature",
      "geometry": {
        "type": "Point",
        "crs": {
          "type": "name",
          "properties": {
            "name": "EPSG:4326"
          }
        },
        "coordinates": [
          -63.79872,
          10.9991
        ]
      },
      "properties": {
        "Zona": "02",
        "MESAS": 6,
        "CENTRO": "UNIDAD EDUCATIVA NACIONAL BOLIVARIANA JOSE JOAQUIN DE OLMEDO",
        "ESTADO": "EDO. NVA. ESPARTA",
        "ALTITUD": 28.4,
        "LATITUD": 10.9991,
        "LONGITUD": -63.79872,
        "Cod_Agrup": "1502",
        "DIRECCION": "SECTOR PAMPATAR FRENTE CALLE POLANCO DIAGONAL A OFICINA DEL SENIAT EDIFICIO",
        "ELECTORES": 2966,
        "Estado_ID": "15",
        "MUNICIPIO": "MP. MANEIRO",
        "PARROQUIA": "CM. PAMPATAR",
        "COD_CENTRO": "150401001",
        "Municipio_": "04",
        "Prrquia_ID": "01",
        "id": "votacion_104"
      }
    },
    {
      "type": "Feature",
      "geometry": {
        "type": "Point",
        "crs": {
          "type": "name",
          "properties": {
            "name": "EPSG:4326"
          }
        },
        "coordinates": [
          -63.83168,
          10.99629
        ]
      },
      "properties": {
        "Zona": "02",
        "MESAS": 1,
        "CENTRO": "SEDE BANDA SHOW ESCUELA MARIA SINFOROZA REYES",
        "ESTADO": "EDO. NVA. ESPARTA",
        "ALTITUD": 31.1,
        "LATITUD": 10.99629,
        "LONGITUD": -63.83168,
        "Cod_Agrup": "1502",
        "DIRECCION": "SECTOR: LOS ROBLES. FRENTE CALLE LA CHICA. DERECHA CALLE LA TUA TUA. REFERENCIA CERCA DEL CEMENTERIO DE LOS ROBLES",
        "ELECTORES": 428,
        "Estado_ID": "15",
        "MUNICIPIO": "MP. MANEIRO",
        "PARROQUIA": "PQ. AGUIRRE",
        "COD_CENTRO": "150402011",
        "Municipio_": "04",
        "Prrquia_ID": "02",
        "id": "votacion_105"
      }
    },
    {
      "type": "Feature",
      "geometry": {
        "type": "Point",
        "crs": {
          "type": "name",
          "properties": {
            "name": "EPSG:4326"
          }
        },
        "coordinates": [
          -63.97601,
          11.08877
        ]
      },
      "properties": {
        "Zona": "01",
        "MESAS": 2,
        "CENTRO": "UNIDAD EDUCATIVA ESTADAL RURAL CONCENTRADA NUMERO 50",
        "ESTADO": "EDO. NVA. ESPARTA",
        "ALTITUD": 13.3,
        "LATITUD": 11.08877,
        "LONGITUD": -63.97601,
        "Cod_Agrup": "1501",
        "DIRECCION": "SECTOR LA GALERA FRENTE CALLE CENTRAL A 50 METROS DE LA IGLESIA EDIFICIO",
        "ELECTORES": 649,
        "Estado_ID": "15",
        "MUNICIPIO": "MP. MARCANO",
        "PARROQUIA": "CM. JUAN GRIEGO",
        "COD_CENTRO": "150501003",
        "Municipio_": "05",
        "Prrquia_ID": "01",
        "id": "votacion_106"
      }
    },
    {
      "type": "Feature",
      "geometry": {
        "type": "Point",
        "crs": {
          "type": "name",
          "properties": {
            "name": "EPSG:4326"
          }
        },
        "coordinates": [
          -63.966809999999995,
          11.0791
        ]
      },
      "properties": {
        "Zona": "01",
        "MESAS": 3,
        "CENTRO": "UNIDAD EDUCATIVA SAN JUDAS TADEO",
        "ESTADO": "EDO. NVA. ESPARTA",
        "ALTITUD": 20.3,
        "LATITUD": 11.0791,
        "LONGITUD": -63.96681,
        "Cod_Agrup": "1501",
        "DIRECCION": "SECTOR JUAN GRIEGO FRENTE CALLE BOLIVAR A 100 METROS DE LA ESTACION DE BOMBEROS EDIFICIO",
        "ELECTORES": 1210,
        "Estado_ID": "15",
        "MUNICIPIO": "MP. MARCANO",
        "PARROQUIA": "CM. JUAN GRIEGO",
        "COD_CENTRO": "150501004",
        "Municipio_": "05",
        "Prrquia_ID": "01",
        "id": "votacion_107"
      }
    },
    {
      "type": "Feature",
      "geometry": {
        "type": "Point",
        "crs": {
          "type": "name",
          "properties": {
            "name": "EPSG:4326"
          }
        },
        "coordinates": [
          -63.83713,
          10.96247
        ]
      },
      "properties": {
        "Zona": "02",
        "MESAS": 5,
        "CENTRO": "UNIDAD EDUCATIVA CANDIDO SÁNCHEZ",
        "ESTADO": "EDO. NVA. ESPARTA",
        "ALTITUD": 29.9,
        "LATITUD": 10.96247,
        "LONGITUD": -63.83713,
        "Cod_Agrup": "1502",
        "DIRECCION": "SECTOR: BELLA VISTA. FRENTE CALLE NUEVA ESPARTA. REFERENCIA DETRAS DEL AMBULATORIO",
        "ELECTORES": 2735,
        "Estado_ID": "15",
        "MUNICIPIO": "MP. MARIÑO",
        "PARROQUIA": "CM. PORLAMAR",
        "COD_CENTRO": "150601016",
        "Municipio_": "06",
        "Prrquia_ID": "01",
        "id": "votacion_108"
      }
    },
    {
      "type": "Feature",
      "geometry": {
        "type": "Point",
        "crs": {
          "type": "name",
          "properties": {
            "name": "EPSG:4326"
          }
        },
        "coordinates": [
          -63.8512,
          10.96131
        ]
      },
      "properties": {
        "Zona": "02",
        "MESAS": 3,
        "CENTRO": "UNIDAD EDUCATIVA SAN NICOLAS",
        "ESTADO": "EDO. NVA. ESPARTA",
        "ALTITUD": 48.3,
        "LATITUD": 10.96131,
        "LONGITUD": -63.8512,
        "Cod_Agrup": "1502",
        "DIRECCION": "CALLE EL COLEGIO CON CALLE GUEVARA NORTE, PORLAMAR",
        "ELECTORES": 1329,
        "Estado_ID": "15",
        "MUNICIPIO": "MP. MARIÑO",
        "PARROQUIA": "CM. PORLAMAR",
        "COD_CENTRO": "150601015",
        "Municipio_": "06",
        "Prrquia_ID": "01",
        "id": "votacion_109"
      }
    },
    {
      "type": "Feature",
      "geometry": {
        "type": "Point",
        "crs": {
          "type": "name",
          "properties": {
            "name": "EPSG:4326"
          }
        },
        "coordinates": [
          -63.84700000000001,
          10.96459
        ]
      },
      "properties": {
        "Zona": "02",
        "MESAS": 2,
        "CENTRO": "UNIDAD EDUCATIVA SAN MARTÍN DE PORRES",
        "ESTADO": "EDO. NVA. ESPARTA",
        "ALTITUD": 28.5,
        "LATITUD": 10.96459,
        "LONGITUD": -63.847,
        "Cod_Agrup": "1502",
        "DIRECCION": "SECTOR LLANO ADENTRO VIA AL CENTRO COMERCIAL BELLA VISTA DERECHA CALLE COLINA. IZQUIERDA CALLE GUILARTE. FRENTE CALLE SAN RAFAEL FRENTE AL ABASTO SAN RAFAEL EDIFICIO",
        "ELECTORES": 1055,
        "Estado_ID": "15",
        "MUNICIPIO": "MP. MARIÑO",
        "PARROQUIA": "CM. PORLAMAR",
        "COD_CENTRO": "150601031",
        "Municipio_": "06",
        "Prrquia_ID": "01",
        "id": "votacion_110"
      }
    },
    {
      "type": "Feature",
      "geometry": {
        "type": "Point",
        "crs": {
          "type": "name",
          "properties": {
            "name": "EPSG:4326"
          }
        },
        "coordinates": [
          -63.8542,
          10.96283
        ]
      },
      "properties": {
        "Zona": "02",
        "MESAS": 3,
        "CENTRO": "CENTRO DE EDUCACIÓN INICIAL SIMONCITO AZUL Y VIENTO",
        "ESTADO": "EDO. NVA. ESPARTA",
        "ALTITUD": 77.6,
        "LATITUD": 10.96283,
        "LONGITUD": -63.8542,
        "Cod_Agrup": "1502",
        "DIRECCION": "SECTOR: EL POBLADO. FRENTE CALLE LAS FLORES. IZQUIERDA CALLE EL COLEGIO. REFERENCIA DIAGONAL A RESIDENCIAS MUCURAPARO",
        "ELECTORES": 1205,
        "Estado_ID": "15",
        "MUNICIPIO": "MP. MARIÑO",
        "PARROQUIA": "CM. PORLAMAR",
        "COD_CENTRO": "150601022",
        "Municipio_": "06",
        "Prrquia_ID": "01",
        "id": "votacion_111"
      }
    },
    {
      "type": "Feature",
      "geometry": {
        "type": "Point",
        "crs": {
          "type": "name",
          "properties": {
            "name": "EPSG:4326"
          }
        },
        "coordinates": [
          -64.18123,
          10.95743
        ]
      },
      "properties": {
        "Zona": "01",
        "MESAS": 1,
        "CENTRO": "CENTRO DE EDUCACION INICIAL EMILIA MARIA MATA VASQUEZ",
        "ESTADO": "EDO. NVA. ESPARTA",
        "ALTITUD": 35.7,
        "LATITUD": 10.95743,
        "LONGITUD": -64.18123,
        "Cod_Agrup": "1501",
        "DIRECCION": "SECTOR: CARACAS. FRENTE CALLE ANDRES BELLO. IZQUIERDA CALLE EL CARDONAL. REFERENCIA FRENTE AL LICEO BOLIVARIANO LUIS CASTRO",
        "ELECTORES": 543,
        "Estado_ID": "15",
        "MUNICIPIO": "MP.PENIN. DE MACANAO",
        "PARROQUIA": "CM. BOCA DEL RIO",
        "COD_CENTRO": "150701005",
        "Municipio_": "07",
        "Prrquia_ID": "01",
        "id": "votacion_112"
      }
    },
    {
      "type": "Feature",
      "geometry": {
        "type": "Point",
        "crs": {
          "type": "name",
          "properties": {
            "name": "EPSG:4326"
          }
        },
        "coordinates": [
          -63.902480000000004,
          11.11498
        ]
      },
      "properties": {
        "Zona": "01",
        "MESAS": 1,
        "CENTRO": "UNIDAD EDUCATIVA NACIONAL BOLIVARIANA CONCENTRADA EL SALADO",
        "ESTADO": "EDO. NVA. ESPARTA",
        "ALTITUD": 50.3,
        "LATITUD": 11.11498,
        "LONGITUD": -63.90248,
        "Cod_Agrup": "1501",
        "DIRECCION": "SECTOR: EL SALADO. FRENTE CALLE PRINCIPAL. IZQUIERDA CALLE SECTOR II. REFERENCIA CERCA DEL MULTIHOGAR",
        "ELECTORES": 310,
        "Estado_ID": "15",
        "MUNICIPIO": "MP. GOMEZ",
        "PARROQUIA": "PQ. MATASIETE",
        "COD_CENTRO": "150303003",
        "Municipio_": "03",
        "Prrquia_ID": "03",
        "id": "votacion_113"
      }
    },
    {
      "type": "Feature",
      "geometry": {
        "type": "Point",
        "crs": {
          "type": "name",
          "properties": {
            "name": "EPSG:4326"
          }
        },
        "coordinates": [
          -63.80771000000001,
          11.010010000000001
        ]
      },
      "properties": {
        "Zona": "02",
        "MESAS": 2,
        "CENTRO": "FUNDACION CULTURAL ALI PRIMERA",
        "ESTADO": "EDO. NVA. ESPARTA",
        "ALTITUD": 57.6,
        "LATITUD": 11.01001,
        "LONGITUD": -63.80771,
        "Cod_Agrup": "1502",
        "DIRECCION": "URBANIZACIÓN: JOVITO VILLALBA. FRENTE CALLE NUMERO 2. DERECHA CALLE NUMERO 3. REFERENCIA AL LADO DEL INFOCENTRO",
        "ELECTORES": 804,
        "Estado_ID": "15",
        "MUNICIPIO": "MP. MANEIRO",
        "PARROQUIA": "CM. PAMPATAR",
        "COD_CENTRO": "150401011",
        "Municipio_": "04",
        "Prrquia_ID": "01",
        "id": "votacion_114"
      }
    },
    {
      "type": "Feature",
      "geometry": {
        "type": "Point",
        "crs": {
          "type": "name",
          "properties": {
            "name": "EPSG:4326"
          }
        },
        "coordinates": [
          -63.83693000000001,
          10.98904
        ]
      },
      "properties": {
        "Zona": "02",
        "MESAS": 6,
        "CENTRO": "UNIDAD EDUCATIVA NACIONAL BOLIVARIANA VICTOR CEDENO",
        "ESTADO": "EDO. NVA. ESPARTA",
        "ALTITUD": 78.9,
        "LATITUD": 10.98904,
        "LONGITUD": -63.83693,
        "Cod_Agrup": "1502",
        "DIRECCION": "SECTOR LOS ROBLES FRENTE CALLE LAZARO FRENTE A LA REDOMA DE LOS ROBLES EDIFICIO",
        "ELECTORES": 2990,
        "Estado_ID": "15",
        "MUNICIPIO": "MP. MANEIRO",
        "PARROQUIA": "PQ. AGUIRRE",
        "COD_CENTRO": "150402001",
        "Municipio_": "04",
        "Prrquia_ID": "02",
        "id": "votacion_115"
      }
    },
    {
      "type": "Feature",
      "geometry": {
        "type": "Point",
        "crs": {
          "type": "name",
          "properties": {
            "name": "EPSG:4326"
          }
        },
        "coordinates": [
          -63.95407,
          11.06173
        ]
      },
      "properties": {
        "Zona": "01",
        "MESAS": 2,
        "CENTRO": "CENTRO DE EDUCACION INICIAL DOCTOR FRANCISCO ANTONIO RISQUEZ",
        "ESTADO": "EDO. NVA. ESPARTA",
        "ALTITUD": 89,
        "LATITUD": 11.06173,
        "LONGITUD": -63.95407,
        "Cod_Agrup": "1501",
        "DIRECCION": "SECTOR LOS MILLANES FRENTE CALLE PRESENTE MARCANO CERCA DEL ESTADIUM EDIFICIO",
        "ELECTORES": 665,
        "Estado_ID": "15",
        "MUNICIPIO": "MP. MARCANO",
        "PARROQUIA": "PQ. ADRIAN",
        "COD_CENTRO": "150502005",
        "Municipio_": "05",
        "Prrquia_ID": "02",
        "id": "votacion_116"
      }
    },
    {
      "type": "Feature",
      "geometry": {
        "type": "Point",
        "crs": {
          "type": "name",
          "properties": {
            "name": "EPSG:4326"
          }
        },
        "coordinates": [
          -63.97918000000001,
          11.06208
        ]
      },
      "properties": {
        "Zona": "01",
        "MESAS": 3,
        "CENTRO": "UNIDAD EDUCATIVA ESTADAL LOURDES RODRIGUEZ",
        "ESTADO": "EDO. NVA. ESPARTA",
        "ALTITUD": -19.6,
        "LATITUD": 11.06208,
        "LONGITUD": -63.97918,
        "Cod_Agrup": "1501",
        "DIRECCION": "SECTOR EL PALITO FRENTE CALLE SAN MARTIN DIAGONAL A LA CANCHA EDIFICIO",
        "ELECTORES": 1271,
        "Estado_ID": "15",
        "MUNICIPIO": "MP. MARCANO",
        "PARROQUIA": "PQ. ADRIAN",
        "COD_CENTRO": "150502004",
        "Municipio_": "05",
        "Prrquia_ID": "02",
        "id": "votacion_117"
      }
    },
    {
      "type": "Feature",
      "geometry": {
        "type": "Point",
        "crs": {
          "type": "name",
          "properties": {
            "name": "EPSG:4326"
          }
        },
        "coordinates": [
          -63.8466,
          10.95238
        ]
      },
      "properties": {
        "Zona": "02",
        "MESAS": 4,
        "CENTRO": "CENTRO DE FORMACION SOCIALISTA INCES TURISMO GUARAGUAO",
        "ESTADO": "EDO. NVA. ESPARTA",
        "ALTITUD": -4.7,
        "LATITUD": 10.95238,
        "LONGITUD": -63.8466,
        "Cod_Agrup": "1502",
        "DIRECCION": "SECTOR GUARAGUAO DERECHA CALLE LA MARINA. IZQUIERDA CALLE MANEIRO. FRENTE BULEVAR ROMULO GALLEGOS AL LADO DEL COMANDO DE LA GUARDIA COSTERA EDIFICIO",
        "ELECTORES": 1944,
        "Estado_ID": "15",
        "MUNICIPIO": "MP. MARIÑO",
        "PARROQUIA": "CM. PORLAMAR",
        "COD_CENTRO": "150601004",
        "Municipio_": "06",
        "Prrquia_ID": "01",
        "id": "votacion_118"
      }
    },
    {
      "type": "Feature",
      "geometry": {
        "type": "Point",
        "crs": {
          "type": "name",
          "properties": {
            "name": "EPSG:4326"
          }
        },
        "coordinates": [
          -63.837540000000004,
          10.96967
        ]
      },
      "properties": {
        "Zona": "02",
        "MESAS": 4,
        "CENTRO": "UNIDAD EDUCATIVA NUESTRA SEÑORA DE COROMOTO",
        "ESTADO": "EDO. NVA. ESPARTA",
        "ALTITUD": 76.7,
        "LATITUD": 10.96967,
        "LONGITUD": -63.83754,
        "Cod_Agrup": "1502",
        "DIRECCION": "URBANIZACIÓN: SABANAMAR. FRENTE CALLE JESUS MARIA SUAREZ. DERECHA CALLE PROLONGACION AEROPUERTO VIEJO. REFERENCIA DETRAS DE LA PANADERIA SABANAMAR",
        "ELECTORES": 1841,
        "Estado_ID": "15",
        "MUNICIPIO": "MP. MARIÑO",
        "PARROQUIA": "CM. PORLAMAR",
        "COD_CENTRO": "150601012",
        "Municipio_": "06",
        "Prrquia_ID": "01",
        "id": "votacion_119"
      }
    },
    {
      "type": "Feature",
      "geometry": {
        "type": "Point",
        "crs": {
          "type": "name",
          "properties": {
            "name": "EPSG:4326"
          }
        },
        "coordinates": [
          -63.862550000000006,
          10.97345
        ]
      },
      "properties": {
        "Zona": "02",
        "MESAS": 6,
        "CENTRO": "UNIDAD EDUCATIVA RAFAEL SALAZAR BRITO",
        "ESTADO": "EDO. NVA. ESPARTA",
        "ALTITUD": 35.9,
        "LATITUD": 10.97345,
        "LONGITUD": -63.86255,
        "Cod_Agrup": "1502",
        "DIRECCION": "SECTOR PALGUARIME FRENTE CALLE VICENTE MARCANO A 50 METROS DEL ESTADIUM GUATAMARE EDIFICIO",
        "ELECTORES": 3064,
        "Estado_ID": "15",
        "MUNICIPIO": "MP. MARIÑO",
        "PARROQUIA": "CM. PORLAMAR",
        "COD_CENTRO": "150601023",
        "Municipio_": "06",
        "Prrquia_ID": "01",
        "id": "votacion_120"
      }
    },
    {
      "type": "Feature",
      "geometry": {
        "type": "Point",
        "crs": {
          "type": "name",
          "properties": {
            "name": "EPSG:4326"
          }
        },
        "coordinates": [
          -63.85736000000001,
          10.95835
        ]
      },
      "properties": {
        "Zona": "02",
        "MESAS": 4,
        "CENTRO": "LICEO BOLIVARIANO NUEVA ESPARTA",
        "ESTADO": "EDO. NVA. ESPARTA",
        "ALTITUD": 26.9,
        "LATITUD": 10.95835,
        "LONGITUD": -63.85736,
        "Cod_Agrup": "1502",
        "DIRECCION": "SECTOR: PUEBLO NUEVO. FRENTE CALLE DONA ISABEL LA CATOLICA. IZQUIERDA CALLE PAEZ. DERECHA CALLE VALDEMARO DELGADO. REFERENCIA FRENTE AL DIARIO EL CARIBE. PORLAMAR",
        "ELECTORES": 2350,
        "Estado_ID": "15",
        "MUNICIPIO": "MP. MARIÑO",
        "PARROQUIA": "CM. PORLAMAR",
        "COD_CENTRO": "150601020",
        "Municipio_": "06",
        "Prrquia_ID": "01",
        "id": "votacion_121"
      }
    },
    {
      "type": "Feature",
      "geometry": {
        "type": "Point",
        "crs": {
          "type": "name",
          "properties": {
            "name": "EPSG:4326"
          }
        },
        "coordinates": [
          -64.37381,
          11.01949
        ]
      },
      "properties": {
        "Zona": "01",
        "MESAS": 1,
        "CENTRO": "CANCHA DE USOS MULTIPLES EL MANANTIAL",
        "ESTADO": "EDO. NVA. ESPARTA",
        "ALTITUD": 20.3,
        "LATITUD": 11.01949,
        "LONGITUD": -64.37381,
        "Cod_Agrup": "1501",
        "DIRECCION": "SECTOR EL MANANTIAL II FRENTE CALLE EN PROYECTO. DERECHA CARRETERA NACIONAL VIA ROBLEDAL AL LADO DE LA CASA COMUNAL ESTANQUE EL MANANTIAL",
        "ELECTORES": 206,
        "Estado_ID": "15",
        "MUNICIPIO": "MP.PENIN. DE MACANAO",
        "PARROQUIA": "PQ. SAN FRANCISCO",
        "COD_CENTRO": "150702013",
        "Municipio_": "07",
        "Prrquia_ID": "02",
        "id": "votacion_122"
      }
    },
    {
      "type": "Feature",
      "geometry": {
        "type": "Point",
        "crs": {
          "type": "name",
          "properties": {
            "name": "EPSG:4326"
          }
        },
        "coordinates": [
          -63.874649999999995,
          10.95238
        ]
      },
      "properties": {
        "Zona": "02",
        "MESAS": 1,
        "CENTRO": "UNIDAD EDUCATIVA NACIONAL BOLIVARIANA PETRONILA MATA",
        "ESTADO": "EDO. NVA. ESPARTA",
        "ALTITUD": 33.2,
        "LATITUD": 10.95238,
        "LONGITUD": -63.87465,
        "Cod_Agrup": "1502",
        "DIRECCION": "SECTOR LOS OLIVOS IZQUIERDA CALLE PRINCIPAL. FRENTE CALLE PRINCIPAL FRENTE AL ANTIGUO CENTRO DE DESARROLLO ENDOGENO VIRGEN DEL VALLE CERCA DEL ELEVADO DE CONEJEROS",
        "ELECTORES": 306,
        "Estado_ID": "15",
        "MUNICIPIO": "MP. MARIÑO",
        "PARROQUIA": "CM. PORLAMAR",
        "COD_CENTRO": "150601040",
        "Municipio_": "06",
        "Prrquia_ID": "01",
        "id": "votacion_123"
      }
    },
    {
      "type": "Feature",
      "geometry": {
        "type": "Point",
        "crs": {
          "type": "name",
          "properties": {
            "name": "EPSG:4326"
          }
        },
        "coordinates": [
          -63.988083432583046,
          10.739547695819873
        ]
      },
      "properties": {
        "Zona": "01",
        "MESAS": 4,
        "CENTRO": "ESCUELA BÁSICA BOLIVARIANA DOCTOR AGUSTÍN RAFAEL HERNÁNDEZ",
        "ESTADO": "EDO. NVA. ESPARTA",
        "ALTITUD": 36.8,
        "LATITUD": 10.78059,
        "LONGITUD": -63.99545,
        "Cod_Agrup": "1501",
        "DIRECCION": "SECTOR PUNTA HONDA DERECHA CALLE RIVAS. IZQUIERDA CALLE PRINCIPAL. FRENTE CALLE INDEPENDENCIA DIAGONAL AL CENTRO EDUCACION INICIAL DOCTOR RAFAEL HERNANDEZ EDIFICIO",
        "ELECTORES": 2185,
        "Estado_ID": "15",
        "MUNICIPIO": "MP.VILLALBA(I.COCHE)",
        "PARROQUIA": "CM. SAN PEDRO DE COCHE",
        "COD_CENTRO": "150801001",
        "Municipio_": "08",
        "Prrquia_ID": "01",
        "id": "votacion_124"
      }
    },
    {
      "type": "Feature",
      "geometry": {
        "type": "Point",
        "crs": {
          "type": "name",
          "properties": {
            "name": "EPSG:4326"
          }
        },
        "coordinates": [
          -63.82338000000001,
          11.00045
        ]
      },
      "properties": {
        "Zona": "02",
        "MESAS": 6,
        "CENTRO": "UNIDAD EDUCATIVA COLEGIO MADRE GUADALUPE",
        "ESTADO": "EDO. NVA. ESPARTA",
        "ALTITUD": 37,
        "LATITUD": 11.00045,
        "LONGITUD": -63.82338,
        "Cod_Agrup": "1502",
        "DIRECCION": "URBANIZACIÓN: JORGE COLL. FRENTE CALLE JUAN BAUTISTA ARISMENDI. IZQUIERDA CALLE BOLIVAR. DERECHA CALLE ANTONIO JOSE DE SUCRE. REFERENCIA EN LA IGLESIA SANTISIMO SACRAMENTO",
        "ELECTORES": 3395,
        "Estado_ID": "15",
        "MUNICIPIO": "MP. MANEIRO",
        "PARROQUIA": "PQ. AGUIRRE",
        "COD_CENTRO": "150402004",
        "Municipio_": "04",
        "Prrquia_ID": "02",
        "id": "votacion_125"
      }
    },
    {
      "type": "Feature",
      "geometry": {
        "type": "Point",
        "crs": {
          "type": "name",
          "properties": {
            "name": "EPSG:4326"
          }
        },
        "coordinates": [
          -63.79263000000001,
          11.00095
        ]
      },
      "properties": {
        "Zona": "02",
        "MESAS": 5,
        "CENTRO": "UNIDAD EDUCATIVA CRISTO DEL BUEN VIAJE",
        "ESTADO": "EDO. NVA. ESPARTA",
        "ALTITUD": 42.7,
        "LATITUD": 11.00095,
        "LONGITUD": -63.79263,
        "Cod_Agrup": "1502",
        "DIRECCION": "SECTOR: PAMPATAR. FRENTE CALLE EL CRISTO. DERECHA CALLE 3 DE MAYO. REFERENCIA AL LADO DE LA IGLESIA SANTO SEPULCRO VIA LA CARANTA PAMPATAR",
        "ELECTORES": 2364,
        "Estado_ID": "15",
        "MUNICIPIO": "MP. MANEIRO",
        "PARROQUIA": "CM. PAMPATAR",
        "COD_CENTRO": "150401005",
        "Municipio_": "04",
        "Prrquia_ID": "01",
        "id": "votacion_126"
      }
    },
    {
      "type": "Feature",
      "geometry": {
        "type": "Point",
        "crs": {
          "type": "name",
          "properties": {
            "name": "EPSG:4326"
          }
        },
        "coordinates": [
          -63.96693,
          11.07769
        ]
      },
      "properties": {
        "Zona": "01",
        "MESAS": 5,
        "CENTRO": "UNIDAD EDUCATIVA LICEO BOLIVARIANO ANTONIO DIAZ",
        "ESTADO": "EDO. NVA. ESPARTA",
        "ALTITUD": 14.5,
        "LATITUD": 11.07769,
        "LONGITUD": -63.96693,
        "Cod_Agrup": "1501",
        "DIRECCION": "SECTOR JUANGRIEGO FRENTE CALLE EL SOL. DERECHA CALLEJÓN ANTONIO DIAZ AL FRENTE DE IMPORTADORA MIGLE EDIFICIO",
        "ELECTORES": 2830,
        "Estado_ID": "15",
        "MUNICIPIO": "MP. MARCANO",
        "PARROQUIA": "CM. JUAN GRIEGO",
        "COD_CENTRO": "150501002",
        "Municipio_": "05",
        "Prrquia_ID": "01",
        "id": "votacion_127"
      }
    },
    {
      "type": "Feature",
      "geometry": {
        "type": "Point",
        "crs": {
          "type": "name",
          "properties": {
            "name": "EPSG:4326"
          }
        },
        "coordinates": [
          -63.9688,
          11.08509
        ]
      },
      "properties": {
        "Zona": "01",
        "MESAS": 4,
        "CENTRO": "ESCUELA BASICA ESTADAL ANTONIA MATILDE MATA",
        "ESTADO": "EDO. NVA. ESPARTA",
        "ALTITUD": 22.8,
        "LATITUD": 11.08509,
        "LONGITUD": -63.9688,
        "Cod_Agrup": "1501",
        "DIRECCION": "SECTOR: GUIRIGUIRE. FRENTE CALLE LOS MARTIRES. IZQUIERDA AVENIDA LEANDRO. REFERENCIA AL FINAL DE LA AVENIDA LEANDRO",
        "ELECTORES": 2216,
        "Estado_ID": "15",
        "MUNICIPIO": "MP. MARCANO",
        "PARROQUIA": "CM. JUAN GRIEGO",
        "COD_CENTRO": "150501001",
        "Municipio_": "05",
        "Prrquia_ID": "01",
        "id": "votacion_128"
      }
    },
    {
      "type": "Feature",
      "geometry": {
        "type": "Point",
        "crs": {
          "type": "name",
          "properties": {
            "name": "EPSG:4326"
          }
        },
        "coordinates": [
          -63.95378,
          11.0619
        ]
      },
      "properties": {
        "Zona": "01",
        "MESAS": 2,
        "CENTRO": "CENTRO DE EDUCACION INICIAL LOS MILLANES",
        "ESTADO": "EDO. NVA. ESPARTA",
        "ALTITUD": 80.5,
        "LATITUD": 11.0619,
        "LONGITUD": -63.95378,
        "Cod_Agrup": "1501",
        "DIRECCION": "SECTOR LOS MILLANES FRENTE CALLE PRESENTE MARCANO AL LADO DEL ESTADIO DE LOS MILLANES EDIFICIO",
        "ELECTORES": 985,
        "Estado_ID": "15",
        "MUNICIPIO": "MP. MARCANO",
        "PARROQUIA": "PQ. ADRIAN",
        "COD_CENTRO": "150502007",
        "Municipio_": "05",
        "Prrquia_ID": "02",
        "id": "votacion_129"
      }
    },
    {
      "type": "Feature",
      "geometry": {
        "type": "Point",
        "crs": {
          "type": "name",
          "properties": {
            "name": "EPSG:4326"
          }
        },
        "coordinates": [
          -63.86158,
          10.95747
        ]
      },
      "properties": {
        "Zona": "02",
        "MESAS": 4,
        "CENTRO": "CENTRO DE EDUCACIÓN INICIAL SIMONCITO VIRGEN DEL VALLE",
        "ESTADO": "EDO. NVA. ESPARTA",
        "ALTITUD": 55.6,
        "LATITUD": 10.95747,
        "LONGITUD": -63.86158,
        "Cod_Agrup": "1502",
        "DIRECCION": "SECTOR: LA CHACALERA. FRENTE CALLE MARCANO. REFERENCIA FRENTE AL CEMENTERIO",
        "ELECTORES": 2122,
        "Estado_ID": "15",
        "MUNICIPIO": "MP. MARIÑO",
        "PARROQUIA": "CM. PORLAMAR",
        "COD_CENTRO": "150601003",
        "Municipio_": "06",
        "Prrquia_ID": "01",
        "id": "votacion_130"
      }
    },
    {
      "type": "Feature",
      "geometry": {
        "type": "Point",
        "crs": {
          "type": "name",
          "properties": {
            "name": "EPSG:4326"
          }
        },
        "coordinates": [
          -63.84555000000001,
          10.96941
        ]
      },
      "properties": {
        "Zona": "02",
        "MESAS": 1,
        "CENTRO": "UNIDAD EDUCATIVA DON ROMULO GALLEGOS",
        "ESTADO": "EDO. NVA. ESPARTA",
        "ALTITUD": 36.3,
        "LATITUD": 10.96941,
        "LONGITUD": -63.84555,
        "Cod_Agrup": "1502",
        "DIRECCION": "SECTOR: LLANO ADENTRO. FRENTE CALLE AMADOR HERNANDEZ. REFERENCIA AL LADO DE BANCARACAS",
        "ELECTORES": 469,
        "Estado_ID": "15",
        "MUNICIPIO": "MP. MARIÑO",
        "PARROQUIA": "CM. PORLAMAR",
        "COD_CENTRO": "150601033",
        "Municipio_": "06",
        "Prrquia_ID": "01",
        "id": "votacion_131"
      }
    },
    {
      "type": "Feature",
      "geometry": {
        "type": "Point",
        "crs": {
          "type": "name",
          "properties": {
            "name": "EPSG:4326"
          }
        },
        "coordinates": [
          -63.85549,
          10.96175
        ]
      },
      "properties": {
        "Zona": "02",
        "MESAS": 2,
        "CENTRO": "UNIDAD EDUCATIVA INSTITUTO EDUCATIVO NUEVA ESPARTA",
        "ESTADO": "EDO. NVA. ESPARTA",
        "ALTITUD": 32.8,
        "LATITUD": 10.96175,
        "LONGITUD": -63.85549,
        "Cod_Agrup": "1502",
        "DIRECCION": "SECTOR: EL POBLADO. FRENTE AVENIDA MIRANDA. IZQUIERDA CALLE LAS FLORES. REFERENCIA FRENTE A LA PLAZA DEL PERIODISTA",
        "ELECTORES": 615,
        "Estado_ID": "15",
        "MUNICIPIO": "MP. MARIÑO",
        "PARROQUIA": "CM. PORLAMAR",
        "COD_CENTRO": "150601038",
        "Municipio_": "06",
        "Prrquia_ID": "01",
        "id": "votacion_132"
      }
    },
    {
      "type": "Feature",
      "geometry": {
        "type": "Point",
        "crs": {
          "type": "name",
          "properties": {
            "name": "EPSG:4326"
          }
        },
        "coordinates": [
          -64.37855,
          11.00877
        ]
      },
      "properties": {
        "Zona": "01",
        "MESAS": 5,
        "CENTRO": "ESCUELA BASICA DOCTOR FRANCISCO ANTONIO GARCIA",
        "ESTADO": "EDO. NVA. ESPARTA",
        "ALTITUD": 36.1,
        "LATITUD": 11.00877,
        "LONGITUD": -64.37855,
        "Cod_Agrup": "1501",
        "DIRECCION": "SECTOR RAUL LEONI DERECHA CALLE SUCRE. IZQUIERDA CALLE LUISA CACERES DE ARISMENDI. FRENTE CALLE NARVAEZ A 100 METROS DEL CUERPO DE BOMBEROS EDIFICIO",
        "ELECTORES": 2661,
        "Estado_ID": "15",
        "MUNICIPIO": "MP.PENIN. DE MACANAO",
        "PARROQUIA": "PQ. SAN FRANCISCO",
        "COD_CENTRO": "150702001",
        "Municipio_": "07",
        "Prrquia_ID": "02",
        "id": "votacion_133"
      }
    },
    {
      "type": "Feature",
      "geometry": {
        "type": "Point",
        "crs": {
          "type": "name",
          "properties": {
            "name": "EPSG:4326"
          }
        },
        "coordinates": [
          -64.37748000000002,
          11.0109
        ]
      },
      "properties": {
        "Zona": "01",
        "MESAS": 2,
        "CENTRO": "CENTRO DE EDUCACION INICIAL ANA MARIA CAMPOS",
        "ESTADO": "EDO. NVA. ESPARTA",
        "ALTITUD": 24.1,
        "LATITUD": 11.0109,
        "LONGITUD": -64.37748,
        "Cod_Agrup": "1501",
        "DIRECCION": "SECTOR: EL ROSAL. FRENTE CARRETERA NACIONAL VIA A ROBLEDAL. REFERENCIA AL LADO DE LA CANCHA EL ROSAL",
        "ELECTORES": 1152,
        "Estado_ID": "15",
        "MUNICIPIO": "MP.PENIN. DE MACANAO",
        "PARROQUIA": "PQ. SAN FRANCISCO",
        "COD_CENTRO": "150702003",
        "Municipio_": "07",
        "Prrquia_ID": "02",
        "id": "votacion_134"
      }
    },
    {
      "type": "Feature",
      "geometry": {
        "type": "Point",
        "crs": {
          "type": "name",
          "properties": {
            "name": "EPSG:4326"
          }
        },
        "coordinates": [
          -64.11764,
          10.94254
        ]
      },
      "properties": {
        "Zona": "01",
        "MESAS": 1,
        "CENTRO": "ESCUELA BASICA ESTADAL JOSE PRESENTACION ESPINOZA REYES",
        "ESTADO": "EDO. NVA. ESPARTA",
        "ALTITUD": 16.9,
        "LATITUD": 10.94254,
        "LONGITUD": -64.11764,
        "Cod_Agrup": "1501",
        "DIRECCION": "SECTOR: MATA REDONDA. FRENTE CALLE PRINCIPAL. REFERENCIA FRENTE AL CENTRO DE EDUCACION INICIAL",
        "ELECTORES": 553,
        "Estado_ID": "15",
        "MUNICIPIO": "MP. TUBORES",
        "PARROQUIA": "CM. PUNTA DE PIEDRAS",
        "COD_CENTRO": "150901010",
        "Municipio_": "09",
        "Prrquia_ID": "01",
        "id": "votacion_135"
      }
    },
    {
      "type": "Feature",
      "geometry": {
        "type": "Point",
        "crs": {
          "type": "name",
          "properties": {
            "name": "EPSG:4326"
          }
        },
        "coordinates": [
          -64.07142,
          10.90083
        ]
      },
      "properties": {
        "Zona": "01",
        "MESAS": 3,
        "CENTRO": "UNIDAD EDUCATIVA ESTADAL BACHILLER CRUZ JOSE MARVAL",
        "ESTADO": "EDO. NVA. ESPARTA",
        "ALTITUD": 14.8,
        "LATITUD": 10.90083,
        "LONGITUD": -64.07142,
        "Cod_Agrup": "1501",
        "DIRECCION": "SECTOR LAS CASITAS FRENTE CALLE PRINCIPAL FRENTE AL ABASTO ANGEL MAGICO EDIFICIO",
        "ELECTORES": 1340,
        "Estado_ID": "15",
        "MUNICIPIO": "MP. TUBORES",
        "PARROQUIA": "PQ. LOS BARALES",
        "COD_CENTRO": "150902001",
        "Municipio_": "09",
        "Prrquia_ID": "02",
        "id": "votacion_136"
      }
    },
    {
      "type": "Feature",
      "geometry": {
        "type": "Point",
        "crs": {
          "type": "name",
          "properties": {
            "name": "EPSG:4326"
          }
        },
        "coordinates": [
          -63.97057999999999,
          11.08657
        ]
      },
      "properties": {
        "Zona": "01",
        "MESAS": 1,
        "CENTRO": "CENTRO DE EDUCACION INICIAL BAHIA DEL SOL",
        "ESTADO": "EDO. NVA. ESPARTA",
        "ALTITUD": 5.3,
        "LATITUD": 11.08657,
        "LONGITUD": -63.97058,
        "Cod_Agrup": "1501",
        "DIRECCION": "SECTOR GUIRIGUIRE DERECHA CALLE LA MARINA. FRENTE CALLE LA BOMBA AL LADO DEL MULTIHOGAR MAMA CHOCO",
        "ELECTORES": 464,
        "Estado_ID": "15",
        "MUNICIPIO": "MP. MARCANO",
        "PARROQUIA": "CM. JUAN GRIEGO",
        "COD_CENTRO": "150501011",
        "Municipio_": "05",
        "Prrquia_ID": "01",
        "id": "votacion_137"
      }
    },
    {
      "type": "Feature",
      "geometry": {
        "type": "Point",
        "crs": {
          "type": "name",
          "properties": {
            "name": "EPSG:4326"
          }
        },
        "coordinates": [
          -63.85972000000001,
          10.95988
        ]
      },
      "properties": {
        "Zona": "02",
        "MESAS": 6,
        "CENTRO": "UNIDAD EDUCATIVA ANTONIO MARIA MARTÍNEZ",
        "ESTADO": "EDO. NVA. ESPARTA",
        "ALTITUD": 35,
        "LATITUD": 10.95988,
        "LONGITUD": -63.85972,
        "Cod_Agrup": "1502",
        "DIRECCION": "SECTOR: CONEJERO. FRENTE CALLE FUENTE. IZQUIERDA AVENIDA FRANCISCO FAJARDO. DERECHA CALLE CUYUNI. REFERENCIA AL FRENTE DE MAXXIS CAUCHO",
        "ELECTORES": 3248,
        "Estado_ID": "15",
        "MUNICIPIO": "MP. MARIÑO",
        "PARROQUIA": "CM. PORLAMAR",
        "COD_CENTRO": "150601001",
        "Municipio_": "06",
        "Prrquia_ID": "01",
        "id": "votacion_138"
      }
    },
    {
      "type": "Feature",
      "geometry": {
        "type": "Point",
        "crs": {
          "type": "name",
          "properties": {
            "name": "EPSG:4326"
          }
        },
        "coordinates": [
          -63.83070000000001,
          10.9731
        ]
      },
      "properties": {
        "Zona": "02",
        "MESAS": 6,
        "CENTRO": "UNIDAD EDUCATIVA INSTITUTO EDUCATIVO ARCOIRIS",
        "ESTADO": "EDO. NVA. ESPARTA",
        "ALTITUD": 86.4,
        "LATITUD": 10.9731,
        "LONGITUD": -63.8307,
        "Cod_Agrup": "1502",
        "DIRECCION": "URBANIZACIÓN: SABANAMAR. FRENTE CALLE JESUS MARIA LOZADA. DERECHA AVENIDA FRANCISCO ESTEBAN GOMEZ. REFERENCIA AL FRENTE DEL SEMAFORO",
        "ELECTORES": 3333,
        "Estado_ID": "15",
        "MUNICIPIO": "MP. MARIÑO",
        "PARROQUIA": "CM. PORLAMAR",
        "COD_CENTRO": "150601009",
        "Municipio_": "06",
        "Prrquia_ID": "01",
        "id": "votacion_139"
      }
    },
    {
      "type": "Feature",
      "geometry": {
        "type": "Point",
        "crs": {
          "type": "name",
          "properties": {
            "name": "EPSG:4326"
          }
        },
        "coordinates": [
          -63.853570000000005,
          10.95483
        ]
      },
      "properties": {
        "Zona": "02",
        "MESAS": 6,
        "CENTRO": "ESCUELA BASICA ESTADO ZULIA",
        "ESTADO": "EDO. NVA. ESPARTA",
        "ALTITUD": 27,
        "LATITUD": 10.95483,
        "LONGITUD": -63.85357,
        "Cod_Agrup": "1502",
        "DIRECCION": "SECTOR PORLAMAR DERECHA CALLE LIBERTAD. IZQUIERDA CALLE MARTINEZ. FRENTE CALLE VELASQUEZ DIAGONAL COMERCIAL 88 EDIFICIO",
        "ELECTORES": 3065,
        "Estado_ID": "15",
        "MUNICIPIO": "MP. MARIÑO",
        "PARROQUIA": "CM. PORLAMAR",
        "COD_CENTRO": "150601026",
        "Municipio_": "06",
        "Prrquia_ID": "01",
        "id": "votacion_140"
      }
    },
    {
      "type": "Feature",
      "geometry": {
        "type": "Point",
        "crs": {
          "type": "name",
          "properties": {
            "name": "EPSG:4326"
          }
        },
        "coordinates": [
          -63.86956,
          10.94849
        ]
      },
      "properties": {
        "Zona": "02",
        "MESAS": 2,
        "CENTRO": "CENTRO DE EDUCACION INICIAL MAESTRA BELEN SAN JUAN",
        "ESTADO": "EDO. NVA. ESPARTA",
        "ALTITUD": 27.8,
        "LATITUD": 10.94849,
        "LONGITUD": -63.86956,
        "Cod_Agrup": "1502",
        "DIRECCION": "URBANIZACIÓN: CERRO COLORADO. FRENTE CALLE NUMERO 1. REFERENCIA FRENTE A LA MANZANA F, LOS COCOS",
        "ELECTORES": 617,
        "Estado_ID": "15",
        "MUNICIPIO": "MP. MARIÑO",
        "PARROQUIA": "CM. PORLAMAR",
        "COD_CENTRO": "150601039",
        "Municipio_": "06",
        "Prrquia_ID": "01",
        "id": "votacion_141"
      }
    },
    {
      "type": "Feature",
      "geometry": {
        "type": "Point",
        "crs": {
          "type": "name",
          "properties": {
            "name": "EPSG:4326"
          }
        },
        "coordinates": [
          -63.831939999999996,
          10.97561
        ]
      },
      "properties": {
        "Zona": "02",
        "MESAS": 2,
        "CENTRO": "UNIDAD EDUCATIVA EDUCACIONAL PORLAMAR",
        "ESTADO": "EDO. NVA. ESPARTA",
        "ALTITUD": 24.3,
        "LATITUD": 10.97561,
        "LONGITUD": -63.83194,
        "Cod_Agrup": "1502",
        "DIRECCION": "URBANIZACIÓN: LA ARBOLEDA. FRENTE CALLE PRINCIPAL. REFERENCIA CERCA DE LA IGLESIA NUESTRA SENORA DE FATIMA",
        "ELECTORES": 885,
        "Estado_ID": "15",
        "MUNICIPIO": "MP. MARIÑO",
        "PARROQUIA": "CM. PORLAMAR",
        "COD_CENTRO": "150601034",
        "Municipio_": "06",
        "Prrquia_ID": "01",
        "id": "votacion_142"
      }
    },
    {
      "type": "Feature",
      "geometry": {
        "type": "Point",
        "crs": {
          "type": "name",
          "properties": {
            "name": "EPSG:4326"
          }
        },
        "coordinates": [
          -64.29686,
          11.06865
        ]
      },
      "properties": {
        "Zona": "01",
        "MESAS": 1,
        "CENTRO": "CASA COMUNAL PESCADOR EL TUNAL",
        "ESTADO": "EDO. NVA. ESPARTA",
        "ALTITUD": 12.5,
        "LATITUD": 11.06865,
        "LONGITUD": -64.29686,
        "Cod_Agrup": "1501",
        "DIRECCION": "CASERÍO EL TUNAL FRENTE CALLE PRINCIPAL EL TUNAL AL FRENTE DEL TANQUE",
        "ELECTORES": 121,
        "Estado_ID": "15",
        "MUNICIPIO": "MP.PENIN. DE MACANAO",
        "PARROQUIA": "PQ. SAN FRANCISCO",
        "COD_CENTRO": "150702010",
        "Municipio_": "07",
        "Prrquia_ID": "02",
        "id": "votacion_143"
      }
    },
    {
      "type": "Feature",
      "geometry": {
        "type": "Point",
        "crs": {
          "type": "name",
          "properties": {
            "name": "EPSG:4326"
          }
        },
        "coordinates": [
          -64.29285,
          10.946550000000002
        ]
      },
      "properties": {
        "Zona": "01",
        "MESAS": 1,
        "CENTRO": "INFOCENTRO EL HORCON",
        "ESTADO": "EDO. NVA. ESPARTA",
        "ALTITUD": 1.1,
        "LATITUD": 10.94655,
        "LONGITUD": -64.29285,
        "Cod_Agrup": "1501",
        "DIRECCION": "SECTOR EL HORCON DERECHA CALLE PRINCIPAL. IZQUIERDA CALLE EL CARDONAL. FRENTE CALLE EL CARDONAL AL FRENTE DE LA ESCUELA",
        "ELECTORES": 123,
        "Estado_ID": "15",
        "MUNICIPIO": "MP.PENIN. DE MACANAO",
        "PARROQUIA": "PQ. SAN FRANCISCO",
        "COD_CENTRO": "150702011",
        "Municipio_": "07",
        "Prrquia_ID": "02",
        "id": "votacion_144"
      }
    },
    {
      "type": "Feature",
      "geometry": {
        "type": "Point",
        "crs": {
          "type": "name",
          "properties": {
            "name": "EPSG:4326"
          }
        },
        "coordinates": [
          -63.93305336998934,
          10.714811555573378
        ]
      },
      "properties": {
        "Zona": "01",
        "MESAS": 2,
        "CENTRO": "UNIDAD EDUCATIVA ESTADAL MERITA MARÍN",
        "ESTADO": "EDO. NVA. ESPARTA",
        "ALTITUD": 31.9,
        "LATITUD": 10.74191,
        "LONGITUD": -63.90043,
        "Cod_Agrup": "1501",
        "DIRECCION": "CASERÍO EL GUAMACHE IZQUIERDA CALLE CORAZON DE JESUS. FRENTE CALLE PRINCIPAL A 20 METROS DEL AMBULATORIO EDIFICIO",
        "ELECTORES": 1072,
        "Estado_ID": "15",
        "MUNICIPIO": "MP.VILLALBA(I.COCHE)",
        "PARROQUIA": "PQ. VICENTE FUENTES",
        "COD_CENTRO": "150802003",
        "Municipio_": "08",
        "Prrquia_ID": "02",
        "id": "votacion_145"
      }
    },
    {
      "type": "Feature",
      "geometry": {
        "type": "Point",
        "crs": {
          "type": "name",
          "properties": {
            "name": "EPSG:4326"
          }
        },
        "coordinates": [
          -64.09327,
          10.89918
        ]
      },
      "properties": {
        "Zona": "01",
        "MESAS": 1,
        "CENTRO": "UNIDAD EDUCATIVA COLEGIO SAN SIMÓN APÓSTOL (ADULTO)",
        "ESTADO": "EDO. NVA. ESPARTA",
        "ALTITUD": -1.1,
        "LATITUD": 10.89918,
        "LONGITUD": -64.09327,
        "Cod_Agrup": "1501",
        "DIRECCION": "SECTOR PUNTA DE PIEDRAS FRENTE CALLE COLON A 100 METROS DEL TERMINAL DE FERRYS EDIFICIO",
        "ELECTORES": 558,
        "Estado_ID": "15",
        "MUNICIPIO": "MP. TUBORES",
        "PARROQUIA": "CM. PUNTA DE PIEDRAS",
        "COD_CENTRO": "150901013",
        "Municipio_": "09",
        "Prrquia_ID": "01",
        "id": "votacion_146"
      }
    },
    {
      "type": "Feature",
      "geometry": {
        "type": "Point",
        "crs": {
          "type": "name",
          "properties": {
            "name": "EPSG:4326"
          }
        },
        "coordinates": [
          -64.02323,
          10.95222
        ]
      },
      "properties": {
        "Zona": "01",
        "MESAS": 1,
        "CENTRO": "CASA COMUNAL EL HATICO",
        "ESTADO": "EDO. NVA. ESPARTA",
        "ALTITUD": 37.2,
        "LATITUD": 10.95222,
        "LONGITUD": -64.02323,
        "Cod_Agrup": "1501",
        "DIRECCION": "SECTOR EL HATICO FRENTE CALLE PRINCIPAL LAS GILES A 500 METROS DE LA ESCUELA",
        "ELECTORES": 210,
        "Estado_ID": "15",
        "MUNICIPIO": "MP. TUBORES",
        "PARROQUIA": "PQ. LOS BARALES",
        "COD_CENTRO": "150902007",
        "Municipio_": "09",
        "Prrquia_ID": "02",
        "id": "votacion_147"
      }
    },
    {
      "type": "Feature",
      "geometry": {
        "type": "Point",
        "crs": {
          "type": "name",
          "properties": {
            "name": "EPSG:4326"
          }
        },
        "coordinates": [
          -63.884009999999996,
          11.15356
        ]
      },
      "properties": {
        "Zona": "01",
        "MESAS": 4,
        "CENTRO": "UNIDAD EDUCATIVA DOCTOR CAYETANO GARCIA SALAZAR",
        "ESTADO": "EDO. NVA. ESPARTA",
        "ALTITUD": 38.1,
        "LATITUD": 11.15356,
        "LONGITUD": -63.88401,
        "Cod_Agrup": "1501",
        "DIRECCION": "SECTOR: MANZANILLO. FRENTE CALLE EL GRUPO. IZQUIERDA CALLE SAN ANTONIO. DERECHA CALLE NUEVA. REFERENCIA FRENTE AL AMBULATORIO, MANZANILLO",
        "ELECTORES": 2230,
        "Estado_ID": "15",
        "MUNICIPIO": "MP.ANTOLIN DEL CAMPO",
        "PARROQUIA": "CM.LA PLAZA DE PARAGUACHI",
        "COD_CENTRO": "151001004",
        "Municipio_": "10",
        "Prrquia_ID": "01",
        "id": "votacion_148"
      }
    },
    {
      "type": "Feature",
      "geometry": {
        "type": "Point",
        "crs": {
          "type": "name",
          "properties": {
            "name": "EPSG:4326"
          }
        },
        "coordinates": [
          -63.96818,
          11.05171
        ]
      },
      "properties": {
        "Zona": "01",
        "MESAS": 3,
        "CENTRO": "UNIDAD EDUCATIVA ESTADAL JUANA MENDEZ PENOTH",
        "ESTADO": "EDO. NVA. ESPARTA",
        "ALTITUD": 45.9,
        "LATITUD": 11.05171,
        "LONGITUD": -63.96818,
        "Cod_Agrup": "1501",
        "DIRECCION": "SECTOR: LAS CABRERAS. FRENTE CALLE PRINCIPAL. IZQUIERDA CALLE EL CEMENTERIO. REFERENCIA AL LADO DEL AMBULATORIO",
        "ELECTORES": 1642,
        "Estado_ID": "15",
        "MUNICIPIO": "MP. MARCANO",
        "PARROQUIA": "PQ. ADRIAN",
        "COD_CENTRO": "150502003",
        "Municipio_": "05",
        "Prrquia_ID": "02",
        "id": "votacion_149"
      }
    },
    {
      "type": "Feature",
      "geometry": {
        "type": "Point",
        "crs": {
          "type": "name",
          "properties": {
            "name": "EPSG:4326"
          }
        },
        "coordinates": [
          -63.85372,
          10.956200000000003
        ]
      },
      "properties": {
        "Zona": "02",
        "MESAS": 4,
        "CENTRO": "UNIDAD EDUCATIVA INSTITUTO EDUCACIONAL SIMON BOLIVAR",
        "ESTADO": "EDO. NVA. ESPARTA",
        "ALTITUD": 36.3,
        "LATITUD": 10.9562,
        "LONGITUD": -63.85372,
        "Cod_Agrup": "1502",
        "DIRECCION": "FRENTE CALLE LIBERTAD. IZQUIERDA CALLE IGUALDAD. DERECHA CALLE VELASQUEZ. REFERENCIA CERCA DE LA UNIDAD EDUCATIVA SAN JOSE",
        "ELECTORES": 2315,
        "Estado_ID": "15",
        "MUNICIPIO": "MP. MARIÑO",
        "PARROQUIA": "CM. PORLAMAR",
        "COD_CENTRO": "150601007",
        "Municipio_": "06",
        "Prrquia_ID": "01",
        "id": "votacion_150"
      }
    },
    {
      "type": "Feature",
      "geometry": {
        "type": "Point",
        "crs": {
          "type": "name",
          "properties": {
            "name": "EPSG:4326"
          }
        },
        "coordinates": [
          -63.85089000000001,
          10.96023
        ]
      },
      "properties": {
        "Zona": "02",
        "MESAS": 5,
        "CENTRO": "UNIDAD EDUCATIVA NACIONAL BOLIVARIANA MANEIRO",
        "ESTADO": "EDO. NVA. ESPARTA",
        "ALTITUD": 63.6,
        "LATITUD": 10.96023,
        "LONGITUD": -63.85089,
        "Cod_Agrup": "1502",
        "DIRECCION": "FRENTE CALLE GUEVARA. DERECHA CALLE EL COLEGIO. REFERENCIA DIAGONAL AL COLEGIO DE LAS MONJAS",
        "ELECTORES": 2431,
        "Estado_ID": "15",
        "MUNICIPIO": "MP. MARIÑO",
        "PARROQUIA": "CM. PORLAMAR",
        "COD_CENTRO": "150601014",
        "Municipio_": "06",
        "Prrquia_ID": "01",
        "id": "votacion_151"
      }
    },
    {
      "type": "Feature",
      "geometry": {
        "type": "Point",
        "crs": {
          "type": "name",
          "properties": {
            "name": "EPSG:4326"
          }
        },
        "coordinates": [
          -63.86622,
          10.94573
        ]
      },
      "properties": {
        "Zona": "02",
        "MESAS": 3,
        "CENTRO": "INCE MAR",
        "ESTADO": "EDO. NVA. ESPARTA",
        "ALTITUD": 11.3,
        "LATITUD": 10.94573,
        "LONGITUD": -63.86622,
        "Cod_Agrup": "1502",
        "DIRECCION": "SECTOR LOS COCOS FRENTE AVENIDA INCEMAR. IZQUIERDA CALLE PRINCIPAL. DERECHA CALLEJÓN RAUL LEONI UNIDAD EDUCATIVA RAFAEL FUCHO SUAREZ EDIFICIO",
        "ELECTORES": 1449,
        "Estado_ID": "15",
        "MUNICIPIO": "MP. MARIÑO",
        "PARROQUIA": "CM. PORLAMAR",
        "COD_CENTRO": "150601028",
        "Municipio_": "06",
        "Prrquia_ID": "01",
        "id": "votacion_152"
      }
    },
    {
      "type": "Feature",
      "geometry": {
        "type": "Point",
        "crs": {
          "type": "name",
          "properties": {
            "name": "EPSG:4326"
          }
        },
        "coordinates": [
          -63.85797,
          10.95914
        ]
      },
      "properties": {
        "Zona": "02",
        "MESAS": 2,
        "CENTRO": "CENTRO DE EDUCACION INICIAL SIMONCITO ANDRES BELLO",
        "ESTADO": "EDO. NVA. ESPARTA",
        "ALTITUD": 29.7,
        "LATITUD": 10.95914,
        "LONGITUD": -63.85797,
        "Cod_Agrup": "1502",
        "DIRECCION": "SECTOR: CONEJEROS. FRENTE CALLE PAEZ. IZQUIERDA CALLEJÓN SIN NOMBRE. REFERENCIA DETRAS DEL LICEO BOLIVARIANO NUEVA ESPARTA",
        "ELECTORES": 674,
        "Estado_ID": "15",
        "MUNICIPIO": "MP. MARIÑO",
        "PARROQUIA": "CM. PORLAMAR",
        "COD_CENTRO": "150601036",
        "Municipio_": "06",
        "Prrquia_ID": "01",
        "id": "votacion_153"
      }
    },
    {
      "type": "Feature",
      "geometry": {
        "type": "Point",
        "crs": {
          "type": "name",
          "properties": {
            "name": "EPSG:4326"
          }
        },
        "coordinates": [
          -64.36663,
          10.97937
        ]
      },
      "properties": {
        "Zona": "01",
        "MESAS": 1,
        "CENTRO": "INFOCENTRO LA LAGUNA",
        "ESTADO": "EDO. NVA. ESPARTA",
        "ALTITUD": -16.6,
        "LATITUD": 10.97937,
        "LONGITUD": -64.36663,
        "Cod_Agrup": "1501",
        "DIRECCION": "SECTOR LA LAGUNA FRENTE BULEVAR PRINCIPAL AL LADO DE LA IGLESIA",
        "ELECTORES": 119,
        "Estado_ID": "15",
        "MUNICIPIO": "MP.PENIN. DE MACANAO",
        "PARROQUIA": "PQ. SAN FRANCISCO",
        "COD_CENTRO": "150702012",
        "Municipio_": "07",
        "Prrquia_ID": "02",
        "id": "votacion_154"
      }
    },
    {
      "type": "Feature",
      "geometry": {
        "type": "Point",
        "crs": {
          "type": "name",
          "properties": {
            "name": "EPSG:4326"
          }
        },
        "coordinates": [
          -64.39923,
          10.97442
        ]
      },
      "properties": {
        "Zona": "01",
        "MESAS": 1,
        "CENTRO": "UNIDAD EDUCATIVA CONCENTRADA PUNTA ARENAS",
        "ESTADO": "EDO. NVA. ESPARTA",
        "ALTITUD": 31.1,
        "LATITUD": 10.97442,
        "LONGITUD": -64.39923,
        "Cod_Agrup": "1501",
        "DIRECCION": "SECTOR PUNTA ARENAS IZQUIERDA CALLE ENTRADA PRINCIPAL PLAYA PUNTA ARENAS. FRENTE CALLE PRINCIPAL FRENTE A LA PLAYA EDIFICIO",
        "ELECTORES": 135,
        "Estado_ID": "15",
        "MUNICIPIO": "MP.PENIN. DE MACANAO",
        "PARROQUIA": "PQ. SAN FRANCISCO",
        "COD_CENTRO": "150702007",
        "Municipio_": "07",
        "Prrquia_ID": "02",
        "id": "votacion_155"
      }
    },
    {
      "type": "Feature",
      "geometry": {
        "type": "Point",
        "crs": {
          "type": "name",
          "properties": {
            "name": "EPSG:4326"
          }
        },
        "coordinates": [
          -63.96100183386925,
          10.734856437995656
        ]
      },
      "properties": {
        "Zona": "01",
        "MESAS": 2,
        "CENTRO": "UNIDAD EDUCATIVA ESTADAL FELIPA NERI DE NARVÁEZ",
        "ESTADO": "EDO. NVA. ESPARTA",
        "ALTITUD": 18.5,
        "LATITUD": 10.7709,
        "LONGITUD": -63.95574,
        "Cod_Agrup": "1501",
        "DIRECCION": "SECTOR LOS CERRITOS FRENTE CALLE PRINCIPAL DIAGONAL AL CENTRO CULTURAL EL BICHAR EDIFICIO",
        "ELECTORES": 1090,
        "Estado_ID": "15",
        "MUNICIPIO": "MP.VILLALBA(I.COCHE)",
        "PARROQUIA": "PQ. VICENTE FUENTES",
        "COD_CENTRO": "150802002",
        "Municipio_": "08",
        "Prrquia_ID": "02",
        "id": "votacion_156"
      }
    },
    {
      "type": "Feature",
      "geometry": {
        "type": "Point",
        "crs": {
          "type": "name",
          "properties": {
            "name": "EPSG:4326"
          }
        },
        "coordinates": [
          -64.06324,
          10.89405
        ]
      },
      "properties": {
        "Zona": "01",
        "MESAS": 4,
        "CENTRO": "UNIDAD EDUCATIVA JOSÉ VICENTE MARCANO",
        "ESTADO": "EDO. NVA. ESPARTA",
        "ALTITUD": 26.7,
        "LATITUD": 10.89405,
        "LONGITUD": -64.06324,
        "Cod_Agrup": "1501",
        "DIRECCION": "SECTOR EL ROSARIO DEL GUAMACHE DERECHA CALLE PRINCIPAL. FRENTE CALLE EL ROSARIO FRENTE A LA IGLESIA EL ROSARIO DEL GUAMACHE EDIFICIO",
        "ELECTORES": 2294,
        "Estado_ID": "15",
        "MUNICIPIO": "MP. TUBORES",
        "PARROQUIA": "PQ. LOS BARALES",
        "COD_CENTRO": "150902002",
        "Municipio_": "09",
        "Prrquia_ID": "02",
        "id": "votacion_157"
      }
    },
    {
      "type": "Feature",
      "geometry": {
        "type": "Point",
        "crs": {
          "type": "name",
          "properties": {
            "name": "EPSG:4326"
          }
        },
        "coordinates": [
          -63.82998,
          11.07277
        ]
      },
      "properties": {
        "Zona": "01",
        "MESAS": 2,
        "CENTRO": "UNIDAD EDUCATIVA ESTADAL RURAL NUMERO 21",
        "ESTADO": "EDO. NVA. ESPARTA",
        "ALTITUD": 65.2,
        "LATITUD": 11.07277,
        "LONGITUD": -63.82998,
        "Cod_Agrup": "1501",
        "DIRECCION": "SECTOR: GUARAME. FRENTE CALLE PRINCIPAL. REFERENCIA A 30 METRO DE LA ENTRADA A LOS RANCHOS DE CHANA",
        "ELECTORES": 931,
        "Estado_ID": "15",
        "MUNICIPIO": "MP.ANTOLIN DEL CAMPO",
        "PARROQUIA": "CM.LA PLAZA DE PARAGUACHI",
        "COD_CENTRO": "151001006",
        "Municipio_": "10",
        "Prrquia_ID": "01",
        "id": "votacion_158"
      }
    },
    {
      "type": "Feature",
      "geometry": {
        "type": "Point",
        "crs": {
          "type": "name",
          "properties": {
            "name": "EPSG:4326"
          }
        },
        "coordinates": [
          -63.886160000000004,
          10.98203
        ]
      },
      "properties": {
        "Zona": "02",
        "MESAS": 3,
        "CENTRO": "UNIDAD EDUCATIVA INSTITUTO DIOCESANO EL VALLE DEL ESPÍRITU SANTO",
        "ESTADO": "EDO. NVA. ESPARTA",
        "ALTITUD": 77.6,
        "LATITUD": 10.98203,
        "LONGITUD": -63.88616,
        "Cod_Agrup": "1502",
        "DIRECCION": "SECTOR EL VALLE DEL ESPIRITU SANTO FRENTE AVENIDA FRANCISCO FAJARDO FRENTE A LA REDOMA QUE SE ENCUENTRA DIAGONAL A LA BASILICA NUESTRA SENORA DEL VALLE EDIFICIO",
        "ELECTORES": 1233,
        "Estado_ID": "15",
        "MUNICIPIO": "MP. GARCIA",
        "PARROQUIA": "CM. VALLE ESP SANTO",
        "COD_CENTRO": "151101003",
        "Municipio_": "11",
        "Prrquia_ID": "01",
        "id": "votacion_159"
      }
    },
    {
      "type": "Feature",
      "geometry": {
        "type": "Point",
        "crs": {
          "type": "name",
          "properties": {
            "name": "EPSG:4326"
          }
        },
        "coordinates": [
          -63.92505,
          10.95459
        ]
      },
      "properties": {
        "Zona": "02",
        "MESAS": 6,
        "CENTRO": "ESCUELA BÁSICA VILLA ROSA",
        "ESTADO": "EDO. NVA. ESPARTA",
        "ALTITUD": 28.8,
        "LATITUD": 10.95459,
        "LONGITUD": -63.92505,
        "Cod_Agrup": "1502",
        "DIRECCION": "URBANIZACIÓN VILLA ROSA DERECHA CALLE 24. IZQUIERDA CALLE 8. FRENTE CALLE 102 DETRAS DEL AMBULATORIO DE VILLA ROSA EDIFICIO",
        "ELECTORES": 3362,
        "Estado_ID": "15",
        "MUNICIPIO": "MP. GARCIA",
        "PARROQUIA": "PQ. FRANCISCO FAJARDO",
        "COD_CENTRO": "151102002",
        "Municipio_": "11",
        "Prrquia_ID": "02",
        "id": "votacion_160"
      }
    },
    {
      "type": "Feature",
      "geometry": {
        "type": "Point",
        "crs": {
          "type": "name",
          "properties": {
            "name": "EPSG:4326"
          }
        },
        "coordinates": [
          -63.84366000000001,
          10.96429
        ]
      },
      "properties": {
        "Zona": "02",
        "MESAS": 5,
        "CENTRO": "UNIDAD EDUCATIVA INSTITUTO VIRGEN DEL VALLE (ADULTO)",
        "ESTADO": "EDO. NVA. ESPARTA",
        "ALTITUD": 20.7,
        "LATITUD": 10.96429,
        "LONGITUD": -63.84366,
        "Cod_Agrup": "1502",
        "DIRECCION": "SECTOR: GENOVES. FRENTE CALLE LAREZ. IZQUIERDA CALLE CHARAIMA. DERECHA CALLE LAREZ. REFERENCIA DETRAS DEL BANCO BANESCO",
        "ELECTORES": 2626,
        "Estado_ID": "15",
        "MUNICIPIO": "MP. MARIÑO",
        "PARROQUIA": "CM. PORLAMAR",
        "COD_CENTRO": "150601019",
        "Municipio_": "06",
        "Prrquia_ID": "01",
        "id": "votacion_161"
      }
    },
    {
      "type": "Feature",
      "geometry": {
        "type": "Point",
        "crs": {
          "type": "name",
          "properties": {
            "name": "EPSG:4326"
          }
        },
        "coordinates": [
          -64.18104,
          10.96859
        ]
      },
      "properties": {
        "Zona": "01",
        "MESAS": 2,
        "CENTRO": "BIBLIOTECA PUBLICA DOCTOR RIGOBERTO MARIN",
        "ESTADO": "EDO. NVA. ESPARTA",
        "ALTITUD": 9.7,
        "LATITUD": 10.96859,
        "LONGITUD": -64.18104,
        "Cod_Agrup": "1501",
        "DIRECCION": "URBANIZACIÓN AUGUSTO MALAVE VILLALBA IZQUIERDA CALLE BOLIVAR. FRENTE CALLE MIRANDA DENTRO DEL CENTRO CIVICO EDIFICIO",
        "ELECTORES": 804,
        "Estado_ID": "15",
        "MUNICIPIO": "MP.PENIN. DE MACANAO",
        "PARROQUIA": "CM. BOCA DEL RIO",
        "COD_CENTRO": "150701004",
        "Municipio_": "07",
        "Prrquia_ID": "01",
        "id": "votacion_162"
      }
    },
    {
      "type": "Feature",
      "geometry": {
        "type": "Point",
        "crs": {
          "type": "name",
          "properties": {
            "name": "EPSG:4326"
          }
        },
        "coordinates": [
          -64.31554,
          10.958410000000002
        ]
      },
      "properties": {
        "Zona": "01",
        "MESAS": 2,
        "CENTRO": "UNIDAD EDUCATIVA ESTADAL FRANCISCO ROJAS GAMBOA",
        "ESTADO": "EDO. NVA. ESPARTA",
        "ALTITUD": 31.7,
        "LATITUD": 10.95841,
        "LONGITUD": -64.31554,
        "Cod_Agrup": "1501",
        "DIRECCION": "SECTOR EL MANGLILLO DERECHA CALLE EL RIO. FRENTE CALLE MANUEL PLACIDO MANEIRO AL LADO DEL AMBULATORIO EDIFICIO",
        "ELECTORES": 773,
        "Estado_ID": "15",
        "MUNICIPIO": "MP.PENIN. DE MACANAO",
        "PARROQUIA": "PQ. SAN FRANCISCO",
        "COD_CENTRO": "150702004",
        "Municipio_": "07",
        "Prrquia_ID": "02",
        "id": "votacion_163"
      }
    },
    {
      "type": "Feature",
      "geometry": {
        "type": "Point",
        "crs": {
          "type": "name",
          "properties": {
            "name": "EPSG:4326"
          }
        },
        "coordinates": [
          -64.10358,
          10.90127
        ]
      },
      "properties": {
        "Zona": "01",
        "MESAS": 2,
        "CENTRO": "ESCUELA BASICA ALBINA RODRIGUEZ DE MARCANO",
        "ESTADO": "EDO. NVA. ESPARTA",
        "ALTITUD": 37.5,
        "LATITUD": 10.90127,
        "LONGITUD": -64.10358,
        "Cod_Agrup": "1501",
        "DIRECCION": "SECTOR PUNTA DE PIEDRAS IZQUIERDA CALLE MIRANDA. FRENTE CALLE BOLIVAR AL LADO DE LA CANCHA EDIFICIO",
        "ELECTORES": 1152,
        "Estado_ID": "15",
        "MUNICIPIO": "MP. TUBORES",
        "PARROQUIA": "CM. PUNTA DE PIEDRAS",
        "COD_CENTRO": "150901004",
        "Municipio_": "09",
        "Prrquia_ID": "01",
        "id": "votacion_164"
      }
    },
    {
      "type": "Feature",
      "geometry": {
        "type": "Point",
        "crs": {
          "type": "name",
          "properties": {
            "name": "EPSG:4326"
          }
        },
        "coordinates": [
          -64.15142,
          10.96162
        ]
      },
      "properties": {
        "Zona": "01",
        "MESAS": 2,
        "CENTRO": "UNIDAD EDUCATIVA ESTADAL JUAN RAMÓN AGUILERA",
        "ESTADO": "EDO. NVA. ESPARTA",
        "ALTITUD": 22.1,
        "LATITUD": 10.96162,
        "LONGITUD": -64.15142,
        "Cod_Agrup": "1501",
        "DIRECCION": "SECTOR CHACACHACARE IZQUIERDA CALLE EL ESTADIO. FRENTE CALLE PRINCIPAL AL LADO DE LA IGLESIA EDIFICIO",
        "ELECTORES": 1093,
        "Estado_ID": "15",
        "MUNICIPIO": "MP. TUBORES",
        "PARROQUIA": "CM. PUNTA DE PIEDRAS",
        "COD_CENTRO": "150901011",
        "Municipio_": "09",
        "Prrquia_ID": "01",
        "id": "votacion_165"
      }
    },
    {
      "type": "Feature",
      "geometry": {
        "type": "Point",
        "crs": {
          "type": "name",
          "properties": {
            "name": "EPSG:4326"
          }
        },
        "coordinates": [
          -64.08733,
          10.89826
        ]
      },
      "properties": {
        "Zona": "01",
        "MESAS": 1,
        "CENTRO": "CENTRO DE EDUCACION INICIAL LOS MARINERITOS",
        "ESTADO": "EDO. NVA. ESPARTA",
        "ALTITUD": 16.6,
        "LATITUD": 10.89826,
        "LONGITUD": -64.08733,
        "Cod_Agrup": "1501",
        "DIRECCION": "URBANIZACIÓN LAS MERCEDES IZQUIERDA CALLE NUMERO 4. FRENTE CALLE NUMERO 3 AL LADO DEL MERCAL EDIFICIO",
        "ELECTORES": 434,
        "Estado_ID": "15",
        "MUNICIPIO": "MP. TUBORES",
        "PARROQUIA": "CM. PUNTA DE PIEDRAS",
        "COD_CENTRO": "150901014",
        "Municipio_": "09",
        "Prrquia_ID": "01",
        "id": "votacion_166"
      }
    },
    {
      "type": "Feature",
      "geometry": {
        "type": "Point",
        "crs": {
          "type": "name",
          "properties": {
            "name": "EPSG:4326"
          }
        },
        "coordinates": [
          -64.03395,
          10.93943
        ]
      },
      "properties": {
        "Zona": "01",
        "MESAS": 1,
        "CENTRO": "CENTRO EDUCACION INICIAL NUESTRA SEÑORA DE LAS MERCEDES",
        "ESTADO": "EDO. NVA. ESPARTA",
        "ALTITUD": 39.5,
        "LATITUD": 10.93943,
        "LONGITUD": -64.03395,
        "Cod_Agrup": "1501",
        "DIRECCION": "SECTOR: FRANCISCO MATA DIAZ, LOS GONZALOS. FRENTE CALLE LAS ACACIAS. DERECHA CALLE LOS OLIVOS. REFERENCIA CRUCE LOS GONZALOS",
        "ELECTORES": 311,
        "Estado_ID": "15",
        "MUNICIPIO": "MP. TUBORES",
        "PARROQUIA": "PQ. LOS BARALES",
        "COD_CENTRO": "150902006",
        "Municipio_": "09",
        "Prrquia_ID": "02",
        "id": "votacion_167"
      }
    },
    {
      "type": "Feature",
      "geometry": {
        "type": "Point",
        "crs": {
          "type": "name",
          "properties": {
            "name": "EPSG:4326"
          }
        },
        "coordinates": [
          -63.84816,
          11.11889
        ]
      },
      "properties": {
        "Zona": "01",
        "MESAS": 5,
        "CENTRO": "UNIDAD EDUCATIVA BOLIVARIANA DOCTOR LUIS ORTEGA",
        "ESTADO": "EDO. NVA. ESPARTA",
        "ALTITUD": 18.5,
        "LATITUD": 11.11889,
        "LONGITUD": -63.84816,
        "Cod_Agrup": "1501",
        "DIRECCION": "SECTOR: EL TIRANO. FRENTE CALLE BOLIVAR. REFERENCIA SEGUNDA ENTRADA DEL SECTOR EL TIRANO A 200 METROS DE LA ENTRADA",
        "ELECTORES": 2536,
        "Estado_ID": "15",
        "MUNICIPIO": "MP.ANTOLIN DEL CAMPO",
        "PARROQUIA": "CM.LA PLAZA DE PARAGUACHI",
        "COD_CENTRO": "151001003",
        "Municipio_": "10",
        "Prrquia_ID": "01",
        "id": "votacion_168"
      }
    },
    {
      "type": "Feature",
      "geometry": {
        "type": "Point",
        "crs": {
          "type": "name",
          "properties": {
            "name": "EPSG:4326"
          }
        },
        "coordinates": [
          -63.88886999999999,
          10.98672
        ]
      },
      "properties": {
        "Zona": "02",
        "MESAS": 6,
        "CENTRO": "UNIDAD EDUCATIVA MONSEÑOR EDUARDO VÁSQUEZ",
        "ESTADO": "EDO. NVA. ESPARTA",
        "ALTITUD": 89.7,
        "LATITUD": 10.98672,
        "LONGITUD": -63.88887,
        "Cod_Agrup": "1502",
        "DIRECCION": "SECTOR LAS PIEDRAS FRENTE CALLE MONSENOR EDUARDO VASQUEZ AL LADO DE LA BIBLIOTECA AGAPITO SALGADO EDIFICIO",
        "ELECTORES": 3356,
        "Estado_ID": "15",
        "MUNICIPIO": "MP. GARCIA",
        "PARROQUIA": "CM. VALLE ESP SANTO",
        "COD_CENTRO": "151101001",
        "Municipio_": "11",
        "Prrquia_ID": "01",
        "id": "votacion_169"
      }
    },
    {
      "type": "Feature",
      "geometry": {
        "type": "Point",
        "crs": {
          "type": "name",
          "properties": {
            "name": "EPSG:4326"
          }
        },
        "coordinates": [
          -63.8597,
          11.09761
        ]
      },
      "properties": {
        "Zona": "01",
        "MESAS": 1,
        "CENTRO": "CENTRO DE EDUCACION INICIAL PARAGUACHI",
        "ESTADO": "EDO. NVA. ESPARTA",
        "ALTITUD": 44,
        "LATITUD": 11.09761,
        "LONGITUD": -63.8597,
        "Cod_Agrup": "1501",
        "DIRECCION": "SECTOR PARAGUACHI DERECHA CALLE LA TAGUA. FRENTE CALLE LOS CAOBOS A 50 METRO DE LA CASA PARROQUIAL EDIFICIO",
        "ELECTORES": 550,
        "Estado_ID": "15",
        "MUNICIPIO": "MP.ANTOLIN DEL CAMPO",
        "PARROQUIA": "CM.LA PLAZA DE PARAGUACHI",
        "COD_CENTRO": "151001015",
        "Municipio_": "10",
        "Prrquia_ID": "01",
        "id": "votacion_170"
      }
    },
    {
      "type": "Feature",
      "geometry": {
        "type": "Point",
        "crs": {
          "type": "name",
          "properties": {
            "name": "EPSG:4326"
          }
        },
        "coordinates": [
          -63.92576,
          10.94819
        ]
      },
      "properties": {
        "Zona": "02",
        "MESAS": 1,
        "CENTRO": "CENTRO DE EDUCACION INICIAL SIMONCITO GUAIQUERI",
        "ESTADO": "EDO. NVA. ESPARTA",
        "ALTITUD": 42,
        "LATITUD": 10.94819,
        "LONGITUD": -63.92576,
        "Cod_Agrup": "1502",
        "DIRECCION": "URBANIZACIÓN: VILLA ROSA. FRENTE CALLE NUMERO 2. REFERENCIA ENTRE BLOQUE 5 Y 6",
        "ELECTORES": 508,
        "Estado_ID": "15",
        "MUNICIPIO": "MP. GARCIA",
        "PARROQUIA": "PQ. FRANCISCO FAJARDO",
        "COD_CENTRO": "151102018",
        "Municipio_": "11",
        "Prrquia_ID": "02",
        "id": "votacion_171"
      }
    },
    {
      "type": "Feature",
      "geometry": {
        "type": "Point",
        "crs": {
          "type": "name",
          "properties": {
            "name": "EPSG:4326"
          }
        },
        "coordinates": [
          -63.88125,
          10.95186
        ]
      },
      "properties": {
        "Zona": "02",
        "MESAS": 3,
        "CENTRO": "UNIDAD EDUCATIVA EL PIACHE",
        "ESTADO": "EDO. NVA. ESPARTA",
        "ALTITUD": 54,
        "LATITUD": 10.95186,
        "LONGITUD": -63.88125,
        "Cod_Agrup": "1502",
        "DIRECCION": "SECTOR: EL PIACHE. FRENTE CALLE ALI PRIMERA. DERECHA CALLE PRINCIPAL. REFERENCIA A DOS CUADRAS DE LA AGENCIA CHEVROLET",
        "ELECTORES": 1235,
        "Estado_ID": "15",
        "MUNICIPIO": "MP. MARIÑO",
        "PARROQUIA": "CM. PORLAMAR",
        "COD_CENTRO": "150601037",
        "Municipio_": "06",
        "Prrquia_ID": "01",
        "id": "votacion_172"
      }
    },
    {
      "type": "Feature",
      "geometry": {
        "type": "Point",
        "crs": {
          "type": "name",
          "properties": {
            "name": "EPSG:4326"
          }
        },
        "coordinates": [
          -64.37259,
          11.02907
        ]
      },
      "properties": {
        "Zona": "01",
        "MESAS": 3,
        "CENTRO": "ESCUELA BASICA ANTONIO JOSE DE SUCRE",
        "ESTADO": "EDO. NVA. ESPARTA",
        "ALTITUD": 0,
        "LATITUD": 11.02907,
        "LONGITUD": -64.37259,
        "Cod_Agrup": "1501",
        "DIRECCION": "SECTOR ROBLEDAL DERECHA CALLE NUESTRA SENORA DE GUADALUPE. IZQUIERDA CALLE MARCANO. FRENTE CALLE PARCELAMIENTO VIVIENDA RURAL NUESTRA SENORA DE GUADALUPE FRENTE A LA MEDICATURA EDIFICIO",
        "ELECTORES": 1679,
        "Estado_ID": "15",
        "MUNICIPIO": "MP.PENIN. DE MACANAO",
        "PARROQUIA": "PQ. SAN FRANCISCO",
        "COD_CENTRO": "150702002",
        "Municipio_": "07",
        "Prrquia_ID": "02",
        "id": "votacion_173"
      }
    },
    {
      "type": "Feature",
      "geometry": {
        "type": "Point",
        "crs": {
          "type": "name",
          "properties": {
            "name": "EPSG:4326"
          }
        },
        "coordinates": [
          -64.37571,
          11.01382
        ]
      },
      "properties": {
        "Zona": "01",
        "MESAS": 2,
        "CENTRO": "UNIDAD EDUCATIVA LICEO BOLIVARIANO BOCA DE POZO",
        "ESTADO": "EDO. NVA. ESPARTA",
        "ALTITUD": 20.6,
        "LATITUD": 11.01382,
        "LONGITUD": -64.37571,
        "Cod_Agrup": "1501",
        "DIRECCION": "SECTOR: PEDRO LUIS BRICENO. FRENTE CALLE PRINCIPAL. REFERENCIA AL LADO DEL ESTADIO LUIS SALAZAR",
        "ELECTORES": 733,
        "Estado_ID": "15",
        "MUNICIPIO": "MP.PENIN. DE MACANAO",
        "PARROQUIA": "PQ. SAN FRANCISCO",
        "COD_CENTRO": "150702006",
        "Municipio_": "07",
        "Prrquia_ID": "02",
        "id": "votacion_174"
      }
    },
    {
      "type": "Feature",
      "geometry": {
        "type": "Point",
        "crs": {
          "type": "name",
          "properties": {
            "name": "EPSG:4326"
          }
        },
        "coordinates": [
          -64.0853,
          10.90266
        ]
      },
      "properties": {
        "Zona": "01",
        "MESAS": 4,
        "CENTRO": "UNIDAD EDUCATIVA LICEO BOLIVARIANO TUBORES",
        "ESTADO": "EDO. NVA. ESPARTA",
        "ALTITUD": 14.5,
        "LATITUD": 10.90266,
        "LONGITUD": -64.0853,
        "Cod_Agrup": "1501",
        "DIRECCION": "BARRIO LAS MERCEDES DERECHA CALLE SIMON MARVAL. IZQUIERDA CALLE LA QUINTA. FRENTE CALLE PRINCIPAL LAS MERCEDES FRENTE A LA IGLESIA DEL BARRIO LAS MERCEDES, PUNTA DE PIEDRAS EDIFICIO",
        "ELECTORES": 2190,
        "Estado_ID": "15",
        "MUNICIPIO": "MP. TUBORES",
        "PARROQUIA": "CM. PUNTA DE PIEDRAS",
        "COD_CENTRO": "150901001",
        "Municipio_": "09",
        "Prrquia_ID": "01",
        "id": "votacion_175"
      }
    },
    {
      "type": "Feature",
      "geometry": {
        "type": "Point",
        "crs": {
          "type": "name",
          "properties": {
            "name": "EPSG:4326"
          }
        },
        "coordinates": [
          -64.11233,
          10.93011
        ]
      },
      "properties": {
        "Zona": "01",
        "MESAS": 2,
        "CENTRO": "UNIDAD EDUCATIVA ESTADAL DOROTEO DIAZ SALAZAR",
        "ESTADO": "EDO. NVA. ESPARTA",
        "ALTITUD": 21.4,
        "LATITUD": 10.93011,
        "LONGITUD": -64.11233,
        "Cod_Agrup": "1501",
        "DIRECCION": "SECTOR LAGUNA DE RAYA DERECHA CALLE LA CANCHA. FRENTE CALLE PRINCIPAL CERCA DEL AMBULATORIO RURAL LAGUNA DE RAYA EDIFICIO",
        "ELECTORES": 836,
        "Estado_ID": "15",
        "MUNICIPIO": "MP. TUBORES",
        "PARROQUIA": "CM. PUNTA DE PIEDRAS",
        "COD_CENTRO": "150901009",
        "Municipio_": "09",
        "Prrquia_ID": "01",
        "id": "votacion_176"
      }
    },
    {
      "type": "Feature",
      "geometry": {
        "type": "Point",
        "crs": {
          "type": "name",
          "properties": {
            "name": "EPSG:4326"
          }
        },
        "coordinates": [
          -64.04331,
          10.9212
        ]
      },
      "properties": {
        "Zona": "01",
        "MESAS": 2,
        "CENTRO": "UNIDAD EDUCATIVA ESTADAL JESÚS RAMÓN GAMBOA",
        "ESTADO": "EDO. NVA. ESPARTA",
        "ALTITUD": 53.5,
        "LATITUD": 10.9212,
        "LONGITUD": -64.04331,
        "Cod_Agrup": "1501",
        "DIRECCION": "SECTOR: LAS MARVALES. FRENTE CALLE PRINCIPAL . REFERENCIA A 200 METROS DE LA IGLESIA",
        "ELECTORES": 795,
        "Estado_ID": "15",
        "MUNICIPIO": "MP. TUBORES",
        "PARROQUIA": "PQ. LOS BARALES",
        "COD_CENTRO": "150902005",
        "Municipio_": "09",
        "Prrquia_ID": "02",
        "id": "votacion_177"
      }
    },
    {
      "type": "Feature",
      "geometry": {
        "type": "Point",
        "crs": {
          "type": "name",
          "properties": {
            "name": "EPSG:4326"
          }
        },
        "coordinates": [
          -63.86194,
          11.12429
        ]
      },
      "properties": {
        "Zona": "01",
        "MESAS": 5,
        "CENTRO": "ESCUELA BASICA DON ANDRES BELLO",
        "ESTADO": "EDO. NVA. ESPARTA",
        "ALTITUD": 41,
        "LATITUD": 11.12429,
        "LONGITUD": -63.86194,
        "Cod_Agrup": "1501",
        "DIRECCION": "SECTOR: ARICAGUA. FRENTE CALLE PRINCIPAL . REFERENCIA FRENTE ABASTO LA FE",
        "ELECTORES": 2518,
        "Estado_ID": "15",
        "MUNICIPIO": "MP.ANTOLIN DEL CAMPO",
        "PARROQUIA": "CM.LA PLAZA DE PARAGUACHI",
        "COD_CENTRO": "151001010",
        "Municipio_": "10",
        "Prrquia_ID": "01",
        "id": "votacion_178"
      }
    },
    {
      "type": "Feature",
      "geometry": {
        "type": "Point",
        "crs": {
          "type": "name",
          "properties": {
            "name": "EPSG:4326"
          }
        },
        "coordinates": [
          -63.862309999999994,
          11.09394
        ]
      },
      "properties": {
        "Zona": "01",
        "MESAS": 2,
        "CENTRO": "CENTRO DE EDUCACION INICIAL ANTOLIN DEL CAMPO",
        "ESTADO": "EDO. NVA. ESPARTA",
        "ALTITUD": 55.1,
        "LATITUD": 11.09394,
        "LONGITUD": -63.86231,
        "Cod_Agrup": "1501",
        "DIRECCION": "SECTOR: PARAGUACHI. FRENTE AVENIDA 31 DE JULIO. REFERENCIA AL LADO DE LA UNIDAD EDUCATIVA NACIONAL BOLIVARIANA ANTOLIN DEL CAMPO",
        "ELECTORES": 788,
        "Estado_ID": "15",
        "MUNICIPIO": "MP.ANTOLIN DEL CAMPO",
        "PARROQUIA": "CM.LA PLAZA DE PARAGUACHI",
        "COD_CENTRO": "151001012",
        "Municipio_": "10",
        "Prrquia_ID": "01",
        "id": "votacion_179"
      }
    },
    {
      "type": "Feature",
      "geometry": {
        "type": "Point",
        "crs": {
          "type": "name",
          "properties": {
            "name": "EPSG:4326"
          }
        },
        "coordinates": [
          -63.92620000000001,
          10.94787
        ]
      },
      "properties": {
        "Zona": "02",
        "MESAS": 4,
        "CENTRO": "ESCUELA BASICA LICEO BOLIVARIANO PRESBISTERO MANUEL MONTANER SALAZAR",
        "ESTADO": "EDO. NVA. ESPARTA",
        "ALTITUD": 52.6,
        "LATITUD": 10.94787,
        "LONGITUD": -63.9262,
        "Cod_Agrup": "1502",
        "DIRECCION": "URBANIZACIÓN: VILLA ROSA. FRENTE CALLE DOS. REFERENCIA FRENTE A LA AVENIDA JUAN BAUTISTA ARISMENDI",
        "ELECTORES": 2356,
        "Estado_ID": "15",
        "MUNICIPIO": "MP. GARCIA",
        "PARROQUIA": "PQ. FRANCISCO FAJARDO",
        "COD_CENTRO": "151102004",
        "Municipio_": "11",
        "Prrquia_ID": "02",
        "id": "votacion_180"
      }
    },
    {
      "type": "Feature",
      "geometry": {
        "type": "Point",
        "crs": {
          "type": "name",
          "properties": {
            "name": "EPSG:4326"
          }
        },
        "coordinates": [
          -63.93093,
          10.95259
        ]
      },
      "properties": {
        "Zona": "02",
        "MESAS": 4,
        "CENTRO": "CENTRO DE EDUCACIÓN INICIAL SIMONCITO LUISA CHENG DE MARÍN",
        "ESTADO": "EDO. NVA. ESPARTA",
        "ALTITUD": 31.8,
        "LATITUD": 10.95259,
        "LONGITUD": -63.93093,
        "Cod_Agrup": "1502",
        "DIRECCION": "URBANIZACIÓN: VILLA JUANA. FRENTE CALLE PRINCIPAL. REFERENCIA AL LADO DE LA CANCHA",
        "ELECTORES": 1796,
        "Estado_ID": "15",
        "MUNICIPIO": "MP. GARCIA",
        "PARROQUIA": "PQ. FRANCISCO FAJARDO",
        "COD_CENTRO": "151102012",
        "Municipio_": "11",
        "Prrquia_ID": "02",
        "id": "votacion_181"
      }
    },
    {
      "type": "Feature",
      "geometry": {
        "type": "Point",
        "crs": {
          "type": "name",
          "properties": {
            "name": "EPSG:4326"
          }
        },
        "coordinates": [
          -63.83528,
          10.96179
        ]
      },
      "properties": {
        "Zona": "02",
        "MESAS": 2,
        "CENTRO": "CENTRO DE EDUCACION INICIAL CANDIDO SÁNCHEZ",
        "ESTADO": "EDO. NVA. ESPARTA",
        "ALTITUD": 27.5,
        "LATITUD": 10.96179,
        "LONGITUD": -63.83528,
        "Cod_Agrup": "1502",
        "DIRECCION": "SECTOR: BELLA VISTA. FRENTE CALLE JESUS MARIA PATINO. DERECHA CALLE JESUS MARIA PATINO. REFERENCIA AL LADO DEL ESTADIUM DE FUTBOL DE BELLA VISTA",
        "ELECTORES": 850,
        "Estado_ID": "15",
        "MUNICIPIO": "MP. MARIÑO",
        "PARROQUIA": "CM. PORLAMAR",
        "COD_CENTRO": "150601035",
        "Municipio_": "06",
        "Prrquia_ID": "01",
        "id": "votacion_182"
      }
    },
    {
      "type": "Feature",
      "geometry": {
        "type": "Point",
        "crs": {
          "type": "name",
          "properties": {
            "name": "EPSG:4326"
          }
        },
        "coordinates": [
          -64.21551,
          10.93834
        ]
      },
      "properties": {
        "Zona": "01",
        "MESAS": 3,
        "CENTRO": "ESCUELA BASICA SIMON BOLIVAR",
        "ESTADO": "EDO. NVA. ESPARTA",
        "ALTITUD": 13.3,
        "LATITUD": 10.93834,
        "LONGITUD": -64.21551,
        "Cod_Agrup": "1501",
        "DIRECCION": "SECTOR GUAYACANCITO FRENTE CALLE LA MARINA AL FINAL DE LA CALLE PRINCIPAL EN LA SUBIDA EDIFICIO",
        "ELECTORES": 1213,
        "Estado_ID": "15",
        "MUNICIPIO": "MP.PENIN. DE MACANAO",
        "PARROQUIA": "CM. BOCA DEL RIO",
        "COD_CENTRO": "150701003",
        "Municipio_": "07",
        "Prrquia_ID": "01",
        "id": "votacion_183"
      }
    },
    {
      "type": "Feature",
      "geometry": {
        "type": "Point",
        "crs": {
          "type": "name",
          "properties": {
            "name": "EPSG:4326"
          }
        },
        "coordinates": [
          -64.29199,
          11.01986
        ]
      },
      "properties": {
        "Zona": "01",
        "MESAS": 3,
        "CENTRO": "UNIDAD EDUCATIVA ESTADAL DOCTOR JOSE MARIA VARGAS",
        "ESTADO": "EDO. NVA. ESPARTA",
        "ALTITUD": 76.6,
        "LATITUD": 11.01986,
        "LONGITUD": -64.29199,
        "Cod_Agrup": "1501",
        "DIRECCION": "SECTOR: SAN FRANCISCO. FRENTE CALLEJÓN EL ESTUDIANTE. REFERENCIA AL LADO DE LA POSADA PENICAO",
        "ELECTORES": 1351,
        "Estado_ID": "15",
        "MUNICIPIO": "MP.PENIN. DE MACANAO",
        "PARROQUIA": "PQ. SAN FRANCISCO",
        "COD_CENTRO": "150702005",
        "Municipio_": "07",
        "Prrquia_ID": "02",
        "id": "votacion_184"
      }
    },
    {
      "type": "Feature",
      "geometry": {
        "type": "Point",
        "crs": {
          "type": "name",
          "properties": {
            "name": "EPSG:4326"
          }
        },
        "coordinates": [
          -64.0818,
          10.95396
        ]
      },
      "properties": {
        "Zona": "01",
        "MESAS": 2,
        "CENTRO": "UNIDAD EDUCATIVA ESTADAL SALUSTIANO SALAZAR MARIN",
        "ESTADO": "EDO. NVA. ESPARTA",
        "ALTITUD": 5.5,
        "LATITUD": 10.95396,
        "LONGITUD": -64.0818,
        "Cod_Agrup": "1501",
        "DIRECCION": "SECTOR: LOS GOMEZ. FRENTE CALLE PRINCIPAL. REFERENCIA CERCA DE LA IGLESIA",
        "ELECTORES": 943,
        "Estado_ID": "15",
        "MUNICIPIO": "MP. TUBORES",
        "PARROQUIA": "CM. PUNTA DE PIEDRAS",
        "COD_CENTRO": "150901007",
        "Municipio_": "09",
        "Prrquia_ID": "01",
        "id": "votacion_185"
      }
    },
    {
      "type": "Feature",
      "geometry": {
        "type": "Point",
        "crs": {
          "type": "name",
          "properties": {
            "name": "EPSG:4326"
          }
        },
        "coordinates": [
          -64.15217,
          11.00451
        ]
      },
      "properties": {
        "Zona": "01",
        "MESAS": 1,
        "CENTRO": "UNIDAD EDUCATIVA ESTADAL CONCENTRADA NUMERO 53 LA RESTINGA",
        "ESTADO": "EDO. NVA. ESPARTA",
        "ALTITUD": 3.8,
        "LATITUD": 11.00451,
        "LONGITUD": -64.15217,
        "Cod_Agrup": "1501",
        "DIRECCION": "CASERÍO LA RESTIGA FRENTE CALLE PRINCIPAL AL LADO DE LA MEDICATURA EDIFICIO",
        "ELECTORES": 116,
        "Estado_ID": "15",
        "MUNICIPIO": "MP. TUBORES",
        "PARROQUIA": "CM. PUNTA DE PIEDRAS",
        "COD_CENTRO": "150901018",
        "Municipio_": "09",
        "Prrquia_ID": "01",
        "id": "votacion_186"
      }
    },
    {
      "type": "Feature",
      "geometry": {
        "type": "Point",
        "crs": {
          "type": "name",
          "properties": {
            "name": "EPSG:4326"
          }
        },
        "coordinates": [
          -63.86239,
          11.08406
        ]
      },
      "properties": {
        "Zona": "01",
        "MESAS": 3,
        "CENTRO": "UNIDAD EDUCATIVA NACIONAL CRUZ MILLAN GARCIA",
        "ESTADO": "EDO. NVA. ESPARTA",
        "ALTITUD": 71.4,
        "LATITUD": 11.08406,
        "LONGITUD": -63.86239,
        "Cod_Agrup": "1501",
        "DIRECCION": "SECTOR: EL SALADO DE PARAGUACHI. FRENTE CALLE LAS FLORES. REFERENCIA A 50 METROS DE LA CANCHA",
        "ELECTORES": 1654,
        "Estado_ID": "15",
        "MUNICIPIO": "MP.ANTOLIN DEL CAMPO",
        "PARROQUIA": "CM.LA PLAZA DE PARAGUACHI",
        "COD_CENTRO": "151001007",
        "Municipio_": "10",
        "Prrquia_ID": "01",
        "id": "votacion_187"
      }
    },
    {
      "type": "Feature",
      "geometry": {
        "type": "Point",
        "crs": {
          "type": "name",
          "properties": {
            "name": "EPSG:4326"
          }
        },
        "coordinates": [
          -63.84848999999999,
          11.11945
        ]
      },
      "properties": {
        "Zona": "01",
        "MESAS": 2,
        "CENTRO": "CENTRO DE EDUCACION INICIAL DOCTOR LUIS ORTEGA",
        "ESTADO": "EDO. NVA. ESPARTA",
        "ALTITUD": 61.3,
        "LATITUD": 11.11945,
        "LONGITUD": -63.84849,
        "Cod_Agrup": "1501",
        "DIRECCION": "SECTOR: PUERTO FERMIN. FRENTE CALLE BOLIVAR. IZQUIERDA CALLE LOS PINOS. REFERENCIA AL LADO DE LA FARMACIA EL TIRANO",
        "ELECTORES": 903,
        "Estado_ID": "15",
        "MUNICIPIO": "MP.ANTOLIN DEL CAMPO",
        "PARROQUIA": "CM.LA PLAZA DE PARAGUACHI",
        "COD_CENTRO": "151001013",
        "Municipio_": "10",
        "Prrquia_ID": "01",
        "id": "votacion_188"
      }
    },
    {
      "type": "Feature",
      "geometry": {
        "type": "Point",
        "crs": {
          "type": "name",
          "properties": {
            "name": "EPSG:4326"
          }
        },
        "coordinates": [
          -63.94132,
          10.94637
        ]
      },
      "properties": {
        "Zona": "02",
        "MESAS": 5,
        "CENTRO": "UNIDAD EDUCATIVA LUISA MERCEDES HERNANDEZ DE CARRILLO",
        "ESTADO": "EDO. NVA. ESPARTA",
        "ALTITUD": 12.5,
        "LATITUD": 10.94637,
        "LONGITUD": -63.94132,
        "Cod_Agrup": "1502",
        "DIRECCION": "SECTOR CRUZ DEL PASTEL FRENTE CALLE NARVAEZ FRENTE AL GALPON DE ALIMENTOS MERCAL EDIFICIO",
        "ELECTORES": 2383,
        "Estado_ID": "15",
        "MUNICIPIO": "MP. GARCIA",
        "PARROQUIA": "PQ. FRANCISCO FAJARDO",
        "COD_CENTRO": "151102005",
        "Municipio_": "11",
        "Prrquia_ID": "02",
        "id": "votacion_189"
      }
    },
    {
      "type": "Feature",
      "geometry": {
        "type": "Point",
        "crs": {
          "type": "name",
          "properties": {
            "name": "EPSG:4326"
          }
        },
        "coordinates": [
          -63.92387999999999,
          10.95355
        ]
      },
      "properties": {
        "Zona": "02",
        "MESAS": 2,
        "CENTRO": "UNIDAD EDUCATIVA LICEO BOLIVARIANO MAESTRA ARGELIA LAYA",
        "ESTADO": "EDO. NVA. ESPARTA",
        "ALTITUD": 54.7,
        "LATITUD": 10.95355,
        "LONGITUD": -63.92388,
        "Cod_Agrup": "1502",
        "DIRECCION": "URBANIZACIÓN VILLA ROSA DERECHA CALLE 5. IZQUIERDA CALLE 103. FRENTE CALLE 8 AL LADO DEL AMBULATORIO DE VILLA ROSA EDIFICIO",
        "ELECTORES": 1096,
        "Estado_ID": "15",
        "MUNICIPIO": "MP. GARCIA",
        "PARROQUIA": "PQ. FRANCISCO FAJARDO",
        "COD_CENTRO": "151102017",
        "Municipio_": "11",
        "Prrquia_ID": "02",
        "id": "votacion_190"
      }
    },
    {
      "type": "Feature",
      "geometry": {
        "type": "Point",
        "crs": {
          "type": "name",
          "properties": {
            "name": "EPSG:4326"
          }
        },
        "coordinates": [
          -64.31316,
          11.05761
        ]
      },
      "properties": {
        "Zona": "01",
        "MESAS": 1,
        "CENTRO": "UNIDAD EDUCATIVA JESUS EUFRACIO VALERIO MARIN",
        "ESTADO": "EDO. NVA. ESPARTA",
        "ALTITUD": 29.7,
        "LATITUD": 11.05761,
        "LONGITUD": -64.31316,
        "Cod_Agrup": "1501",
        "DIRECCION": "SECTOR: LA PARED. FRENTE CALLE PRINCIPAL. REFERENCIA FRENTE AL RESTAURANT LA PARED",
        "ELECTORES": 93,
        "Estado_ID": "15",
        "MUNICIPIO": "MP.PENIN. DE MACANAO",
        "PARROQUIA": "PQ. SAN FRANCISCO",
        "COD_CENTRO": "150702008",
        "Municipio_": "07",
        "Prrquia_ID": "02",
        "id": "votacion_191"
      }
    },
    {
      "type": "Feature",
      "geometry": {
        "type": "Point",
        "crs": {
          "type": "name",
          "properties": {
            "name": "EPSG:4326"
          }
        },
        "coordinates": [
          -63.940370043140426,
          10.725623773472647
        ]
      },
      "properties": {
        "Zona": "01",
        "MESAS": 2,
        "CENTRO": "UNIDAD EDUCATIVA BOLIVARIANA VICTOR MANUEL SALAZAR",
        "ESTADO": "EDO. NVA. ESPARTA",
        "ALTITUD": 18.2,
        "LATITUD": 10.74062,
        "LONGITUD": -63.9259,
        "Cod_Agrup": "1501",
        "DIRECCION": "CASERÍO: GUINIMA. FRENTE CALLE PRINCIPAL. REFERENCIA CERCA DEL CENTRO CULTURAL GUINIMA",
        "ELECTORES": 1032,
        "Estado_ID": "15",
        "MUNICIPIO": "MP.VILLALBA(I.COCHE)",
        "PARROQUIA": "PQ. VICENTE FUENTES",
        "COD_CENTRO": "150802001",
        "Municipio_": "08",
        "Prrquia_ID": "02",
        "id": "votacion_192"
      }
    },
    {
      "type": "Feature",
      "geometry": {
        "type": "Point",
        "crs": {
          "type": "name",
          "properties": {
            "name": "EPSG:4326"
          }
        },
        "coordinates": [
          -64.05079,
          10.93728
        ]
      },
      "properties": {
        "Zona": "01",
        "MESAS": 4,
        "CENTRO": "UNIDAD EDUCATIVA LICEO BOLIVARIANO LAS HERNÁNDEZ",
        "ESTADO": "EDO. NVA. ESPARTA",
        "ALTITUD": 35.4,
        "LATITUD": 10.93728,
        "LONGITUD": -64.05079,
        "Cod_Agrup": "1501",
        "DIRECCION": "SECTOR LAS HERNANDEZ FRENTE AVENIDA JUAN BAUTISTA ARISMENDI. IZQUIERDA CALLE SANTA TERESA PASARELA DE LAS HERNANDEZ EDIFICIO",
        "ELECTORES": 1801,
        "Estado_ID": "15",
        "MUNICIPIO": "MP. TUBORES",
        "PARROQUIA": "CM. PUNTA DE PIEDRAS",
        "COD_CENTRO": "150901006",
        "Municipio_": "09",
        "Prrquia_ID": "01",
        "id": "votacion_193"
      }
    },
    {
      "type": "Feature",
      "geometry": {
        "type": "Point",
        "crs": {
          "type": "name",
          "properties": {
            "name": "EPSG:4326"
          }
        },
        "coordinates": [
          -64.09991,
          10.94564
        ]
      },
      "properties": {
        "Zona": "01",
        "MESAS": 2,
        "CENTRO": "UNIDAD EDUCATIVA ESTADAL DON SIMON RODRIGUEZ",
        "ESTADO": "EDO. NVA. ESPARTA",
        "ALTITUD": 28.4,
        "LATITUD": 10.94564,
        "LONGITUD": -64.09991,
        "Cod_Agrup": "1501",
        "DIRECCION": "SECTOR: SANTA MARIA. FRENTE CALLE VIA LAGUNA DE RAYA. REFERENCIA AL LADO DEL CENTRO DE EDUCACION INICIAL DON SIMON",
        "ELECTORES": 901,
        "Estado_ID": "15",
        "MUNICIPIO": "MP. TUBORES",
        "PARROQUIA": "CM. PUNTA DE PIEDRAS",
        "COD_CENTRO": "150901008",
        "Municipio_": "09",
        "Prrquia_ID": "01",
        "id": "votacion_194"
      }
    },
    {
      "type": "Feature",
      "geometry": {
        "type": "Point",
        "crs": {
          "type": "name",
          "properties": {
            "name": "EPSG:4326"
          }
        },
        "coordinates": [
          -64.03544,
          10.91259
        ]
      },
      "properties": {
        "Zona": "01",
        "MESAS": 2,
        "CENTRO": "UNIDAD EDUCATIVA ESTADAL CONCENTRADA NUMERO 59",
        "ESTADO": "EDO. NVA. ESPARTA",
        "ALTITUD": 44.5,
        "LATITUD": 10.91259,
        "LONGITUD": -64.03544,
        "Cod_Agrup": "1501",
        "DIRECCION": "SECTOR: ORINOCO. FRENTE CALLE PRINCIPAL . REFERENCIA A 100 METROS DE LA ENTRADA A ORINOCO",
        "ELECTORES": 608,
        "Estado_ID": "15",
        "MUNICIPIO": "MP. TUBORES",
        "PARROQUIA": "PQ. LOS BARALES",
        "COD_CENTRO": "150902003",
        "Municipio_": "09",
        "Prrquia_ID": "02",
        "id": "votacion_195"
      }
    },
    {
      "type": "Feature",
      "geometry": {
        "type": "Point",
        "crs": {
          "type": "name",
          "properties": {
            "name": "EPSG:4326"
          }
        },
        "coordinates": [
          -64.10149,
          10.95415
        ]
      },
      "properties": {
        "Zona": "01",
        "MESAS": 1,
        "CENTRO": "STADIUM JOSE JESUS GOMEZ IBARRA",
        "ESTADO": "EDO. NVA. ESPARTA",
        "ALTITUD": 32.4,
        "LATITUD": 10.95415,
        "LONGITUD": -64.10149,
        "Cod_Agrup": "1501",
        "DIRECCION": "SECTOR SANTA MARIA DERECHA CALLE EL POZO. FRENTE CALLE LA SABANA CERCA DEL ANTIGUO MODULO POLICIAL EDIFICIO",
        "ELECTORES": 177,
        "Estado_ID": "15",
        "MUNICIPIO": "MP. TUBORES",
        "PARROQUIA": "CM. PUNTA DE PIEDRAS",
        "COD_CENTRO": "150901016",
        "Municipio_": "09",
        "Prrquia_ID": "01",
        "id": "votacion_196"
      }
    },
    {
      "type": "Feature",
      "geometry": {
        "type": "Point",
        "crs": {
          "type": "name",
          "properties": {
            "name": "EPSG:4326"
          }
        },
        "coordinates": [
          -63.86198,
          11.08323
        ]
      },
      "properties": {
        "Zona": "01",
        "MESAS": 1,
        "CENTRO": "CANCHA MULTIPLE JOSE GREGORIO AGUILERA",
        "ESTADO": "EDO. NVA. ESPARTA",
        "ALTITUD": 44.3,
        "LATITUD": 11.08323,
        "LONGITUD": -63.86198,
        "Cod_Agrup": "1501",
        "DIRECCION": "SECTOR EL SALADO DE PARAGUACHI IZQUIERDA CALLE LAS FLORES. FRENTE CALLE LA CRUZ AL LADO DE LA CAPILLA GALPÓN",
        "ELECTORES": 532,
        "Estado_ID": "15",
        "MUNICIPIO": "MP.ANTOLIN DEL CAMPO",
        "PARROQUIA": "CM.LA PLAZA DE PARAGUACHI",
        "COD_CENTRO": "151001014",
        "Municipio_": "10",
        "Prrquia_ID": "01",
        "id": "votacion_197"
      }
    },
    {
      "type": "Feature",
      "geometry": {
        "type": "Point",
        "crs": {
          "type": "name",
          "properties": {
            "name": "EPSG:4326"
          }
        },
        "coordinates": [
          -63.92738,
          10.89438
        ]
      },
      "properties": {
        "Zona": "02",
        "MESAS": 2,
        "CENTRO": "UNIDAD EDUCATIVA SANTIAGO MARIÑO",
        "ESTADO": "EDO. NVA. ESPARTA",
        "ALTITUD": 8.6,
        "LATITUD": 10.89438,
        "LONGITUD": -63.92738,
        "Cod_Agrup": "1502",
        "DIRECCION": "SECTOR LA ISLETA I DERECHA CALLE COVA. IZQUIERDA CALLE BICENTENARIO. FRENTE CALLE COROMOTO AL LADO DE LA MEDICATURA EDIFICIO",
        "ELECTORES": 1000,
        "Estado_ID": "15",
        "MUNICIPIO": "MP. GARCIA",
        "PARROQUIA": "PQ. FRANCISCO FAJARDO",
        "COD_CENTRO": "151102007",
        "Municipio_": "11",
        "Prrquia_ID": "02",
        "id": "votacion_198"
      }
    },
    {
      "type": "Feature",
      "geometry": {
        "type": "Point",
        "crs": {
          "type": "name",
          "properties": {
            "name": "EPSG:4326"
          }
        },
        "coordinates": [
          -63.93146,
          10.946150000000001
        ]
      },
      "properties": {
        "Zona": "02",
        "MESAS": 3,
        "CENTRO": "UNIDAD EDUCATIVA MARIA MONTESSORI",
        "ESTADO": "EDO. NVA. ESPARTA",
        "ALTITUD": 29.6,
        "LATITUD": 10.94615,
        "LONGITUD": -63.93146,
        "Cod_Agrup": "1502",
        "DIRECCION": "SECTOR: CONUCO VIEJO. FRENTE CALLE DON RAMON. REFERENCIA A 200 METROS DEL FESTEJO",
        "ELECTORES": 1254,
        "Estado_ID": "15",
        "MUNICIPIO": "MP. GARCIA",
        "PARROQUIA": "PQ. FRANCISCO FAJARDO",
        "COD_CENTRO": "151102013",
        "Municipio_": "11",
        "Prrquia_ID": "02",
        "id": "votacion_199"
      }
    },
    {
      "type": "Feature",
      "geometry": {
        "type": "Point",
        "crs": {
          "type": "name",
          "properties": {
            "name": "EPSG:4326"
          }
        },
        "coordinates": [
          -64.37728,
          11.006
        ]
      },
      "properties": {
        "Zona": "01",
        "MESAS": 2,
        "CENTRO": "CENTRO DE EDUCACION INICIAL DOCTOR HORACIO NELSON GARCIA MARIN",
        "ESTADO": "EDO. NVA. ESPARTA",
        "ALTITUD": 34.1,
        "LATITUD": 11.006,
        "LONGITUD": -64.37728,
        "Cod_Agrup": "1501",
        "DIRECCION": "SECTOR: EL CAMPO. FRENTE CALLE EL KINDER. IZQUIERDA CALLE PRINCIPAL. REFERENCIA FRENTE A LA ESTACION DE POLICIA",
        "ELECTORES": 823,
        "Estado_ID": "15",
        "MUNICIPIO": "MP.PENIN. DE MACANAO",
        "PARROQUIA": "PQ. SAN FRANCISCO",
        "COD_CENTRO": "150702009",
        "Municipio_": "07",
        "Prrquia_ID": "02",
        "id": "votacion_200"
      }
    },
    {
      "type": "Feature",
      "geometry": {
        "type": "Point",
        "crs": {
          "type": "name",
          "properties": {
            "name": "EPSG:4326"
          }
        },
        "coordinates": [
          -63.98443488242229,
          10.738747695819875
        ]
      },
      "properties": {
        "Zona": "01",
        "MESAS": 4,
        "CENTRO": "UNIDAD EDUCATIVA LICEO BOLIVARIANO NAPOLEÓN NARVÁEZ",
        "ESTADO": "EDO. NVA. ESPARTA",
        "ALTITUD": 26.3,
        "LATITUD": 10.77979,
        "LONGITUD": -63.99338,
        "Cod_Agrup": "1501",
        "DIRECCION": "SECTOR: URICA. FRENTE CALLE URICA. REFERENCIA A 200 METROS DEL MODULO POLICIAL",
        "ELECTORES": 1959,
        "Estado_ID": "15",
        "MUNICIPIO": "MP.VILLALBA(I.COCHE)",
        "PARROQUIA": "CM. SAN PEDRO DE COCHE",
        "COD_CENTRO": "150801002",
        "Municipio_": "08",
        "Prrquia_ID": "01",
        "id": "votacion_201"
      }
    },
    {
      "type": "Feature",
      "geometry": {
        "type": "Point",
        "crs": {
          "type": "name",
          "properties": {
            "name": "EPSG:4326"
          }
        },
        "coordinates": [
          -64.02779,
          10.94818
        ]
      },
      "properties": {
        "Zona": "01",
        "MESAS": 3,
        "CENTRO": "UNIDAD EDUCATIVA JOSEFINA ORTIZ",
        "ESTADO": "EDO. NVA. ESPARTA",
        "ALTITUD": 47.1,
        "LATITUD": 10.94818,
        "LONGITUD": -64.02779,
        "Cod_Agrup": "1501",
        "DIRECCION": "SECTOR LA GILES DERECHA CALLE PRINCIPAL. FRENTE CALLE PRINCIPAL AL LADO DEL AMBULATORIO JOSE ESPINOZA EDIFICIO",
        "ELECTORES": 1534,
        "Estado_ID": "15",
        "MUNICIPIO": "MP. TUBORES",
        "PARROQUIA": "CM. PUNTA DE PIEDRAS",
        "COD_CENTRO": "150901003",
        "Municipio_": "09",
        "Prrquia_ID": "01",
        "id": "votacion_202"
      }
    },
    {
      "type": "Feature",
      "geometry": {
        "type": "Point",
        "crs": {
          "type": "name",
          "properties": {
            "name": "EPSG:4326"
          }
        },
        "coordinates": [
          -64.04438,
          10.87745
        ]
      },
      "properties": {
        "Zona": "01",
        "MESAS": 1,
        "CENTRO": "UNIDAD EDUCATIVA CONCENTRADA NUMERO 25",
        "ESTADO": "EDO. NVA. ESPARTA",
        "ALTITUD": 26.5,
        "LATITUD": 10.87745,
        "LONGITUD": -64.04438,
        "Cod_Agrup": "1501",
        "DIRECCION": "SECTOR PUNTA DE MANGLE DERECHA CALLE DON ELOGIO. IZQUIERDA CALLE EL COLEGIO. FRENTE CALLE EMILANA VILLARROEL FRENTE A LA IGLESIA LA MEDALLA MILAGROSA EDIFICIO",
        "ELECTORES": 458,
        "Estado_ID": "15",
        "MUNICIPIO": "MP. TUBORES",
        "PARROQUIA": "PQ. LOS BARALES",
        "COD_CENTRO": "150902004",
        "Municipio_": "09",
        "Prrquia_ID": "02",
        "id": "votacion_203"
      }
    },
    {
      "type": "Feature",
      "geometry": {
        "type": "Point",
        "crs": {
          "type": "name",
          "properties": {
            "name": "EPSG:4326"
          }
        },
        "coordinates": [
          -63.884600000000006,
          11.09446
        ]
      },
      "properties": {
        "Zona": "01",
        "MESAS": 2,
        "CENTRO": "UNIDAD EDUCATIVA ESTADAL  JOSE RAFAEL MARCANO GIL",
        "ESTADO": "EDO. NVA. ESPARTA",
        "ALTITUD": 94.2,
        "LATITUD": 11.09446,
        "LONGITUD": -63.8846,
        "Cod_Agrup": "1501",
        "DIRECCION": "SECTOR LA RINCONADA FRENTE CALLE PRINCIPAL A 350 METROS DEL ESTADIUM DE BEISBOL EDIFICIO",
        "ELECTORES": 1014,
        "Estado_ID": "15",
        "MUNICIPIO": "MP.ANTOLIN DEL CAMPO",
        "PARROQUIA": "CM.LA PLAZA DE PARAGUACHI",
        "COD_CENTRO": "151001009",
        "Municipio_": "10",
        "Prrquia_ID": "01",
        "id": "votacion_204"
      }
    },
    {
      "type": "Feature",
      "geometry": {
        "type": "Point",
        "crs": {
          "type": "name",
          "properties": {
            "name": "EPSG:4326"
          }
        },
        "coordinates": [
          -63.883359999999996,
          10.98365
        ]
      },
      "properties": {
        "Zona": "02",
        "MESAS": 2,
        "CENTRO": "CASA DE LA CULTURA VALLE DE LA MARGARITA",
        "ESTADO": "EDO. NVA. ESPARTA",
        "ALTITUD": 93.1,
        "LATITUD": 10.98365,
        "LONGITUD": -63.88336,
        "Cod_Agrup": "1502",
        "DIRECCION": "SECTOR: EL VALLE DEL ESPIRITU SANTO. FRENTE AVENIDA CONCEPCION MARINO. IZQUIERDA CALLE EL CEMENTERIO. REFERENCIA FRENTE A LA PLAZA MARINO",
        "ELECTORES": 644,
        "Estado_ID": "15",
        "MUNICIPIO": "MP. GARCIA",
        "PARROQUIA": "CM. VALLE ESP SANTO",
        "COD_CENTRO": "151101005",
        "Municipio_": "11",
        "Prrquia_ID": "01",
        "id": "votacion_205"
      }
    },
    {
      "type": "Feature",
      "geometry": {
        "type": "Point",
        "crs": {
          "type": "name",
          "properties": {
            "name": "EPSG:4326"
          }
        },
        "coordinates": [
          -63.871640000000006,
          11.13891
        ]
      },
      "properties": {
        "Zona": "01",
        "MESAS": 3,
        "CENTRO": "UNIDAD EDUCATIVA ESTADAL ELVIRA JOSEFINA DE RODRIGUEZ",
        "ESTADO": "EDO. NVA. ESPARTA",
        "ALTITUD": 56.5,
        "LATITUD": 11.13891,
        "LONGITUD": -63.87164,
        "Cod_Agrup": "1501",
        "DIRECCION": "SECTOR LA MIRA FRENTE CALLE LA ESCUELA CERCA DEL ABASTO ROYALTY EDIFICIO",
        "ELECTORES": 1612,
        "Estado_ID": "15",
        "MUNICIPIO": "MP.ANTOLIN DEL CAMPO",
        "PARROQUIA": "CM.LA PLAZA DE PARAGUACHI",
        "COD_CENTRO": "151001011",
        "Municipio_": "10",
        "Prrquia_ID": "01",
        "id": "votacion_206"
      }
    },
    {
      "type": "Feature",
      "geometry": {
        "type": "Point",
        "crs": {
          "type": "name",
          "properties": {
            "name": "EPSG:4326"
          }
        },
        "coordinates": [
          -63.907300000000006,
          10.93936
        ]
      },
      "properties": {
        "Zona": "02",
        "MESAS": 2,
        "CENTRO": "UNIDAD EDUCATIVA BOLIVARIANA MANUELA SAENZ",
        "ESTADO": "EDO. NVA. ESPARTA",
        "ALTITUD": 32.6,
        "LATITUD": 10.93936,
        "LONGITUD": -63.9073,
        "Cod_Agrup": "1502",
        "DIRECCION": "URBANIZACIÓN: DONA ELISA. FRENTE CALLE EL OLIVO. IZQUIERDA CALLEJÓN CALLE CIEGA. REFERENCIA CERCA DE LA URBANIZACION LAS MARITES",
        "ELECTORES": 640,
        "Estado_ID": "15",
        "MUNICIPIO": "MP. GARCIA",
        "PARROQUIA": "PQ. FRANCISCO FAJARDO",
        "COD_CENTRO": "151102016",
        "Municipio_": "11",
        "Prrquia_ID": "02",
        "id": "votacion_207"
      }
    },
    {
      "type": "Feature",
      "geometry": {
        "type": "Point",
        "crs": {
          "type": "name",
          "properties": {
            "name": "EPSG:4326"
          }
        },
        "coordinates": [
          -64.10312,
          10.90046
        ]
      },
      "properties": {
        "Zona": "01",
        "MESAS": 3,
        "CENTRO": "CENTRO DE EDUCACIÓN INICIAL TIO CONEJO",
        "ESTADO": "EDO. NVA. ESPARTA",
        "ALTITUD": 11.4,
        "LATITUD": 10.90046,
        "LONGITUD": -64.10312,
        "Cod_Agrup": "1501",
        "DIRECCION": "SECTOR PUNTA DE PIEDRAS FRENTE CALLE COLON AL LADO DEL ESTADIO MUNICIPAL DE PUNTA DE PIEDRAS EDIFICIO",
        "ELECTORES": 1727,
        "Estado_ID": "15",
        "MUNICIPIO": "MP. TUBORES",
        "PARROQUIA": "CM. PUNTA DE PIEDRAS",
        "COD_CENTRO": "150901002",
        "Municipio_": "09",
        "Prrquia_ID": "01",
        "id": "votacion_208"
      }
    },
    {
      "type": "Feature",
      "geometry": {
        "type": "Point",
        "crs": {
          "type": "name",
          "properties": {
            "name": "EPSG:4326"
          }
        },
        "coordinates": [
          -64.03268,
          10.95748
        ]
      },
      "properties": {
        "Zona": "01",
        "MESAS": 1,
        "CENTRO": "CENTRO DE EDUCACION INICIAL SIMONCITO GUAYACAN DEL NORTE",
        "ESTADO": "EDO. NVA. ESPARTA",
        "ALTITUD": 12.8,
        "LATITUD": 10.95748,
        "LONGITUD": -64.03268,
        "Cod_Agrup": "1501",
        "DIRECCION": "SECTOR: GUAYACAN DEL NORTE. FRENTE CARRETERA VIEJA. REFERENCIA INTERSECCION ENTRE LA AVENIDA JUAN BAUTISTA ARISMENDI Y CARRETERA VIEJA VIA LA GUARDIA",
        "ELECTORES": 427,
        "Estado_ID": "15",
        "MUNICIPIO": "MP. TUBORES",
        "PARROQUIA": "CM. PUNTA DE PIEDRAS",
        "COD_CENTRO": "150901015",
        "Municipio_": "09",
        "Prrquia_ID": "01",
        "id": "votacion_209"
      }
    },
    {
      "type": "Feature",
      "geometry": {
        "type": "Point",
        "crs": {
          "type": "name",
          "properties": {
            "name": "EPSG:4326"
          }
        },
        "coordinates": [
          -64.08745,
          10.90259
        ]
      },
      "properties": {
        "Zona": "01",
        "MESAS": 2,
        "CENTRO": "INSTITUTO EDUCACIÓN ESPECIAL LAS HERNÁNDEZ",
        "ESTADO": "EDO. NVA. ESPARTA",
        "ALTITUD": 7.1,
        "LATITUD": 10.90259,
        "LONGITUD": -64.08745,
        "Cod_Agrup": "1501",
        "DIRECCION": "SECTOR: LAS MERCEDES. FRENTE CALLE NUEVA. REFERENCIA A 100 METROS DEL HOSPITAL DE LAS MERCEDES",
        "ELECTORES": 1102,
        "Estado_ID": "15",
        "MUNICIPIO": "MP. TUBORES",
        "PARROQUIA": "CM. PUNTA DE PIEDRAS",
        "COD_CENTRO": "150901005",
        "Municipio_": "09",
        "Prrquia_ID": "01",
        "id": "votacion_210"
      }
    },
    {
      "type": "Feature",
      "geometry": {
        "type": "Point",
        "crs": {
          "type": "name",
          "properties": {
            "name": "EPSG:4326"
          }
        },
        "coordinates": [
          -63.86063000000001,
          11.10697
        ]
      },
      "properties": {
        "Zona": "01",
        "MESAS": 2,
        "CENTRO": "UNIDAD EDUCATIVA RURAL NUMERO 29",
        "ESTADO": "EDO. NVA. ESPARTA",
        "ALTITUD": 60.4,
        "LATITUD": 11.10697,
        "LONGITUD": -63.86063,
        "Cod_Agrup": "1501",
        "DIRECCION": "SECTOR: LOMA DE GUERRA. FRENTE CALLE JUAN BAUTISTA ARISMENDI. DERECHA CALLE EL MOLINO. REFERENCIA A 200 METROS DEL CENTRO COMERCIAL LA PLAZA",
        "ELECTORES": 1038,
        "Estado_ID": "15",
        "MUNICIPIO": "MP.ANTOLIN DEL CAMPO",
        "PARROQUIA": "CM.LA PLAZA DE PARAGUACHI",
        "COD_CENTRO": "151001002",
        "Municipio_": "10",
        "Prrquia_ID": "01",
        "id": "votacion_211"
      }
    },
    {
      "type": "Feature",
      "geometry": {
        "type": "Point",
        "crs": {
          "type": "name",
          "properties": {
            "name": "EPSG:4326"
          }
        },
        "coordinates": [
          -63.84696,
          11.10317
        ]
      },
      "properties": {
        "Zona": "01",
        "MESAS": 3,
        "CENTRO": "UNIDAD EDUCATIVA ESTADAL AMADA FERMIN DE HERNANDEZ",
        "ESTADO": "EDO. NVA. ESPARTA",
        "ALTITUD": 1,
        "LATITUD": 11.10317,
        "LONGITUD": -63.84696,
        "Cod_Agrup": "1501",
        "DIRECCION": "SECTOR EL CARDON DERECHA CALLE EL ALTO ROSA. FRENTE CALLE PRINCIPAL FRENTE A LA CANCHA MULTIPLE EDIFICIO",
        "ELECTORES": 1407,
        "Estado_ID": "15",
        "MUNICIPIO": "MP.ANTOLIN DEL CAMPO",
        "PARROQUIA": "CM.LA PLAZA DE PARAGUACHI",
        "COD_CENTRO": "151001008",
        "Municipio_": "10",
        "Prrquia_ID": "01",
        "id": "votacion_212"
      }
    },
    {
      "type": "Feature",
      "geometry": {
        "type": "Point",
        "crs": {
          "type": "name",
          "properties": {
            "name": "EPSG:4326"
          }
        },
        "coordinates": [
          -63.94982999999999,
          10.94531
        ]
      },
      "properties": {
        "Zona": "02",
        "MESAS": 4,
        "CENTRO": "CENTRO DE EDUCACION INICIAL SANTIAGO MARINO",
        "ESTADO": "EDO. NVA. ESPARTA",
        "ALTITUD": 26.9,
        "LATITUD": 10.94531,
        "LONGITUD": -63.94983,
        "Cod_Agrup": "1502",
        "DIRECCION": "URBANIZACIÓN VALLE VERDE IZQUIERDA AVENIDA CRUZ DEL PASTEL. FRENTE AVENIDA PRINCIPAL VALLE VERDE FRENTE AL BLOQUE 4 DE LA URBANIZACION VALLE VERDE EDIFICIO",
        "ELECTORES": 2309,
        "Estado_ID": "15",
        "MUNICIPIO": "MP. GARCIA",
        "PARROQUIA": "PQ. FRANCISCO FAJARDO",
        "COD_CENTRO": "151102003",
        "Municipio_": "11",
        "Prrquia_ID": "02",
        "id": "votacion_213"
      }
    },
    {
      "type": "Feature",
      "geometry": {
        "type": "Point",
        "crs": {
          "type": "name",
          "properties": {
            "name": "EPSG:4326"
          }
        },
        "coordinates": [
          -63.919790000000006,
          10.96251
        ]
      },
      "properties": {
        "Zona": "02",
        "MESAS": 4,
        "CENTRO": "CENTRO DE EDUCACIÓN INICIAL SIMONCITO SAN ANTONIO",
        "ESTADO": "EDO. NVA. ESPARTA",
        "ALTITUD": 51.2,
        "LATITUD": 10.96251,
        "LONGITUD": -63.91979,
        "Cod_Agrup": "1502",
        "DIRECCION": "URBANIZACIÓN: DOCTOR PEDRO LUIS BRICENO. FRENTE CALLE PRINCIPAL. IZQUIERDA VEREDA 8. DERECHA VEREDA 3. REFERENCIA AL LADO DE LA CAPILLA",
        "ELECTORES": 2065,
        "Estado_ID": "15",
        "MUNICIPIO": "MP. GARCIA",
        "PARROQUIA": "PQ. FRANCISCO FAJARDO",
        "COD_CENTRO": "151102010",
        "Municipio_": "11",
        "Prrquia_ID": "02",
        "id": "votacion_214"
      }
    },
    {
      "type": "Feature",
      "geometry": {
        "type": "Point",
        "crs": {
          "type": "name",
          "properties": {
            "name": "EPSG:4326"
          }
        },
        "coordinates": [
          -63.91811,
          10.96385
        ]
      },
      "properties": {
        "Zona": "02",
        "MESAS": 1,
        "CENTRO": "CASA INTEGRAL DE PEDRO LUIS BRICENO",
        "ESTADO": "EDO. NVA. ESPARTA",
        "ALTITUD": 56,
        "LATITUD": 10.96385,
        "LONGITUD": -63.91811,
        "Cod_Agrup": "1502",
        "DIRECCION": "URBANIZACIÓN PEDRO LUIS BRICENO IZQUIERDA CALLE PRINCIPAL. FRENTE CALLE SIN NOMBRE A 200 METROS DEL STADIUM",
        "ELECTORES": 123,
        "Estado_ID": "15",
        "MUNICIPIO": "MP. GARCIA",
        "PARROQUIA": "PQ. FRANCISCO FAJARDO",
        "COD_CENTRO": "151102021",
        "Municipio_": "11",
        "Prrquia_ID": "02",
        "id": "votacion_215"
      }
    },
    {
      "type": "Feature",
      "geometry": {
        "type": "Point",
        "crs": {
          "type": "name",
          "properties": {
            "name": "EPSG:4326"
          }
        },
        "coordinates": [
          -64.0799,
          10.91498
        ]
      },
      "properties": {
        "Zona": "01",
        "MESAS": 4,
        "CENTRO": "UNIDAD EDUCATIVA BOLIVARIANA MAESTRA TRINA GUERRA DE GUERRA",
        "ESTADO": "EDO. NVA. ESPARTA",
        "ALTITUD": 15,
        "LATITUD": 10.91498,
        "LONGITUD": -64.0799,
        "Cod_Agrup": "1501",
        "DIRECCION": "URBANIZACIÓN: LA BLANQUILLA. FRENTE CALLE 2. DERECHA CALLE PRINCIPAL. REFERENCIA A 200 METROS CRUCE A LA BLANQUILLA",
        "ELECTORES": 1858,
        "Estado_ID": "15",
        "MUNICIPIO": "MP. TUBORES",
        "PARROQUIA": "CM. PUNTA DE PIEDRAS",
        "COD_CENTRO": "150901012",
        "Municipio_": "09",
        "Prrquia_ID": "01",
        "id": "votacion_216"
      }
    },
    {
      "type": "Feature",
      "geometry": {
        "type": "Point",
        "crs": {
          "type": "name",
          "properties": {
            "name": "EPSG:4326"
          }
        },
        "coordinates": [
          -64.05435,
          10.93715
        ]
      },
      "properties": {
        "Zona": "01",
        "MESAS": 1,
        "CENTRO": "SIMONCITO NUMERO 25 LA REDOMA, LAS HERNANDEZ",
        "ESTADO": "EDO. NVA. ESPARTA",
        "ALTITUD": 83.6,
        "LATITUD": 10.93715,
        "LONGITUD": -64.05435,
        "Cod_Agrup": "1501",
        "DIRECCION": "SECTOR LAS HERNANDEZ DERECHA CALLE PRINCIPAL LAS HERNANDEZ. FRENTE CALLE EL CEMENTERIO FRENTE AL CENTRO  DE CONEXIONES",
        "ELECTORES": 201,
        "Estado_ID": "15",
        "MUNICIPIO": "MP. TUBORES",
        "PARROQUIA": "CM. PUNTA DE PIEDRAS",
        "COD_CENTRO": "150901017",
        "Municipio_": "09",
        "Prrquia_ID": "01",
        "id": "votacion_217"
      }
    },
    {
      "type": "Feature",
      "geometry": {
        "type": "Point",
        "crs": {
          "type": "name",
          "properties": {
            "name": "EPSG:4326"
          }
        },
        "coordinates": [
          -63.86213,
          11.09463
        ]
      },
      "properties": {
        "Zona": "01",
        "MESAS": 4,
        "CENTRO": "UNIDAD EDUCATIVA BOLIVARIANA ANTOLIN DEL CAMPO",
        "ESTADO": "EDO. NVA. ESPARTA",
        "ALTITUD": 30,
        "LATITUD": 11.09463,
        "LONGITUD": -63.86213,
        "Cod_Agrup": "1501",
        "DIRECCION": "SECTOR PLAZA DE PARAGUACHI FRENTE AVENIDA 31 DE JULIO FRENTE AL CEMENTERIO PARAGUACHI EDIFICIO",
        "ELECTORES": 2266,
        "Estado_ID": "15",
        "MUNICIPIO": "MP.ANTOLIN DEL CAMPO",
        "PARROQUIA": "CM.LA PLAZA DE PARAGUACHI",
        "COD_CENTRO": "151001001",
        "Municipio_": "10",
        "Prrquia_ID": "01",
        "id": "votacion_218"
      }
    },
    {
      "type": "Feature",
      "geometry": {
        "type": "Point",
        "crs": {
          "type": "name",
          "properties": {
            "name": "EPSG:4326"
          }
        },
        "coordinates": [
          -63.91750999999999,
          10.95785
        ]
      },
      "properties": {
        "Zona": "02",
        "MESAS": 6,
        "CENTRO": "UNIDAD EDUCATIVA ESTADAL MARIA ELVIRA DE FIGUEROA",
        "ESTADO": "EDO. NVA. ESPARTA",
        "ALTITUD": 16.2,
        "LATITUD": 10.95785,
        "LONGITUD": -63.91751,
        "Cod_Agrup": "1502",
        "DIRECCION": "SECTOR: SAN ANTONIO. FRENTE CALLE EL GRUPO. REFERENCIA AL LADO DEL CENTRO DE EDUCACION INICIAL MARIA ELVIRA DE FIGUEROA",
        "ELECTORES": 3166,
        "Estado_ID": "15",
        "MUNICIPIO": "MP. GARCIA",
        "PARROQUIA": "PQ. FRANCISCO FAJARDO",
        "COD_CENTRO": "151102001",
        "Municipio_": "11",
        "Prrquia_ID": "02",
        "id": "votacion_219"
      }
    },
    {
      "type": "Feature",
      "geometry": {
        "type": "Point",
        "crs": {
          "type": "name",
          "properties": {
            "name": "EPSG:4326"
          }
        },
        "coordinates": [
          -63.91755,
          10.95746
        ]
      },
      "properties": {
        "Zona": "02",
        "MESAS": 2,
        "CENTRO": "CENTRO DE EDUCACION INICIAL  MARIA ELVIRA DE FIGUEROA",
        "ESTADO": "EDO. NVA. ESPARTA",
        "ALTITUD": 27.3,
        "LATITUD": 10.95746,
        "LONGITUD": -63.91755,
        "Cod_Agrup": "1502",
        "DIRECCION": "SECTOR: SAN ANTONIO. FRENTE CALLE EL GRUPO. IZQUIERDA CALLE VIEJA. REFERENCIA AL LADO DE LA CANCHA TECHADA",
        "ELECTORES": 1021,
        "Estado_ID": "15",
        "MUNICIPIO": "MP. GARCIA",
        "PARROQUIA": "PQ. FRANCISCO FAJARDO",
        "COD_CENTRO": "151102011",
        "Municipio_": "11",
        "Prrquia_ID": "02",
        "id": "votacion_220"
      }
    },
    {
      "type": "Feature",
      "geometry": {
        "type": "Point",
        "crs": {
          "type": "name",
          "properties": {
            "name": "EPSG:4326"
          }
        },
        "coordinates": [
          -63.92547999999999,
          10.9493
        ]
      },
      "properties": {
        "Zona": "02",
        "MESAS": 2,
        "CENTRO": "CENTRO DE EDUCACIÓN INICIAL SIMONCITO SIMÓN BOLÍVAR",
        "ESTADO": "EDO. NVA. ESPARTA",
        "ALTITUD": 15.8,
        "LATITUD": 10.9493,
        "LONGITUD": -63.92548,
        "Cod_Agrup": "1502",
        "DIRECCION": "URBANIZACIÓN: VILLA ROSA. IZQUIERDA VEREDA 16. DERECHA VEREDA 16. REFERENCIA FRENTE AL BLOQUE 6",
        "ELECTORES": 958,
        "Estado_ID": "15",
        "MUNICIPIO": "MP. GARCIA",
        "PARROQUIA": "PQ. FRANCISCO FAJARDO",
        "COD_CENTRO": "151102008",
        "Municipio_": "11",
        "Prrquia_ID": "02",
        "id": "votacion_221"
      }
    },
    {
      "type": "Feature",
      "geometry": {
        "type": "Point",
        "crs": {
          "type": "name",
          "properties": {
            "name": "EPSG:4326"
          }
        },
        "coordinates": [
          -63.92793,
          10.96487
        ]
      },
      "properties": {
        "Zona": "02",
        "MESAS": 3,
        "CENTRO": "CENTRO DE EDUCACION INICIAL SIMONCITO CONCEPCION MARIÑO",
        "ESTADO": "EDO. NVA. ESPARTA",
        "ALTITUD": 79.2,
        "LATITUD": 10.96487,
        "LONGITUD": -63.92793,
        "Cod_Agrup": "1502",
        "DIRECCION": "URBANIZACIÓN: VILLAS SAN ANTONIO. FRENTE CALLE NUMERO 16. DERECHA CALLE PRINCIPAL VILLAS SAN ANTONIO. REFERENCIA DESPUES DEL AMBULATORIO EL PRIMER CRUCE A MANO IZQUIERDA",
        "ELECTORES": 1635,
        "Estado_ID": "15",
        "MUNICIPIO": "MP. GARCIA",
        "PARROQUIA": "PQ. FRANCISCO FAJARDO",
        "COD_CENTRO": "151102015",
        "Municipio_": "11",
        "Prrquia_ID": "02",
        "id": "votacion_222"
      }
    },
    {
      "type": "Feature",
      "geometry": {
        "type": "Point",
        "crs": {
          "type": "name",
          "properties": {
            "name": "EPSG:4326"
          }
        },
        "coordinates": [
          -63.8574,
          11.07536
        ]
      },
      "properties": {
        "Zona": "01",
        "MESAS": 3,
        "CENTRO": "UNIDAD EDUCATIVA BOLIVARIANA BACHILLER LUIS NAVARRO RIVAS",
        "ESTADO": "EDO. NVA. ESPARTA",
        "ALTITUD": 64.1,
        "LATITUD": 11.07536,
        "LONGITUD": -63.8574,
        "Cod_Agrup": "1501",
        "DIRECCION": "SECTOR LA FUENTE FRENTE CALLE PRINCIPAL A 30 METROS DEL CONUCO DEL ABUELO EDIFICIO",
        "ELECTORES": 1547,
        "Estado_ID": "15",
        "MUNICIPIO": "MP.ANTOLIN DEL CAMPO",
        "PARROQUIA": "CM.LA PLAZA DE PARAGUACHI",
        "COD_CENTRO": "151001005",
        "Municipio_": "10",
        "Prrquia_ID": "01",
        "id": "votacion_223"
      }
    },
    {
      "type": "Feature",
      "geometry": {
        "type": "Point",
        "crs": {
          "type": "name",
          "properties": {
            "name": "EPSG:4326"
          }
        },
        "coordinates": [
          -63.86762,
          10.97546
        ]
      },
      "properties": {
        "Zona": "02",
        "MESAS": 6,
        "CENTRO": "UNIDAD EDUCATIVA COLEGIO AMERICO VESPUCIO",
        "ESTADO": "EDO. NVA. ESPARTA",
        "ALTITUD": 48.3,
        "LATITUD": 10.97546,
        "LONGITUD": -63.86762,
        "Cod_Agrup": "1502",
        "DIRECCION": "SECTOR: EL TOPORO. FRENTE AVENIDA CONCEPCION MARINO. REFERENCIA AL LADO DEL REGISTRO PRINCIPAL DEL VALLE DEL ESPIRITU SANTO",
        "ELECTORES": 2946,
        "Estado_ID": "15",
        "MUNICIPIO": "MP. GARCIA",
        "PARROQUIA": "CM. VALLE ESP SANTO",
        "COD_CENTRO": "151101004",
        "Municipio_": "11",
        "Prrquia_ID": "01",
        "id": "votacion_224"
      }
    },
    {
      "type": "Feature",
      "geometry": {
        "type": "Point",
        "crs": {
          "type": "name",
          "properties": {
            "name": "EPSG:4326"
          }
        },
        "coordinates": [
          -63.91529,
          10.94847
        ]
      },
      "properties": {
        "Zona": "02",
        "MESAS": 2,
        "CENTRO": "CENTRO PENITENCIARIO REGIÓN INSULAR",
        "ESTADO": "EDO. NVA. ESPARTA",
        "ALTITUD": 17.5,
        "LATITUD": 10.94847,
        "LONGITUD": -63.91529,
        "Cod_Agrup": "1502",
        "DIRECCION": "SECTOR SAN ANTONIO FRENTE AVENIDA JUAN BAUTISTA ARISMENDI AL LADO DE PDVSA GAS EDIFICIO",
        "ELECTORES": 1007,
        "Estado_ID": "15",
        "MUNICIPIO": "MP. GARCIA",
        "PARROQUIA": "PQ. FRANCISCO FAJARDO",
        "COD_CENTRO": "151102009",
        "Municipio_": "11",
        "Prrquia_ID": "02",
        "id": "votacion_225"
      }
    },
    {
      "type": "Feature",
      "geometry": {
        "type": "Point",
        "crs": {
          "type": "name",
          "properties": {
            "name": "EPSG:4326"
          }
        },
        "coordinates": [
          -63.92481000000001,
          10.95021
        ]
      },
      "properties": {
        "Zona": "02",
        "MESAS": 1,
        "CENTRO": "UNIDAD EDUCATIVA INSTITUTO EDUCACIONAL ABC",
        "ESTADO": "EDO. NVA. ESPARTA",
        "ALTITUD": 33.5,
        "LATITUD": 10.95021,
        "LONGITUD": -63.92481,
        "Cod_Agrup": "1502",
        "DIRECCION": "URBANIZACIÓN: VILLA ROSA. FRENTE CALLE NUMERO 5. REFERENCIA PRIMER ESTACIONAMIENTO DE LA CALLE NUMERO 5",
        "ELECTORES": 443,
        "Estado_ID": "15",
        "MUNICIPIO": "MP. GARCIA",
        "PARROQUIA": "PQ. FRANCISCO FAJARDO",
        "COD_CENTRO": "151102014",
        "Municipio_": "11",
        "Prrquia_ID": "02",
        "id": "votacion_226"
      }
    },
    {
      "type": "Feature",
      "geometry": {
        "type": "Point",
        "crs": {
          "type": "name",
          "properties": {
            "name": "EPSG:4326"
          }
        },
        "coordinates": [
          -63.92642,
          10.95383
        ]
      },
      "properties": {
        "Zona": "02",
        "MESAS": 4,
        "CENTRO": "CENTRO DE EDUCACIÓN INICIAL LUISA CÁCERES DE ARISMENDI",
        "ESTADO": "EDO. NVA. ESPARTA",
        "ALTITUD": 41.9,
        "LATITUD": 10.95383,
        "LONGITUD": -63.92642,
        "Cod_Agrup": "1502",
        "DIRECCION": "URBANIZACIÓN: VILLA ROSA. FRENTE CALLE NUMERO 23. IZQUIERDA CALLE ESTACIONAMIENTO CALLE NUMERO 23. REFERENCIA A UNA CUADRA DE LA ESCUELA BASICA VILLA ROSA",
        "ELECTORES": 2074,
        "Estado_ID": "15",
        "MUNICIPIO": "MP. GARCIA",
        "PARROQUIA": "PQ. FRANCISCO FAJARDO",
        "COD_CENTRO": "151102006",
        "Municipio_": "11",
        "Prrquia_ID": "02",
        "id": "votacion_227"
      }
    },
    {
      "type": "Feature",
      "geometry": {
        "type": "Point",
        "crs": {
          "type": "name",
          "properties": {
            "name": "EPSG:4326"
          }
        },
        "coordinates": [
          -63.9538,
          10.94749
        ]
      },
      "properties": {
        "Zona": "02",
        "MESAS": 1,
        "CENTRO": "MISION BARRIO ADENTRO I LA CAPILLA",
        "ESTADO": "EDO. NVA. ESPARTA",
        "ALTITUD": 24.9,
        "LATITUD": 10.94749,
        "LONGITUD": -63.9538,
        "Cod_Agrup": "1502",
        "DIRECCION": "SECTOR LA CAPILLA IZQUIERDA CALLE PRINCIPAL. FRENTE CALLE SUCRE A 20 METROS DE LA CAPILLA",
        "ELECTORES": 539,
        "Estado_ID": "15",
        "MUNICIPIO": "MP. GARCIA",
        "PARROQUIA": "PQ. FRANCISCO FAJARDO",
        "COD_CENTRO": "151102020",
        "Municipio_": "11",
        "Prrquia_ID": "02",
        "id": "votacion_228"
      }
    },
    {
      "type": "Feature",
      "geometry": {
        "type": "Point",
        "crs": {
          "type": "name",
          "properties": {
            "name": "EPSG:4326"
          }
        },
        "coordinates": [
          -63.91788,
          10.96384
        ]
      },
      "properties": {
        "Zona": "02",
        "MESAS": 1,
        "CENTRO": "MISION BARRIO ADENTRO L URBANIZACION PEDRO LUIS BRICENO",
        "ESTADO": "EDO. NVA. ESPARTA",
        "ALTITUD": 53.1,
        "LATITUD": 10.96384,
        "LONGITUD": -63.91788,
        "Cod_Agrup": "1502",
        "DIRECCION": "URBANIZACIÓN PEDRO LUIS BRICENO FRENTE CALLE PRINCIPAL. DERECHA VEREDA 41 FRENTE AL MODULO POLICIAL",
        "ELECTORES": 480,
        "Estado_ID": "15",
        "MUNICIPIO": "MP. GARCIA",
        "PARROQUIA": "PQ. FRANCISCO FAJARDO",
        "COD_CENTRO": "151102019",
        "Municipio_": "11",
        "Prrquia_ID": "02",
        "id": "votacion_229"
      }
    }
  ]
}